A5r,A8l,A3r,A7r,A6r,A4l,A5l,A3l,A7l,A6l,A4r,A8r,A2l,A2r
0.05482074153185734,0.05482074153185734,0.05482074153185734,0.05482074153185734,0.05482074153185734,0.05482074153185734,0.05482074153185734,0.05482074153185734,0.05482074153185734,0.05482074153185734,0.05482074153185734,0.05482074153185734,0.05482074153185734,0.05482074153185734
0.05447442482942158,0.05447442482942158,0.05447442482942158,0.05447442482942158,0.05447442482942158,0.05447442482942158,0.05447442482942158,0.05447442482942158,0.05447442482942158,0.05447442482942158,0.05447442482942158,0.05447442482942158,0.05447442482942158,0.05447442482942158
0.052510502949778326,0.052510502949778326,0.052510502949778326,0.052510502949778326,0.052510502949778326,0.052510502949778326,0.052510502949778326,0.052510502949778326,0.052510502949778326,0.052510502949778326,0.052510502949778326,0.052510502949778326,0.052510502949778326,0.052510502949778326
0.05034962405960185,0.05034962405960185,0.05034962405960185,0.05034962405960185,0.05034962405960185,0.05034962405960185,0.05034962405960185,0.05034962405960185,0.05034962405960185,0.05034962405960185,0.05034962405960185,0.05034962405960185,0.05034962405960185,0.05034962405960185
0.04940516377958164,0.04940516377958164,0.04940516377958164,0.04940516377958164,0.04940516377958164,0.04940516377958164,0.04940516377958164,0.04940516377958164,0.04940516377958164,0.04940516377958164,0.04940516377958164,0.04940516377958164,0.04940516377958164,0.04940516377958164
0.04876990911641859,0.04876990911641859,0.04876990911641859,0.04876990911641859,0.04876990911641859,0.04876990911641859,0.04876990911641859,0.04876990911641859,0.04876990911641859,0.04876990911641859,0.04876990911641859,0.04876990911641859,0.04876990911641859,0.04876990911641859
0.048169698302650055,0.048169698302650055,0.048169698302650055,0.048169698302650055,0.048169698302650055,0.048169698302650055,0.048169698302650055,0.048169698302650055,0.048169698302650055,0.048169698302650055,0.048169698302650055,0.048169698302650055,0.048169698302650055,0.048169698302650055
0.04763738686608292,0.04763738686608292,0.04763738686608292,0.04763738686608292,0.04763738686608292,0.04763738686608292,0.04763738686608292,0.04763738686608292,0.04763738686608292,0.04763738686608292,0.04763738686608292,0.04763738686608292,0.04763738686608292,0.04763738686608292
0.04732776862349541,0.04732776862349541,0.04732776862349541,0.04732776862349541,0.04732776862349541,0.04732776862349541,0.04732776862349541,0.04732776862349541,0.04732776862349541,0.04732776862349541,0.04732776862349541,0.04732776862349541,0.04732776862349541,0.04732776862349541
0.04616299499473063,0.04616299499473063,0.04616299499473063,0.04616299499473063,0.04616299499473063,0.04616299499473063,0.04616299499473063,0.04616299499473063,0.04616299499473063,0.04616299499473063,0.04616299499473063,0.04616299499473063,0.04616299499473063,0.04616299499473063
0.04462874082895505,0.04462874082895505,0.04462874082895505,0.04462874082895505,0.04462874082895505,0.04462874082895505,0.04462874082895505,0.04462874082895505,0.04462874082895505,0.04462874082895505,0.04462874082895505,0.04462874082895505,0.04462874082895505,0.04462874082895505
0.04158202695074238,0.04158202695074238,0.04158202695074238,0.04158202695074238,0.04158202695074238,0.04158202695074238,0.04158202695074238,0.04158202695074238,0.04158202695074238,0.04158202695074238,0.04158202695074238,0.04158202695074238,0.04158202695074238,0.04158202695074238
0.03824433710291881,0.03824433710291881,0.03824433710291881,0.03824433710291881,0.03824433710291881,0.03824433710291881,0.03824433710291881,0.03824433710291881,0.03824433710291881,0.03824433710291881,0.03824433710291881,0.03824433710291881,0.03824433710291881,0.03824433710291881
0.03329723098065047,0.03329723098065047,0.03329723098065047,0.03329723098065047,0.03329723098065047,0.03329723098065047,0.03329723098065047,0.03329723098065047,0.03329723098065047,0.03329723098065047,0.03329723098065047,0.03329723098065047,0.03329723098065047,0.03329723098065047
0.028432056456288685,0.028432056456288685,0.028432056456288685,0.028432056456288685,0.028432056456288685,0.028432056456288685,0.028432056456288685,0.028432056456288685,0.028432056456288685,0.028432056456288685,0.028432056456288685,0.028432056456288685,0.028432056456288685,0.028432056456288685
0.02297219845921469,0.02297219845921469,0.02297219845921469,0.02297219845921469,0.02297219845921469,0.02297219845921469,0.02297219845921469,0.02297219845921469,0.02297219845921469,0.02297219845921469,0.02297219845921469,0.02297219845921469,0.02297219845921469,0.02297219845921469
0.01984668578615409,0.01984668578615409,0.01984668578615409,0.01984668578615409,0.01984668578615409,0.01984668578615409,0.01984668578615409,0.01984668578615409,0.01984668578615409,0.01984668578615409,0.01984668578615409,0.01984668578615409,0.01984668578615409,0.01984668578615409
0.016965250282044295,0.016965250282044295,0.016965250282044295,0.016965250282044295,0.016965250282044295,0.016965250282044295,0.016965250282044295,0.016965250282044295,0.016965250282044295,0.016965250282044295,0.016965250282044295,0.016965250282044295,0.016965250282044295,0.016965250282044295
0.014844444783236599,0.014844444783236599,0.014844444783236599,0.014844444783236599,0.014844444783236599,0.014844444783236599,0.014844444783236599,0.014844444783236599,0.014844444783236599,0.014844444783236599,0.014844444783236599,0.014844444783236599,0.014844444783236599,0.014844444783236599
0.012709695754838615,0.012709695754838615,0.012709695754838615,0.012709695754838615,0.012709695754838615,0.012709695754838615,0.012709695754838615,0.012709695754838615,0.012709695754838615,0.012709695754838615,0.012709695754838615,0.012709695754838615,0.012709695754838615,0.012709695754838615
0.010646251720819802,0.010646251720819802,0.010646251720819802,0.010646251720819802,0.010646251720819802,0.010646251720819802,0.010646251720819802,0.010646251720819802,0.010646251720819802,0.010646251720819802,0.010646251720819802,0.010646251720819802,0.010646251720819802,0.010646251720819802
0.008673493183819533,0.008673493183819533,0.008673493183819533,0.008673493183819533,0.008673493183819533,0.008673493183819533,0.008673493183819533,0.008673493183819533,0.008673493183819533,0.008673493183819533,0.008673493183819533,0.008673493183819533,0.008673493183819533,0.008673493183819533
0.005924326170802714,0.005924326170802714,0.005924326170802714,0.005924326170802714,0.005924326170802714,0.005924326170802714,0.005924326170802714,0.005924326170802714,0.005924326170802714,0.005924326170802714,0.005924326170802714,0.005924326170802714,0.005924326170802714,0.005924326170802714
0.0037384949341735386,0.0037384949341735386,0.0037384949341735386,0.0037384949341735386,0.0037384949341735386,0.0037384949341735386,0.0037384949341735386,0.0037384949341735386,0.0037384949341735386,0.0037384949341735386,0.0037384949341735386,0.0037384949341735386,0.0037384949341735386,0.0037384949341735386
0.0022511672405950618,0.0022511672405950618,0.0022511672405950618,0.0022511672405950618,0.0022511672405950618,0.0022511672405950618,0.0022511672405950618,0.0022511672405950618,0.0022511672405950618,0.0022511672405950618,0.0022511672405950618,0.0022511672405950618,0.0022511672405950618,0.0022511672405950618
0.001567311908073733,0.001567311908073733,0.001567311908073733,0.001567311908073733,0.001567311908073733,0.001567311908073733,0.001567311908073733,0.001567311908073733,0.001567311908073733,0.001567311908073733,0.001567311908073733,0.001567311908073733,0.001567311908073733,0.001567311908073733
0.001229345896189082,0.001229345896189082,0.001229345896189082,0.001229345896189082,0.001229345896189082,0.001229345896189082,0.001229345896189082,0.001229345896189082,0.001229345896189082,0.001229345896189082,0.001229345896189082,0.001229345896189082,0.001229345896189082,0.001229345896189082
0.0006656369760432716,0.0006656369760432716,0.0006656369760432716,0.0006656369760432716,0.0006656369760432716,0.0006656369760432716,0.0006656369760432716,0.0006656369760432716,0.0006656369760432716,0.0006656369760432716,0.0006656369760432716,0.0006656369760432716,0.0006656369760432716,0.0006656369760432716
-0.0004766708933724036,-0.0004766708933724036,-0.0004766708933724036,-0.0004766708933724036,-0.0004766708933724036,-0.0004766708933724036,-0.0004766708933724036,-0.0004766708933724036,-0.0004766708933724036,-0.0004766708933724036,-0.0004766708933724036,-0.0004766708933724036,-0.0004766708933724036,-0.0004766708933724036
-0.0014370583422629426,-0.0014370583422629426,-0.0014370583422629426,-0.0014370583422629426,-0.0014370583422629426,-0.0014370583422629426,-0.0014370583422629426,-0.0014370583422629426,-0.0014370583422629426,-0.0014370583422629426,-0.0014370583422629426,-0.0014370583422629426,-0.0014370583422629426,-0.0014370583422629426
-0.002485842658920996,-0.002485842658920996,-0.002485842658920996,-0.002485842658920996,-0.002485842658920996,-0.002485842658920996,-0.002485842658920996,-0.002485842658920996,-0.002485842658920996,-0.002485842658920996,-0.002485842658920996,-0.002485842658920996,-0.002485842658920996,-0.002485842658920996
-0.002706351061047403,-0.002706351061047403,-0.002706351061047403,-0.002706351061047403,-0.002706351061047403,-0.002706351061047403,-0.002706351061047403,-0.002706351061047403,-0.002706351061047403,-0.002706351061047403,-0.002706351061047403,-0.002706351061047403,-0.002706351061047403,-0.002706351061047403
-0.003155075696748462,-0.003155075696748462,-0.003155075696748462,-0.003155075696748462,-0.003155075696748462,-0.003155075696748462,-0.003155075696748462,-0.003155075696748462,-0.003155075696748462,-0.003155075696748462,-0.003155075696748462,-0.003155075696748462,-0.003155075696748462,-0.003155075696748462
-0.002367300844243256,-0.002367300844243256,-0.002367300844243256,-0.002367300844243256,-0.002367300844243256,-0.002367300844243256,-0.002367300844243256,-0.002367300844243256,-0.002367300844243256,-0.002367300844243256,-0.002367300844243256,-0.002367300844243256,-0.002367300844243256,-0.002367300844243256
-0.0012624221153290627,-0.0012624221153290627,-0.0012624221153290627,-0.0012624221153290627,-0.0012624221153290627,-0.0012624221153290627,-0.0012624221153290627,-0.0012624221153290627,-0.0012624221153290627,-0.0012624221153290627,-0.0012624221153290627,-0.0012624221153290627,-0.0012624221153290627,-0.0012624221153290627
-0.0012706170598347074,-0.0012706170598347074,-0.0012706170598347074,-0.0012706170598347074,-0.0012706170598347074,-0.0012706170598347074,-0.0012706170598347074,-0.0012706170598347074,-0.0012706170598347074,-0.0012706170598347074,-0.0012706170598347074,-0.0012706170598347074,-0.0012706170598347074,-0.0012706170598347074
-0.0020826566407318257,-0.0020826566407318257,-0.0020826566407318257,-0.0020826566407318257,-0.0020826566407318257,-0.0020826566407318257,-0.0020826566407318257,-0.0020826566407318257,-0.0020826566407318257,-0.0020826566407318257,-0.0020826566407318257,-0.0020826566407318257,-0.0020826566407318257,-0.0020826566407318257
-0.001987332174034366,-0.001987332174034366,-0.001987332174034366,-0.001987332174034366,-0.001987332174034366,-0.001987332174034366,-0.001987332174034366,-0.001987332174034366,-0.001987332174034366,-0.001987332174034366,-0.001987332174034366,-0.001987332174034366,-0.001987332174034366,-0.001987332174034366
-0.0016690397307499273,-0.0016690397307499273,-0.0016690397307499273,-0.0016690397307499273,-0.0016690397307499273,-0.0016690397307499273,-0.0016690397307499273,-0.0016690397307499273,-0.0016690397307499273,-0.0016690397307499273,-0.0016690397307499273,-0.0016690397307499273,-0.0016690397307499273,-0.0016690397307499273
-0.0003341271938879708,-0.0003341271938879708,-0.0003341271938879708,-0.0003341271938879708,-0.0003341271938879708,-0.0003341271938879708,-0.0003341271938879708,-0.0003341271938879708,-0.0003341271938879708,-0.0003341271938879708,-0.0003341271938879708,-0.0003341271938879708,-0.0003341271938879708,-0.0003341271938879708
0.0003905221948972087,0.0003905221948972087,0.0003905221948972087,0.0003905221948972087,0.0003905221948972087,0.0003905221948972087,0.0003905221948972087,0.0003905221948972087,0.0003905221948972087,0.0003905221948972087,0.0003905221948972087,0.0003905221948972087,0.0003905221948972087,0.0003905221948972087
0.0026470550880211227,0.0026470550880211227,0.0026470550880211227,0.0026470550880211227,0.0026470550880211227,0.0026470550880211227,0.0026470550880211227,0.0026470550880211227,0.0026470550880211227,0.0026470550880211227,0.0026470550880211227,0.0026470550880211227,0.0026470550880211227,0.0026470550880211227
0.005884613152365756,0.005884613152365756,0.005884613152365756,0.005884613152365756,0.005884613152365756,0.005884613152365756,0.005884613152365756,0.005884613152365756,0.005884613152365756,0.005884613152365756,0.005884613152365756,0.005884613152365756,0.005884613152365756,0.005884613152365756
0.007500890206902767,0.007500890206902767,0.007500890206902767,0.007500890206902767,0.007500890206902767,0.007500890206902767,0.007500890206902767,0.007500890206902767,0.007500890206902767,0.007500890206902767,0.007500890206902767,0.007500890206902767,0.007500890206902767,0.007500890206902767
0.01041028342708746,0.01041028342708746,0.01041028342708746,0.01041028342708746,0.01041028342708746,0.01041028342708746,0.01041028342708746,0.01041028342708746,0.01041028342708746,0.01041028342708746,0.01041028342708746,0.01041028342708746,0.01041028342708746,0.01041028342708746
0.012654006522557062,0.012654006522557062,0.012654006522557062,0.012654006522557062,0.012654006522557062,0.012654006522557062,0.012654006522557062,0.012654006522557062,0.012654006522557062,0.012654006522557062,0.012654006522557062,0.012654006522557062,0.012654006522557062,0.012654006522557062
0.015235892205956976,0.015235892205956976,0.015235892205956976,0.015235892205956976,0.015235892205956976,0.015235892205956976,0.015235892205956976,0.015235892205956976,0.015235892205956976,0.015235892205956976,0.015235892205956976,0.015235892205956976,0.015235892205956976,0.015235892205956976
0.01663493386741697,0.01663493386741697,0.01663493386741697,0.01663493386741697,0.01663493386741697,0.01663493386741697,0.01663493386741697,0.01663493386741697,0.01663493386741697,0.01663493386741697,0.01663493386741697,0.01663493386741697,0.01663493386741697,0.01663493386741697
0.01697176686577566,0.01697176686577566,0.01697176686577566,0.01697176686577566,0.01697176686577566,0.01697176686577566,0.01697176686577566,0.01697176686577566,0.01697176686577566,0.01697176686577566,0.01697176686577566,0.01697176686577566,0.01697176686577566,0.01697176686577566
0.016954730094914938,0.016954730094914938,0.016954730094914938,0.016954730094914938,0.016954730094914938,0.016954730094914938,0.016954730094914938,0.016954730094914938,0.016954730094914938,0.016954730094914938,0.016954730094914938,0.016954730094914938,0.016954730094914938,0.016954730094914938
0.01553389823742937,0.01553389823742937,0.01553389823742937,0.01553389823742937,0.01553389823742937,0.01553389823742937,0.01553389823742937,0.01553389823742937,0.01553389823742937,0.01553389823742937,0.01553389823742937,0.01553389823742937,0.01553389823742937,0.01553389823742937
0.015067325844751574,0.015067325844751574,0.015067325844751574,0.015067325844751574,0.015067325844751574,0.015067325844751574,0.015067325844751574,0.015067325844751574,0.015067325844751574,0.015067325844751574,0.015067325844751574,0.015067325844751574,0.015067325844751574,0.015067325844751574
0.014348686180879224,0.014348686180879224,0.014348686180879224,0.014348686180879224,0.014348686180879224,0.014348686180879224,0.014348686180879224,0.014348686180879224,0.014348686180879224,0.014348686180879224,0.014348686180879224,0.014348686180879224,0.014348686180879224,0.014348686180879224
0.013568075560799687,0.013568075560799687,0.013568075560799687,0.013568075560799687,0.013568075560799687,0.013568075560799687,0.013568075560799687,0.013568075560799687,0.013568075560799687,0.013568075560799687,0.013568075560799687,0.013568075560799687,0.013568075560799687,0.013568075560799687
0.012676617394310977,0.012676617394310977,0.012676617394310977,0.012676617394310977,0.012676617394310977,0.012676617394310977,0.012676617394310977,0.012676617394310977,0.012676617394310977,0.012676617394310977,0.012676617394310977,0.012676617394310977,0.012676617394310977,0.012676617394310977
0.012097136007021524,0.012097136007021524,0.012097136007021524,0.012097136007021524,0.012097136007021524,0.012097136007021524,0.012097136007021524,0.012097136007021524,0.012097136007021524,0.012097136007021524,0.012097136007021524,0.012097136007021524,0.012097136007021524,0.012097136007021524
0.010993361430109285,0.010993361430109285,0.010993361430109285,0.010993361430109285,0.010993361430109285,0.010993361430109285,0.010993361430109285,0.010993361430109285,0.010993361430109285,0.010993361430109285,0.010993361430109285,0.010993361430109285,0.010993361430109285,0.010993361430109285
0.010878650870146318,0.010878650870146318,0.010878650870146318,0.010878650870146318,0.010878650870146318,0.010878650870146318,0.010878650870146318,0.010878650870146318,0.010878650870146318,0.010878650870146318,0.010878650870146318,0.010878650870146318,0.010878650870146318,0.010878650870146318
0.009301402749633677,0.009301402749633677,0.009301402749633677,0.009301402749633677,0.009301402749633677,0.009301402749633677,0.009301402749633677,0.009301402749633677,0.009301402749633677,0.009301402749633677,0.009301402749633677,0.009301402749633677,0.009301402749633677,0.009301402749633677
0.008185516499742237,0.008185516499742237,0.008185516499742237,0.008185516499742237,0.008185516499742237,0.008185516499742237,0.008185516499742237,0.008185516499742237,0.008185516499742237,0.008185516499742237,0.008185516499742237,0.008185516499742237,0.008185516499742237,0.008185516499742237
0.00669577834817045,0.00669577834817045,0.00669577834817045,0.00669577834817045,0.00669577834817045,0.00669577834817045,0.00669577834817045,0.00669577834817045,0.00669577834817045,0.00669577834817045,0.00669577834817045,0.00669577834817045,0.00669577834817045,0.00669577834817045
0.0035564764369011696,0.0035564764369011696,0.0035564764369011696,0.0035564764369011696,0.0035564764369011696,0.0035564764369011696,0.0035564764369011696,0.0035564764369011696,0.0035564764369011696,0.0035564764369011696,0.0035564764369011696,0.0035564764369011696,0.0035564764369011696,0.0035564764369011696
-0.00011834061039455801,-0.00011834061039455801,-0.00011834061039455801,-0.00011834061039455801,-0.00011834061039455801,-0.00011834061039455801,-0.00011834061039455801,-0.00011834061039455801,-0.00011834061039455801,-0.00011834061039455801,-0.00011834061039455801,-0.00011834061039455801,-0.00011834061039455801,-0.00011834061039455801
-0.0023645781842892653,-0.0023645781842892653,-0.0023645781842892653,-0.0023645781842892653,-0.0023645781842892653,-0.0023645781842892653,-0.0023645781842892653,-0.0023645781842892653,-0.0023645781842892653,-0.0023645781842892653,-0.0023645781842892653,-0.0023645781842892653,-0.0023645781842892653,-0.0023645781842892653
-0.0032267594619479843,-0.0032267594619479843,-0.0032267594619479843,-0.0032267594619479843,-0.0032267594619479843,-0.0032267594619479843,-0.0032267594619479843,-0.0032267594619479843,-0.0032267594619479843,-0.0032267594619479843,-0.0032267594619479843,-0.0032267594619479843,-0.0032267594619479843,-0.0032267594619479843
-0.005000186439529758,-0.005000186439529758,-0.005000186439529758,-0.005000186439529758,-0.005000186439529758,-0.005000186439529758,-0.005000186439529758,-0.005000186439529758,-0.005000186439529758,-0.005000186439529758,-0.005000186439529758,-0.005000186439529758,-0.005000186439529758,-0.005000186439529758
-0.005303684845072637,-0.005303684845072637,-0.005303684845072637,-0.005303684845072637,-0.005303684845072637,-0.005303684845072637,-0.005303684845072637,-0.005303684845072637,-0.005303684845072637,-0.005303684845072637,-0.005303684845072637,-0.005303684845072637,-0.005303684845072637,-0.005303684845072637
-0.005931385319943013,-0.005931385319943013,-0.005931385319943013,-0.005931385319943013,-0.005931385319943013,-0.005931385319943013,-0.005931385319943013,-0.005931385319943013,-0.005931385319943013,-0.005931385319943013,-0.005931385319943013,-0.005931385319943013,-0.005931385319943013,-0.005931385319943013
-0.005614242555584169,-0.005614242555584169,-0.005614242555584169,-0.005614242555584169,-0.005614242555584169,-0.005614242555584169,-0.005614242555584169,-0.005614242555584169,-0.005614242555584169,-0.005614242555584169,-0.005614242555584169,-0.005614242555584169,-0.005614242555584169,-0.005614242555584169
-0.00526160757582818,-0.00526160757582818,-0.00526160757582818,-0.00526160757582818,-0.00526160757582818,-0.00526160757582818,-0.00526160757582818,-0.00526160757582818,-0.00526160757582818,-0.00526160757582818,-0.00526160757582818,-0.00526160757582818,-0.00526160757582818,-0.00526160757582818
-0.0038771348527163506,-0.0038771348527163506,-0.0038771348527163506,-0.0038771348527163506,-0.0038771348527163506,-0.0038771348527163506,-0.0038771348527163506,-0.0038771348527163506,-0.0038771348527163506,-0.0038771348527163506,-0.0038771348527163506,-0.0038771348527163506,-0.0038771348527163506,-0.0038771348527163506
-0.0033127999813525686,-0.0033127999813525686,-0.0033127999813525686,-0.0033127999813525686,-0.0033127999813525686,-0.0033127999813525686,-0.0033127999813525686,-0.0033127999813525686,-0.0033127999813525686,-0.0033127999813525686,-0.0033127999813525686,-0.0033127999813525686,-0.0033127999813525686,-0.0033127999813525686
-0.0016201235939166546,-0.0016201235939166546,-0.0016201235939166546,-0.0016201235939166546,-0.0016201235939166546,-0.0016201235939166546,-0.0016201235939166546,-0.0016201235939166546,-0.0016201235939166546,-0.0016201235939166546,-0.0016201235939166546,-0.0016201235939166546,-0.0016201235939166546,-0.0016201235939166546
0.0010256185129251126,0.0010256185129251126,0.0010256185129251126,0.0010256185129251126,0.0010256185129251126,0.0010256185129251126,0.0010256185129251126,0.0010256185129251126,0.0010256185129251126,0.0010256185129251126,0.0010256185129251126,0.0010256185129251126,0.0010256185129251126,0.0010256185129251126
0.004360592573259297,0.004360592573259297,0.004360592573259297,0.004360592573259297,0.004360592573259297,0.004360592573259297,0.004360592573259297,0.004360592573259297,0.004360592573259297,0.004360592573259297,0.004360592573259297,0.004360592573259297,0.004360592573259297,0.004360592573259297
0.007262081541394608,0.007262081541394608,0.007262081541394608,0.007262081541394608,0.007262081541394608,0.007262081541394608,0.007262081541394608,0.007262081541394608,0.007262081541394608,0.007262081541394608,0.007262081541394608,0.007262081541394608,0.007262081541394608,0.007262081541394608
0.010636189425949356,0.010636189425949356,0.010636189425949356,0.010636189425949356,0.010636189425949356,0.010636189425949356,0.010636189425949356,0.010636189425949356,0.010636189425949356,0.010636189425949356,0.010636189425949356,0.010636189425949356,0.010636189425949356,0.010636189425949356
0.013916916037331934,0.013916916037331934,0.013916916037331934,0.013916916037331934,0.013916916037331934,0.013916916037331934,0.013916916037331934,0.013916916037331934,0.013916916037331934,0.013916916037331934,0.013916916037331934,0.013916916037331934,0.013916916037331934,0.013916916037331934
0.01665444108285704,0.01665444108285704,0.01665444108285704,0.01665444108285704,0.01665444108285704,0.01665444108285704,0.01665444108285704,0.01665444108285704,0.01665444108285704,0.01665444108285704,0.01665444108285704,0.01665444108285704,0.01665444108285704,0.01665444108285704
0.01666115056930871,0.01666115056930871,0.01666115056930871,0.01666115056930871,0.01666115056930871,0.01666115056930871,0.01666115056930871,0.01666115056930871,0.01666115056930871,0.01666115056930871,0.01666115056930871,0.01666115056930871,0.01666115056930871,0.01666115056930871
0.017238240856208044,0.017238240856208044,0.017238240856208044,0.017238240856208044,0.017238240856208044,0.017238240856208044,0.017238240856208044,0.017238240856208044,0.017238240856208044,0.017238240856208044,0.017238240856208044,0.017238240856208044,0.017238240856208044,0.017238240856208044
0.017021690147713653,0.017021690147713653,0.017021690147713653,0.017021690147713653,0.017021690147713653,0.017021690147713653,0.017021690147713653,0.017021690147713653,0.017021690147713653,0.017021690147713653,0.017021690147713653,0.017021690147713653,0.017021690147713653,0.017021690147713653
0.016666551927148516,0.016666551927148516,0.016666551927148516,0.016666551927148516,0.016666551927148516,0.016666551927148516,0.016666551927148516,0.016666551927148516,0.016666551927148516,0.016666551927148516,0.016666551927148516,0.016666551927148516,0.016666551927148516,0.016666551927148516
0.016493671362333387,0.016493671362333387,0.016493671362333387,0.016493671362333387,0.016493671362333387,0.016493671362333387,0.016493671362333387,0.016493671362333387,0.016493671362333387,0.016493671362333387,0.016493671362333387,0.016493671362333387,0.016493671362333387,0.016493671362333387
0.01655652550359768,0.01655652550359768,0.01655652550359768,0.01655652550359768,0.01655652550359768,0.01655652550359768,0.01655652550359768,0.01655652550359768,0.01655652550359768,0.01655652550359768,0.01655652550359768,0.01655652550359768,0.01655652550359768,0.01655652550359768
0.01630274203183379,0.01630274203183379,0.01630274203183379,0.01630274203183379,0.01630274203183379,0.01630274203183379,0.01630274203183379,0.01630274203183379,0.01630274203183379,0.01630274203183379,0.01630274203183379,0.01630274203183379,0.01630274203183379,0.01630274203183379
0.016231237320632558,0.016231237320632558,0.016231237320632558,0.016231237320632558,0.016231237320632558,0.016231237320632558,0.016231237320632558,0.016231237320632558,0.016231237320632558,0.016231237320632558,0.016231237320632558,0.016231237320632558,0.016231237320632558,0.016231237320632558
0.013750914649590603,0.013750914649590603,0.013750914649590603,0.013750914649590603,0.013750914649590603,0.013750914649590603,0.013750914649590603,0.013750914649590603,0.013750914649590603,0.013750914649590603,0.013750914649590603,0.013750914649590603,0.013750914649590603,0.013750914649590603
0.011890854667094074,0.011890854667094074,0.011890854667094074,0.011890854667094074,0.011890854667094074,0.011890854667094074,0.011890854667094074,0.011890854667094074,0.011890854667094074,0.011890854667094074,0.011890854667094074,0.011890854667094074,0.011890854667094074,0.011890854667094074
0.011299767659741146,0.011299767659741146,0.011299767659741146,0.011299767659741146,0.011299767659741146,0.011299767659741146,0.011299767659741146,0.011299767659741146,0.011299767659741146,0.011299767659741146,0.011299767659741146,0.011299767659741146,0.011299767659741146,0.011299767659741146
0.00969462552212384,0.00969462552212384,0.00969462552212384,0.00969462552212384,0.00969462552212384,0.00969462552212384,0.00969462552212384,0.00969462552212384,0.00969462552212384,0.00969462552212384,0.00969462552212384,0.00969462552212384,0.00969462552212384,0.00969462552212384
0.009191813741558105,0.009191813741558105,0.009191813741558105,0.009191813741558105,0.009191813741558105,0.009191813741558105,0.009191813741558105,0.009191813741558105,0.009191813741558105,0.009191813741558105,0.009191813741558105,0.009191813741558105,0.009191813741558105,0.009191813741558105
0.010453824116668136,0.010453824116668136,0.010453824116668136,0.010453824116668136,0.010453824116668136,0.010453824116668136,0.010453824116668136,0.010453824116668136,0.010453824116668136,0.010453824116668136,0.010453824116668136,0.010453824116668136,0.010453824116668136,0.010453824116668136
0.011733391508944062,0.011733391508944062,0.011733391508944062,0.011733391508944062,0.011733391508944062,0.011733391508944062,0.011733391508944062,0.011733391508944062,0.011733391508944062,0.011733391508944062,0.011733391508944062,0.011733391508944062,0.011733391508944062,0.011733391508944062
0.012801262940436688,0.012801262940436688,0.012801262940436688,0.012801262940436688,0.012801262940436688,0.012801262940436688,0.012801262940436688,0.012801262940436688,0.012801262940436688,0.012801262940436688,0.012801262940436688,0.012801262940436688,0.012801262940436688,0.012801262940436688
0.01198156043639,0.01198156043639,0.01198156043639,0.01198156043639,0.01198156043639,0.01198156043639,0.01198156043639,0.01198156043639,0.01198156043639,0.01198156043639,0.01198156043639,0.01198156043639,0.01198156043639,0.01198156043639
0.01069302164507893,0.01069302164507893,0.01069302164507893,0.01069302164507893,0.01069302164507893,0.01069302164507893,0.01069302164507893,0.01069302164507893,0.01069302164507893,0.01069302164507893,0.01069302164507893,0.01069302164507893,0.01069302164507893,0.01069302164507893
0.010349014390412092,0.010349014390412092,0.010349014390412092,0.010349014390412092,0.010349014390412092,0.010349014390412092,0.010349014390412092,0.010349014390412092,0.010349014390412092,0.010349014390412092,0.010349014390412092,0.010349014390412092,0.010349014390412092,0.010349014390412092
0.010748273409359762,0.010748273409359762,0.010748273409359762,0.010748273409359762,0.010748273409359762,0.010748273409359762,0.010748273409359762,0.010748273409359762,0.010748273409359762,0.010748273409359762,0.010748273409359762,0.010748273409359762,0.010748273409359762,0.010748273409359762
0.011337180157488897,0.011337180157488897,0.011337180157488897,0.011337180157488897,0.011337180157488897,0.011337180157488897,0.011337180157488897,0.011337180157488897,0.011337180157488897,0.011337180157488897,0.011337180157488897,0.011337180157488897,0.011337180157488897,0.011337180157488897
0.011390175521197275,0.011390175521197275,0.011390175521197275,0.011390175521197275,0.011390175521197275,0.011390175521197275,0.011390175521197275,0.011390175521197275,0.011390175521197275,0.011390175521197275,0.011390175521197275,0.011390175521197275,0.011390175521197275,0.011390175521197275
0.010258381336130728,0.010258381336130728,0.010258381336130728,0.010258381336130728,0.010258381336130728,0.010258381336130728,0.010258381336130728,0.010258381336130728,0.010258381336130728,0.010258381336130728,0.010258381336130728,0.010258381336130728,0.010258381336130728,0.010258381336130728
0.009573957620947347,0.009573957620947347,0.009573957620947347,0.009573957620947347,0.009573957620947347,0.009573957620947347,0.009573957620947347,0.009573957620947347,0.009573957620947347,0.009573957620947347,0.009573957620947347,0.009573957620947347,0.009573957620947347,0.009573957620947347
0.00930140753697842,0.00930140753697842,0.00930140753697842,0.00930140753697842,0.00930140753697842,0.00930140753697842,0.00930140753697842,0.00930140753697842,0.00930140753697842,0.00930140753697842,0.00930140753697842,0.00930140753697842,0.00930140753697842,0.00930140753697842
0.009048903126977651,0.009048903126977651,0.009048903126977651,0.009048903126977651,0.009048903126977651,0.009048903126977651,0.009048903126977651,0.009048903126977651,0.009048903126977651,0.009048903126977651,0.009048903126977651,0.009048903126977651,0.009048903126977651,0.009048903126977651
0.006827160308765375,0.006827160308765375,0.006827160308765375,0.006827160308765375,0.006827160308765375,0.006827160308765375,0.006827160308765375,0.006827160308765375,0.006827160308765375,0.006827160308765375,0.006827160308765375,0.006827160308765375,0.006827160308765375,0.006827160308765375
0.004641735520507278,0.004641735520507278,0.004641735520507278,0.004641735520507278,0.004641735520507278,0.004641735520507278,0.004641735520507278,0.004641735520507278,0.004641735520507278,0.004641735520507278,0.004641735520507278,0.004641735520507278,0.004641735520507278,0.004641735520507278
0.0038131308427091213,0.0038131308427091213,0.0038131308427091213,0.0038131308427091213,0.0038131308427091213,0.0038131308427091213,0.0038131308427091213,0.0038131308427091213,0.0038131308427091213,0.0038131308427091213,0.0038131308427091213,0.0038131308427091213,0.0038131308427091213,0.0038131308427091213
0.0021105413531129413,0.0021105413531129413,0.0021105413531129413,0.0021105413531129413,0.0021105413531129413,0.0021105413531129413,0.0021105413531129413,0.0021105413531129413,0.0021105413531129413,0.0021105413531129413,0.0021105413531129413,0.0021105413531129413,0.0021105413531129413,0.0021105413531129413
-0.0009148534584114316,-0.0009148534584114316,-0.0009148534584114316,-0.0009148534584114316,-0.0009148534584114316,-0.0009148534584114316,-0.0009148534584114316,-0.0009148534584114316,-0.0009148534584114316,-0.0009148534584114316,-0.0009148534584114316,-0.0009148534584114316,-0.0009148534584114316,-0.0009148534584114316
-0.0027913829942981744,-0.0027913829942981744,-0.0027913829942981744,-0.0027913829942981744,-0.0027913829942981744,-0.0027913829942981744,-0.0027913829942981744,-0.0027913829942981744,-0.0027913829942981744,-0.0027913829942981744,-0.0027913829942981744,-0.0027913829942981744,-0.0027913829942981744,-0.0027913829942981744
-0.005215313900080492,-0.005215313900080492,-0.005215313900080492,-0.005215313900080492,-0.005215313900080492,-0.005215313900080492,-0.005215313900080492,-0.005215313900080492,-0.005215313900080492,-0.005215313900080492,-0.005215313900080492,-0.005215313900080492,-0.005215313900080492,-0.005215313900080492
-0.006747658471831836,-0.006747658471831836,-0.006747658471831836,-0.006747658471831836,-0.006747658471831836,-0.006747658471831836,-0.006747658471831836,-0.006747658471831836,-0.006747658471831836,-0.006747658471831836,-0.006747658471831836,-0.006747658471831836,-0.006747658471831836,-0.006747658471831836
-0.009348324581855133,-0.009348324581855133,-0.009348324581855133,-0.009348324581855133,-0.009348324581855133,-0.009348324581855133,-0.009348324581855133,-0.009348324581855133,-0.009348324581855133,-0.009348324581855133,-0.009348324581855133,-0.009348324581855133,-0.009348324581855133,-0.009348324581855133
-0.011581152606392331,-0.011581152606392331,-0.011581152606392331,-0.011581152606392331,-0.011581152606392331,-0.011581152606392331,-0.011581152606392331,-0.011581152606392331,-0.011581152606392331,-0.011581152606392331,-0.011581152606392331,-0.011581152606392331,-0.011581152606392331,-0.011581152606392331
-0.01408820375061439,-0.01408820375061439,-0.01408820375061439,-0.01408820375061439,-0.01408820375061439,-0.01408820375061439,-0.01408820375061439,-0.01408820375061439,-0.01408820375061439,-0.01408820375061439,-0.01408820375061439,-0.01408820375061439,-0.01408820375061439,-0.01408820375061439
-0.015634165121231208,-0.015634165121231208,-0.015634165121231208,-0.015634165121231208,-0.015634165121231208,-0.015634165121231208,-0.015634165121231208,-0.015634165121231208,-0.015634165121231208,-0.015634165121231208,-0.015634165121231208,-0.015634165121231208,-0.015634165121231208,-0.015634165121231208
-0.016068918860165936,-0.016068918860165936,-0.016068918860165936,-0.016068918860165936,-0.016068918860165936,-0.016068918860165936,-0.016068918860165936,-0.016068918860165936,-0.016068918860165936,-0.016068918860165936,-0.016068918860165936,-0.016068918860165936,-0.016068918860165936,-0.016068918860165936
-0.014909290081870967,-0.014909290081870967,-0.014909290081870967,-0.014909290081870967,-0.014909290081870967,-0.014909290081870967,-0.014909290081870967,-0.014909290081870967,-0.014909290081870967,-0.014909290081870967,-0.014909290081870967,-0.014909290081870967,-0.014909290081870967,-0.014909290081870967
-0.014725327853942006,-0.014725327853942006,-0.014725327853942006,-0.014725327853942006,-0.014725327853942006,-0.014725327853942006,-0.014725327853942006,-0.014725327853942006,-0.014725327853942006,-0.014725327853942006,-0.014725327853942006,-0.014725327853942006,-0.014725327853942006,-0.014725327853942006
-0.014362767281829532,-0.014362767281829532,-0.014362767281829532,-0.014362767281829532,-0.014362767281829532,-0.014362767281829532,-0.014362767281829532,-0.014362767281829532,-0.014362767281829532,-0.014362767281829532,-0.014362767281829532,-0.014362767281829532,-0.014362767281829532,-0.014362767281829532
-0.01474421867045567,-0.01474421867045567,-0.01474421867045567,-0.01474421867045567,-0.01474421867045567,-0.01474421867045567,-0.01474421867045567,-0.01474421867045567,-0.01474421867045567,-0.01474421867045567,-0.01474421867045567,-0.01474421867045567,-0.01474421867045567,-0.01474421867045567
-0.01641556870982392,-0.01641556870982392,-0.01641556870982392,-0.01641556870982392,-0.01641556870982392,-0.01641556870982392,-0.01641556870982392,-0.01641556870982392,-0.01641556870982392,-0.01641556870982392,-0.01641556870982392,-0.01641556870982392,-0.01641556870982392,-0.01641556870982392
-0.01727250945833892,-0.01727250945833892,-0.01727250945833892,-0.01727250945833892,-0.01727250945833892,-0.01727250945833892,-0.01727250945833892,-0.01727250945833892,-0.01727250945833892,-0.01727250945833892,-0.01727250945833892,-0.01727250945833892,-0.01727250945833892,-0.01727250945833892
-0.017974362079170976,-0.017974362079170976,-0.017974362079170976,-0.017974362079170976,-0.017974362079170976,-0.017974362079170976,-0.017974362079170976,-0.017974362079170976,-0.017974362079170976,-0.017974362079170976,-0.017974362079170976,-0.017974362079170976,-0.017974362079170976,-0.017974362079170976
-0.01737004037969031,-0.01737004037969031,-0.01737004037969031,-0.01737004037969031,-0.01737004037969031,-0.01737004037969031,-0.01737004037969031,-0.01737004037969031,-0.01737004037969031,-0.01737004037969031,-0.01737004037969031,-0.01737004037969031,-0.01737004037969031,-0.01737004037969031
-0.01655796397818502,-0.01655796397818502,-0.01655796397818502,-0.01655796397818502,-0.01655796397818502,-0.01655796397818502,-0.01655796397818502,-0.01655796397818502,-0.01655796397818502,-0.01655796397818502,-0.01655796397818502,-0.01655796397818502,-0.01655796397818502,-0.01655796397818502
-0.015638037715595486,-0.015638037715595486,-0.015638037715595486,-0.015638037715595486,-0.015638037715595486,-0.015638037715595486,-0.015638037715595486,-0.015638037715595486,-0.015638037715595486,-0.015638037715595486,-0.015638037715595486,-0.015638037715595486,-0.015638037715595486,-0.015638037715595486
-0.014779050858983456,-0.014779050858983456,-0.014779050858983456,-0.014779050858983456,-0.014779050858983456,-0.014779050858983456,-0.014779050858983456,-0.014779050858983456,-0.014779050858983456,-0.014779050858983456,-0.014779050858983456,-0.014779050858983456,-0.014779050858983456,-0.014779050858983456
-0.013694423307987329,-0.013694423307987329,-0.013694423307987329,-0.013694423307987329,-0.013694423307987329,-0.013694423307987329,-0.013694423307987329,-0.013694423307987329,-0.013694423307987329,-0.013694423307987329,-0.013694423307987329,-0.013694423307987329,-0.013694423307987329,-0.013694423307987329
-0.012526303809049746,-0.012526303809049746,-0.012526303809049746,-0.012526303809049746,-0.012526303809049746,-0.012526303809049746,-0.012526303809049746,-0.012526303809049746,-0.012526303809049746,-0.012526303809049746,-0.012526303809049746,-0.012526303809049746,-0.012526303809049746,-0.012526303809049746
-0.01289906523075601,-0.01289906523075601,-0.01289906523075601,-0.01289906523075601,-0.01289906523075601,-0.01289906523075601,-0.01289906523075601,-0.01289906523075601,-0.01289906523075601,-0.01289906523075601,-0.01289906523075601,-0.01289906523075601,-0.01289906523075601,-0.01289906523075601
-0.012388783680420158,-0.012388783680420158,-0.012388783680420158,-0.012388783680420158,-0.012388783680420158,-0.012388783680420158,-0.012388783680420158,-0.012388783680420158,-0.012388783680420158,-0.012388783680420158,-0.012388783680420158,-0.012388783680420158,-0.012388783680420158,-0.012388783680420158
-0.012034427408192381,-0.012034427408192381,-0.012034427408192381,-0.012034427408192381,-0.012034427408192381,-0.012034427408192381,-0.012034427408192381,-0.012034427408192381,-0.012034427408192381,-0.012034427408192381,-0.012034427408192381,-0.012034427408192381,-0.012034427408192381,-0.012034427408192381
-0.01223350146718115,-0.01223350146718115,-0.01223350146718115,-0.01223350146718115,-0.01223350146718115,-0.01223350146718115,-0.01223350146718115,-0.01223350146718115,-0.01223350146718115,-0.01223350146718115,-0.01223350146718115,-0.01223350146718115,-0.01223350146718115,-0.01223350146718115
-0.010802142526472658,-0.010802142526472658,-0.010802142526472658,-0.010802142526472658,-0.010802142526472658,-0.010802142526472658,-0.010802142526472658,-0.010802142526472658,-0.010802142526472658,-0.010802142526472658,-0.010802142526472658,-0.010802142526472658,-0.010802142526472658,-0.010802142526472658
-0.009688976819865004,-0.009688976819865004,-0.009688976819865004,-0.009688976819865004,-0.009688976819865004,-0.009688976819865004,-0.009688976819865004,-0.009688976819865004,-0.009688976819865004,-0.009688976819865004,-0.009688976819865004,-0.009688976819865004,-0.009688976819865004,-0.009688976819865004
-0.009600041336475636,-0.009600041336475636,-0.009600041336475636,-0.009600041336475636,-0.009600041336475636,-0.009600041336475636,-0.009600041336475636,-0.009600041336475636,-0.009600041336475636,-0.009600041336475636,-0.009600041336475636,-0.009600041336475636,-0.009600041336475636,-0.009600041336475636
-0.00917732962739104,-0.00917732962739104,-0.00917732962739104,-0.00917732962739104,-0.00917732962739104,-0.00917732962739104,-0.00917732962739104,-0.00917732962739104,-0.00917732962739104,-0.00917732962739104,-0.00917732962739104,-0.00917732962739104,-0.00917732962739104,-0.00917732962739104
-0.01049283342953935,-0.01049283342953935,-0.01049283342953935,-0.01049283342953935,-0.01049283342953935,-0.01049283342953935,-0.01049283342953935,-0.01049283342953935,-0.01049283342953935,-0.01049283342953935,-0.01049283342953935,-0.01049283342953935,-0.01049283342953935,-0.01049283342953935
-0.011468484531613412,-0.011468484531613412,-0.011468484531613412,-0.011468484531613412,-0.011468484531613412,-0.011468484531613412,-0.011468484531613412,-0.011468484531613412,-0.011468484531613412,-0.011468484531613412,-0.011468484531613412,-0.011468484531613412,-0.011468484531613412,-0.011468484531613412
-0.011806554058489887,-0.011806554058489887,-0.011806554058489887,-0.011806554058489887,-0.011806554058489887,-0.011806554058489887,-0.011806554058489887,-0.011806554058489887,-0.011806554058489887,-0.011806554058489887,-0.011806554058489887,-0.011806554058489887,-0.011806554058489887,-0.011806554058489887
-0.012176410493039812,-0.012176410493039812,-0.012176410493039812,-0.012176410493039812,-0.012176410493039812,-0.012176410493039812,-0.012176410493039812,-0.012176410493039812,-0.012176410493039812,-0.012176410493039812,-0.012176410493039812,-0.012176410493039812,-0.012176410493039812,-0.012176410493039812
-0.014196875013267603,-0.014196875013267603,-0.014196875013267603,-0.014196875013267603,-0.014196875013267603,-0.014196875013267603,-0.014196875013267603,-0.014196875013267603,-0.014196875013267603,-0.014196875013267603,-0.014196875013267603,-0.014196875013267603,-0.014196875013267603,-0.014196875013267603
-0.015556951258866613,-0.015556951258866613,-0.015556951258866613,-0.015556951258866613,-0.015556951258866613,-0.015556951258866613,-0.015556951258866613,-0.015556951258866613,-0.015556951258866613,-0.015556951258866613,-0.015556951258866613,-0.015556951258866613,-0.015556951258866613,-0.015556951258866613
-0.01651260047707031,-0.01651260047707031,-0.01651260047707031,-0.01651260047707031,-0.01651260047707031,-0.01651260047707031,-0.01651260047707031,-0.01651260047707031,-0.01651260047707031,-0.01651260047707031,-0.01651260047707031,-0.01651260047707031,-0.01651260047707031,-0.01651260047707031
-0.017784897358785502,-0.017784897358785502,-0.017784897358785502,-0.017784897358785502,-0.017784897358785502,-0.017784897358785502,-0.017784897358785502,-0.017784897358785502,-0.017784897358785502,-0.017784897358785502,-0.017784897358785502,-0.017784897358785502,-0.017784897358785502,-0.017784897358785502
-0.020286238378817018,-0.020286238378817018,-0.020286238378817018,-0.020286238378817018,-0.020286238378817018,-0.020286238378817018,-0.020286238378817018,-0.020286238378817018,-0.020286238378817018,-0.020286238378817018,-0.020286238378817018,-0.020286238378817018,-0.020286238378817018,-0.020286238378817018
-0.02108051679836275,-0.02108051679836275,-0.02108051679836275,-0.02108051679836275,-0.02108051679836275,-0.02108051679836275,-0.02108051679836275,-0.02108051679836275,-0.02108051679836275,-0.02108051679836275,-0.02108051679836275,-0.02108051679836275,-0.02108051679836275,-0.02108051679836275
-0.021782377506616064,-0.021782377506616064,-0.021782377506616064,-0.021782377506616064,-0.021782377506616064,-0.021782377506616064,-0.021782377506616064,-0.021782377506616064,-0.021782377506616064,-0.021782377506616064,-0.021782377506616064,-0.021782377506616064,-0.021782377506616064,-0.021782377506616064
-0.02172521172777013,-0.02172521172777013,-0.02172521172777013,-0.02172521172777013,-0.02172521172777013,-0.02172521172777013,-0.02172521172777013,-0.02172521172777013,-0.02172521172777013,-0.02172521172777013,-0.02172521172777013,-0.02172521172777013,-0.02172521172777013,-0.02172521172777013
-0.020817332471917735,-0.020817332471917735,-0.020817332471917735,-0.020817332471917735,-0.020817332471917735,-0.020817332471917735,-0.020817332471917735,-0.020817332471917735,-0.020817332471917735,-0.020817332471917735,-0.020817332471917735,-0.020817332471917735,-0.020817332471917735,-0.020817332471917735
-0.020978595317355044,-0.020978595317355044,-0.020978595317355044,-0.020978595317355044,-0.020978595317355044,-0.020978595317355044,-0.020978595317355044,-0.020978595317355044,-0.020978595317355044,-0.020978595317355044,-0.020978595317355044,-0.020978595317355044,-0.020978595317355044,-0.020978595317355044
-0.021027519835723398,-0.021027519835723398,-0.021027519835723398,-0.021027519835723398,-0.021027519835723398,-0.021027519835723398,-0.021027519835723398,-0.021027519835723398,-0.021027519835723398,-0.021027519835723398,-0.021027519835723398,-0.021027519835723398,-0.021027519835723398,-0.021027519835723398
-0.021765633018294202,-0.021765633018294202,-0.021765633018294202,-0.021765633018294202,-0.021765633018294202,-0.021765633018294202,-0.021765633018294202,-0.021765633018294202,-0.021765633018294202,-0.021765633018294202,-0.021765633018294202,-0.021765633018294202,-0.021765633018294202,-0.021765633018294202
-0.022375352554681215,-0.022375352554681215,-0.022375352554681215,-0.022375352554681215,-0.022375352554681215,-0.022375352554681215,-0.022375352554681215,-0.022375352554681215,-0.022375352554681215,-0.022375352554681215,-0.022375352554681215,-0.022375352554681215,-0.022375352554681215,-0.022375352554681215
-0.02316749290673564,-0.02316749290673564,-0.02316749290673564,-0.02316749290673564,-0.02316749290673564,-0.02316749290673564,-0.02316749290673564,-0.02316749290673564,-0.02316749290673564,-0.02316749290673564,-0.02316749290673564,-0.02316749290673564,-0.02316749290673564,-0.02316749290673564
-0.02265587773384687,-0.02265587773384687,-0.02265587773384687,-0.02265587773384687,-0.02265587773384687,-0.02265587773384687,-0.02265587773384687,-0.02265587773384687,-0.02265587773384687,-0.02265587773384687,-0.02265587773384687,-0.02265587773384687,-0.02265587773384687,-0.02265587773384687
-0.020596738831738202,-0.020596738831738202,-0.020596738831738202,-0.020596738831738202,-0.020596738831738202,-0.020596738831738202,-0.020596738831738202,-0.020596738831738202,-0.020596738831738202,-0.020596738831738202,-0.020596738831738202,-0.020596738831738202,-0.020596738831738202,-0.020596738831738202
-0.016760501550178518,-0.016760501550178518,-0.016760501550178518,-0.016760501550178518,-0.016760501550178518,-0.016760501550178518,-0.016760501550178518,-0.016760501550178518,-0.016760501550178518,-0.016760501550178518,-0.016760501550178518,-0.016760501550178518,-0.016760501550178518,-0.016760501550178518
-0.012967963502874002,-0.012967963502874002,-0.012967963502874002,-0.012967963502874002,-0.012967963502874002,-0.012967963502874002,-0.012967963502874002,-0.012967963502874002,-0.012967963502874002,-0.012967963502874002,-0.012967963502874002,-0.012967963502874002,-0.012967963502874002,-0.012967963502874002
-0.010391740506338008,-0.010391740506338008,-0.010391740506338008,-0.010391740506338008,-0.010391740506338008,-0.010391740506338008,-0.010391740506338008,-0.010391740506338008,-0.010391740506338008,-0.010391740506338008,-0.010391740506338008,-0.010391740506338008,-0.010391740506338008,-0.010391740506338008
-0.007684399796635898,-0.007684399796635898,-0.007684399796635898,-0.007684399796635898,-0.007684399796635898,-0.007684399796635898,-0.007684399796635898,-0.007684399796635898,-0.007684399796635898,-0.007684399796635898,-0.007684399796635898,-0.007684399796635898,-0.007684399796635898,-0.007684399796635898
-0.005046558936334549,-0.005046558936334549,-0.005046558936334549,-0.005046558936334549,-0.005046558936334549,-0.005046558936334549,-0.005046558936334549,-0.005046558936334549,-0.005046558936334549,-0.005046558936334549,-0.005046558936334549,-0.005046558936334549,-0.005046558936334549,-0.005046558936334549
-0.0012614717117847645,-0.0012614717117847645,-0.0012614717117847645,-0.0012614717117847645,-0.0012614717117847645,-0.0012614717117847645,-0.0012614717117847645,-0.0012614717117847645,-0.0012614717117847645,-0.0012614717117847645,-0.0012614717117847645,-0.0012614717117847645,-0.0012614717117847645,-0.0012614717117847645
0.001068831242834691,0.001068831242834691,0.001068831242834691,0.001068831242834691,0.001068831242834691,0.001068831242834691,0.001068831242834691,0.001068831242834691,0.001068831242834691,0.001068831242834691,0.001068831242834691,0.001068831242834691,0.001068831242834691,0.001068831242834691
0.001807046702292506,0.001807046702292506,0.001807046702292506,0.001807046702292506,0.001807046702292506,0.001807046702292506,0.001807046702292506,0.001807046702292506,0.001807046702292506,0.001807046702292506,0.001807046702292506,0.001807046702292506,0.001807046702292506,0.001807046702292506
0.00254931525922977,0.00254931525922977,0.00254931525922977,0.00254931525922977,0.00254931525922977,0.00254931525922977,0.00254931525922977,0.00254931525922977,0.00254931525922977,0.00254931525922977,0.00254931525922977,0.00254931525922977,0.00254931525922977,0.00254931525922977
0.0024746321920641147,0.0024746321920641147,0.0024746321920641147,0.0024746321920641147,0.0024746321920641147,0.0024746321920641147,0.0024746321920641147,0.0024746321920641147,0.0024746321920641147,0.0024746321920641147,0.0024746321920641147,0.0024746321920641147,0.0024746321920641147,0.0024746321920641147
0.0027784121343519368,0.0027784121343519368,0.0027784121343519368,0.0027784121343519368,0.0027784121343519368,0.0027784121343519368,0.0027784121343519368,0.0027784121343519368,0.0027784121343519368,0.0027784121343519368,0.0027784121343519368,0.0027784121343519368,0.0027784121343519368,0.0027784121343519368
0.003019370305447065,0.003019370305447065,0.003019370305447065,0.003019370305447065,0.003019370305447065,0.003019370305447065,0.003019370305447065,0.003019370305447065,0.003019370305447065,0.003019370305447065,0.003019370305447065,0.003019370305447065,0.003019370305447065,0.003019370305447065
0.0013129476427427365,0.0013129476427427365,0.0013129476427427365,0.0013129476427427365,0.0013129476427427365,0.0013129476427427365,0.0013129476427427365,0.0013129476427427365,0.0013129476427427365,0.0013129476427427365,0.0013129476427427365,0.0013129476427427365,0.0013129476427427365,0.0013129476427427365
-0.001040870159230729,-0.001040870159230729,-0.001040870159230729,-0.001040870159230729,-0.001040870159230729,-0.001040870159230729,-0.001040870159230729,-0.001040870159230729,-0.001040870159230729,-0.001040870159230729,-0.001040870159230729,-0.001040870159230729,-0.001040870159230729,-0.001040870159230729
-0.003149299300131964,-0.003149299300131964,-0.003149299300131964,-0.003149299300131964,-0.003149299300131964,-0.003149299300131964,-0.003149299300131964,-0.003149299300131964,-0.003149299300131964,-0.003149299300131964,-0.003149299300131964,-0.003149299300131964,-0.003149299300131964,-0.003149299300131964
-0.005931914014739153,-0.005931914014739153,-0.005931914014739153,-0.005931914014739153,-0.005931914014739153,-0.005931914014739153,-0.005931914014739153,-0.005931914014739153,-0.005931914014739153,-0.005931914014739153,-0.005931914014739153,-0.005931914014739153,-0.005931914014739153,-0.005931914014739153
-0.008512061072979929,-0.008512061072979929,-0.008512061072979929,-0.008512061072979929,-0.008512061072979929,-0.008512061072979929,-0.008512061072979929,-0.008512061072979929,-0.008512061072979929,-0.008512061072979929,-0.008512061072979929,-0.008512061072979929,-0.008512061072979929,-0.008512061072979929
-0.011419014081805647,-0.011419014081805647,-0.011419014081805647,-0.011419014081805647,-0.011419014081805647,-0.011419014081805647,-0.011419014081805647,-0.011419014081805647,-0.011419014081805647,-0.011419014081805647,-0.011419014081805647,-0.011419014081805647,-0.011419014081805647,-0.011419014081805647
-0.015484194871027833,-0.015484194871027833,-0.015484194871027833,-0.015484194871027833,-0.015484194871027833,-0.015484194871027833,-0.015484194871027833,-0.015484194871027833,-0.015484194871027833,-0.015484194871027833,-0.015484194871027833,-0.015484194871027833,-0.015484194871027833,-0.015484194871027833
-0.019266684009381384,-0.019266684009381384,-0.019266684009381384,-0.019266684009381384,-0.019266684009381384,-0.019266684009381384,-0.019266684009381384,-0.019266684009381384,-0.019266684009381384,-0.019266684009381384,-0.019266684009381384,-0.019266684009381384,-0.019266684009381384,-0.019266684009381384
-0.021745798104131873,-0.021745798104131873,-0.021745798104131873,-0.021745798104131873,-0.021745798104131873,-0.021745798104131873,-0.021745798104131873,-0.021745798104131873,-0.021745798104131873,-0.021745798104131873,-0.021745798104131873,-0.021745798104131873,-0.021745798104131873,-0.021745798104131873
-0.024405939117764085,-0.024405939117764085,-0.024405939117764085,-0.024405939117764085,-0.024405939117764085,-0.024405939117764085,-0.024405939117764085,-0.024405939117764085,-0.024405939117764085,-0.024405939117764085,-0.024405939117764085,-0.024405939117764085,-0.024405939117764085,-0.024405939117764085
-0.02580071082453781,-0.02580071082453781,-0.02580071082453781,-0.02580071082453781,-0.02580071082453781,-0.02580071082453781,-0.02580071082453781,-0.02580071082453781,-0.02580071082453781,-0.02580071082453781,-0.02580071082453781,-0.02580071082453781,-0.02580071082453781,-0.02580071082453781
-0.026845713138865013,-0.026845713138865013,-0.026845713138865013,-0.026845713138865013,-0.026845713138865013,-0.026845713138865013,-0.026845713138865013,-0.026845713138865013,-0.026845713138865013,-0.026845713138865013,-0.026845713138865013,-0.026845713138865013,-0.026845713138865013,-0.026845713138865013
-0.02732733680731423,-0.02732733680731423,-0.02732733680731423,-0.02732733680731423,-0.02732733680731423,-0.02732733680731423,-0.02732733680731423,-0.02732733680731423,-0.02732733680731423,-0.02732733680731423,-0.02732733680731423,-0.02732733680731423,-0.02732733680731423,-0.02732733680731423
-0.028064170239486028,-0.028064170239486028,-0.028064170239486028,-0.028064170239486028,-0.028064170239486028,-0.028064170239486028,-0.028064170239486028,-0.028064170239486028,-0.028064170239486028,-0.028064170239486028,-0.028064170239486028,-0.028064170239486028,-0.028064170239486028,-0.028064170239486028
-0.027945415779091255,-0.027945415779091255,-0.027945415779091255,-0.027945415779091255,-0.027945415779091255,-0.027945415779091255,-0.027945415779091255,-0.027945415779091255,-0.027945415779091255,-0.027945415779091255,-0.027945415779091255,-0.027945415779091255,-0.027945415779091255,-0.027945415779091255
-0.02841388028810313,-0.02841388028810313,-0.02841388028810313,-0.02841388028810313,-0.02841388028810313,-0.02841388028810313,-0.02841388028810313,-0.02841388028810313,-0.02841388028810313,-0.02841388028810313,-0.02841388028810313,-0.02841388028810313,-0.02841388028810313,-0.02841388028810313
-0.027580816277697037,-0.027580816277697037,-0.027580816277697037,-0.027580816277697037,-0.027580816277697037,-0.027580816277697037,-0.027580816277697037,-0.027580816277697037,-0.027580816277697037,-0.027580816277697037,-0.027580816277697037,-0.027580816277697037,-0.027580816277697037,-0.027580816277697037
-0.026446387553355693,-0.026446387553355693,-0.026446387553355693,-0.026446387553355693,-0.026446387553355693,-0.026446387553355693,-0.026446387553355693,-0.026446387553355693,-0.026446387553355693,-0.026446387553355693,-0.026446387553355693,-0.026446387553355693,-0.026446387553355693,-0.026446387553355693
-0.025291207856368264,-0.025291207856368264,-0.025291207856368264,-0.025291207856368264,-0.025291207856368264,-0.025291207856368264,-0.025291207856368264,-0.025291207856368264,-0.025291207856368264,-0.025291207856368264,-0.025291207856368264,-0.025291207856368264,-0.025291207856368264,-0.025291207856368264
-0.023793935019264134,-0.023793935019264134,-0.023793935019264134,-0.023793935019264134,-0.023793935019264134,-0.023793935019264134,-0.023793935019264134,-0.023793935019264134,-0.023793935019264134,-0.023793935019264134,-0.023793935019264134,-0.023793935019264134,-0.023793935019264134,-0.023793935019264134
-0.023206896350284584,-0.023206896350284584,-0.023206896350284584,-0.023206896350284584,-0.023206896350284584,-0.023206896350284584,-0.023206896350284584,-0.023206896350284584,-0.023206896350284584,-0.023206896350284584,-0.023206896350284584,-0.023206896350284584,-0.023206896350284584,-0.023206896350284584
-0.021715893278725272,-0.021715893278725272,-0.021715893278725272,-0.021715893278725272,-0.021715893278725272,-0.021715893278725272,-0.021715893278725272,-0.021715893278725272,-0.021715893278725272,-0.021715893278725272,-0.021715893278725272,-0.021715893278725272,-0.021715893278725272,-0.021715893278725272
-0.02132566478042036,-0.02132566478042036,-0.02132566478042036,-0.02132566478042036,-0.02132566478042036,-0.02132566478042036,-0.02132566478042036,-0.02132566478042036,-0.02132566478042036,-0.02132566478042036,-0.02132566478042036,-0.02132566478042036,-0.02132566478042036,-0.02132566478042036
-0.02217311225632896,-0.02217311225632896,-0.02217311225632896,-0.02217311225632896,-0.02217311225632896,-0.02217311225632896,-0.02217311225632896,-0.02217311225632896,-0.02217311225632896,-0.02217311225632896,-0.02217311225632896,-0.02217311225632896,-0.02217311225632896,-0.02217311225632896
-0.022838444773626676,-0.022838444773626676,-0.022838444773626676,-0.022838444773626676,-0.022838444773626676,-0.022838444773626676,-0.022838444773626676,-0.022838444773626676,-0.022838444773626676,-0.022838444773626676,-0.022838444773626676,-0.022838444773626676,-0.022838444773626676,-0.022838444773626676
-0.022638074061692878,-0.022638074061692878,-0.022638074061692878,-0.022638074061692878,-0.022638074061692878,-0.022638074061692878,-0.022638074061692878,-0.022638074061692878,-0.022638074061692878,-0.022638074061692878,-0.022638074061692878,-0.022638074061692878,-0.022638074061692878,-0.022638074061692878
-0.023050682054226078,-0.023050682054226078,-0.023050682054226078,-0.023050682054226078,-0.023050682054226078,-0.023050682054226078,-0.023050682054226078,-0.023050682054226078,-0.023050682054226078,-0.023050682054226078,-0.023050682054226078,-0.023050682054226078,-0.023050682054226078,-0.023050682054226078
-0.02392913672785484,-0.02392913672785484,-0.02392913672785484,-0.02392913672785484,-0.02392913672785484,-0.02392913672785484,-0.02392913672785484,-0.02392913672785484,-0.02392913672785484,-0.02392913672785484,-0.02392913672785484,-0.02392913672785484,-0.02392913672785484,-0.02392913672785484
-0.024615830438065346,-0.024615830438065346,-0.024615830438065346,-0.024615830438065346,-0.024615830438065346,-0.024615830438065346,-0.024615830438065346,-0.024615830438065346,-0.024615830438065346,-0.024615830438065346,-0.024615830438065346,-0.024615830438065346,-0.024615830438065346,-0.024615830438065346
-0.02417192083227888,-0.02417192083227888,-0.02417192083227888,-0.02417192083227888,-0.02417192083227888,-0.02417192083227888,-0.02417192083227888,-0.02417192083227888,-0.02417192083227888,-0.02417192083227888,-0.02417192083227888,-0.02417192083227888,-0.02417192083227888,-0.02417192083227888
-0.02281264766349656,-0.02281264766349656,-0.02281264766349656,-0.02281264766349656,-0.02281264766349656,-0.02281264766349656,-0.02281264766349656,-0.02281264766349656,-0.02281264766349656,-0.02281264766349656,-0.02281264766349656,-0.02281264766349656,-0.02281264766349656,-0.02281264766349656
-0.020656325456186602,-0.020656325456186602,-0.020656325456186602,-0.020656325456186602,-0.020656325456186602,-0.020656325456186602,-0.020656325456186602,-0.020656325456186602,-0.020656325456186602,-0.020656325456186602,-0.020656325456186602,-0.020656325456186602,-0.020656325456186602,-0.020656325456186602
-0.019256594631454772,-0.019256594631454772,-0.019256594631454772,-0.019256594631454772,-0.019256594631454772,-0.019256594631454772,-0.019256594631454772,-0.019256594631454772,-0.019256594631454772,-0.019256594631454772,-0.019256594631454772,-0.019256594631454772,-0.019256594631454772,-0.019256594631454772
-0.01810856151797463,-0.01810856151797463,-0.01810856151797463,-0.01810856151797463,-0.01810856151797463,-0.01810856151797463,-0.01810856151797463,-0.01810856151797463,-0.01810856151797463,-0.01810856151797463,-0.01810856151797463,-0.01810856151797463,-0.01810856151797463,-0.01810856151797463
-0.01807782666216666,-0.01807782666216666,-0.01807782666216666,-0.01807782666216666,-0.01807782666216666,-0.01807782666216666,-0.01807782666216666,-0.01807782666216666,-0.01807782666216666,-0.01807782666216666,-0.01807782666216666,-0.01807782666216666,-0.01807782666216666,-0.01807782666216666
-0.018527362615127378,-0.018527362615127378,-0.018527362615127378,-0.018527362615127378,-0.018527362615127378,-0.018527362615127378,-0.018527362615127378,-0.018527362615127378,-0.018527362615127378,-0.018527362615127378,-0.018527362615127378,-0.018527362615127378,-0.018527362615127378,-0.018527362615127378
-0.019855934806518368,-0.019855934806518368,-0.019855934806518368,-0.019855934806518368,-0.019855934806518368,-0.019855934806518368,-0.019855934806518368,-0.019855934806518368,-0.019855934806518368,-0.019855934806518368,-0.019855934806518368,-0.019855934806518368,-0.019855934806518368,-0.019855934806518368
-0.02017291816887111,-0.02017291816887111,-0.02017291816887111,-0.02017291816887111,-0.02017291816887111,-0.02017291816887111,-0.02017291816887111,-0.02017291816887111,-0.02017291816887111,-0.02017291816887111,-0.02017291816887111,-0.02017291816887111,-0.02017291816887111,-0.02017291816887111
-0.01937513247706285,-0.01937513247706285,-0.01937513247706285,-0.01937513247706285,-0.01937513247706285,-0.01937513247706285,-0.01937513247706285,-0.01937513247706285,-0.01937513247706285,-0.01937513247706285,-0.01937513247706285,-0.01937513247706285,-0.01937513247706285,-0.01937513247706285
-0.01741697417612103,-0.01741697417612103,-0.01741697417612103,-0.01741697417612103,-0.01741697417612103,-0.01741697417612103,-0.01741697417612103,-0.01741697417612103,-0.01741697417612103,-0.01741697417612103,-0.01741697417612103,-0.01741697417612103,-0.01741697417612103,-0.01741697417612103
-0.015360808262678102,-0.015360808262678102,-0.015360808262678102,-0.015360808262678102,-0.015360808262678102,-0.015360808262678102,-0.015360808262678102,-0.015360808262678102,-0.015360808262678102,-0.015360808262678102,-0.015360808262678102,-0.015360808262678102,-0.015360808262678102,-0.015360808262678102
-0.014211065428158235,-0.014211065428158235,-0.014211065428158235,-0.014211065428158235,-0.014211065428158235,-0.014211065428158235,-0.014211065428158235,-0.014211065428158235,-0.014211065428158235,-0.014211065428158235,-0.014211065428158235,-0.014211065428158235,-0.014211065428158235,-0.014211065428158235
-0.014352637717295634,-0.014352637717295634,-0.014352637717295634,-0.014352637717295634,-0.014352637717295634,-0.014352637717295634,-0.014352637717295634,-0.014352637717295634,-0.014352637717295634,-0.014352637717295634,-0.014352637717295634,-0.014352637717295634,-0.014352637717295634,-0.014352637717295634
-0.015012243433927833,-0.015012243433927833,-0.015012243433927833,-0.015012243433927833,-0.015012243433927833,-0.015012243433927833,-0.015012243433927833,-0.015012243433927833,-0.015012243433927833,-0.015012243433927833,-0.015012243433927833,-0.015012243433927833,-0.015012243433927833,-0.015012243433927833
-0.016673212149933156,-0.016673212149933156,-0.016673212149933156,-0.016673212149933156,-0.016673212149933156,-0.016673212149933156,-0.016673212149933156,-0.016673212149933156,-0.016673212149933156,-0.016673212149933156,-0.016673212149933156,-0.016673212149933156,-0.016673212149933156,-0.016673212149933156
-0.018563760729066004,-0.018563760729066004,-0.018563760729066004,-0.018563760729066004,-0.018563760729066004,-0.018563760729066004,-0.018563760729066004,-0.018563760729066004,-0.018563760729066004,-0.018563760729066004,-0.018563760729066004,-0.018563760729066004,-0.018563760729066004,-0.018563760729066004
-0.020893282492418196,-0.020893282492418196,-0.020893282492418196,-0.020893282492418196,-0.020893282492418196,-0.020893282492418196,-0.020893282492418196,-0.020893282492418196,-0.020893282492418196,-0.020893282492418196,-0.020893282492418196,-0.020893282492418196,-0.020893282492418196,-0.020893282492418196
-0.022027185496931036,-0.022027185496931036,-0.022027185496931036,-0.022027185496931036,-0.022027185496931036,-0.022027185496931036,-0.022027185496931036,-0.022027185496931036,-0.022027185496931036,-0.022027185496931036,-0.022027185496931036,-0.022027185496931036,-0.022027185496931036,-0.022027185496931036
-0.02248856783256249,-0.02248856783256249,-0.02248856783256249,-0.02248856783256249,-0.02248856783256249,-0.02248856783256249,-0.02248856783256249,-0.02248856783256249,-0.02248856783256249,-0.02248856783256249,-0.02248856783256249,-0.02248856783256249,-0.02248856783256249,-0.02248856783256249
-0.0240502465358964,-0.0240502465358964,-0.0240502465358964,-0.0240502465358964,-0.0240502465358964,-0.0240502465358964,-0.0240502465358964,-0.0240502465358964,-0.0240502465358964,-0.0240502465358964,-0.0240502465358964,-0.0240502465358964,-0.0240502465358964,-0.0240502465358964
-0.02523968730306388,-0.02523968730306388,-0.02523968730306388,-0.02523968730306388,-0.02523968730306388,-0.02523968730306388,-0.02523968730306388,-0.02523968730306388,-0.02523968730306388,-0.02523968730306388,-0.02523968730306388,-0.02523968730306388,-0.02523968730306388,-0.02523968730306388
-0.026510050537641775,-0.026510050537641775,-0.026510050537641775,-0.026510050537641775,-0.026510050537641775,-0.026510050537641775,-0.026510050537641775,-0.026510050537641775,-0.026510050537641775,-0.026510050537641775,-0.026510050537641775,-0.026510050537641775,-0.026510050537641775,-0.026510050537641775
-0.026689460611278526,-0.026689460611278526,-0.026689460611278526,-0.026689460611278526,-0.026689460611278526,-0.026689460611278526,-0.026689460611278526,-0.026689460611278526,-0.026689460611278526,-0.026689460611278526,-0.026689460611278526,-0.026689460611278526,-0.026689460611278526,-0.026689460611278526
-0.025814715825691635,-0.025814715825691635,-0.025814715825691635,-0.025814715825691635,-0.025814715825691635,-0.025814715825691635,-0.025814715825691635,-0.025814715825691635,-0.025814715825691635,-0.025814715825691635,-0.025814715825691635,-0.025814715825691635,-0.025814715825691635,-0.025814715825691635
-0.025728048873751366,-0.025728048873751366,-0.025728048873751366,-0.025728048873751366,-0.025728048873751366,-0.025728048873751366,-0.025728048873751366,-0.025728048873751366,-0.025728048873751366,-0.025728048873751366,-0.025728048873751366,-0.025728048873751366,-0.025728048873751366,-0.025728048873751366
-0.025764966946061275,-0.025764966946061275,-0.025764966946061275,-0.025764966946061275,-0.025764966946061275,-0.025764966946061275,-0.025764966946061275,-0.025764966946061275,-0.025764966946061275,-0.025764966946061275,-0.025764966946061275,-0.025764966946061275,-0.025764966946061275,-0.025764966946061275
-0.026279413610453578,-0.026279413610453578,-0.026279413610453578,-0.026279413610453578,-0.026279413610453578,-0.026279413610453578,-0.026279413610453578,-0.026279413610453578,-0.026279413610453578,-0.026279413610453578,-0.026279413610453578,-0.026279413610453578,-0.026279413610453578,-0.026279413610453578
-0.025559485964874666,-0.025559485964874666,-0.025559485964874666,-0.025559485964874666,-0.025559485964874666,-0.025559485964874666,-0.025559485964874666,-0.025559485964874666,-0.025559485964874666,-0.025559485964874666,-0.025559485964874666,-0.025559485964874666,-0.025559485964874666,-0.025559485964874666
-0.024914753174310113,-0.024914753174310113,-0.024914753174310113,-0.024914753174310113,-0.024914753174310113,-0.024914753174310113,-0.024914753174310113,-0.024914753174310113,-0.024914753174310113,-0.024914753174310113,-0.024914753174310113,-0.024914753174310113,-0.024914753174310113,-0.024914753174310113
-0.02392721530438885,-0.02392721530438885,-0.02392721530438885,-0.02392721530438885,-0.02392721530438885,-0.02392721530438885,-0.02392721530438885,-0.02392721530438885,-0.02392721530438885,-0.02392721530438885,-0.02392721530438885,-0.02392721530438885,-0.02392721530438885,-0.02392721530438885
-0.023933924366956696,-0.023933924366956696,-0.023933924366956696,-0.023933924366956696,-0.023933924366956696,-0.023933924366956696,-0.023933924366956696,-0.023933924366956696,-0.023933924366956696,-0.023933924366956696,-0.023933924366956696,-0.023933924366956696,-0.023933924366956696,-0.023933924366956696
-0.02471442874684047,-0.02471442874684047,-0.02471442874684047,-0.02471442874684047,-0.02471442874684047,-0.02471442874684047,-0.02471442874684047,-0.02471442874684047,-0.02471442874684047,-0.02471442874684047,-0.02471442874684047,-0.02471442874684047,-0.02471442874684047,-0.02471442874684047
-0.026413620306829488,-0.026413620306829488,-0.026413620306829488,-0.026413620306829488,-0.026413620306829488,-0.026413620306829488,-0.026413620306829488,-0.026413620306829488,-0.026413620306829488,-0.026413620306829488,-0.026413620306829488,-0.026413620306829488,-0.026413620306829488,-0.026413620306829488
-0.027814338425746238,-0.027814338425746238,-0.027814338425746238,-0.027814338425746238,-0.027814338425746238,-0.027814338425746238,-0.027814338425746238,-0.027814338425746238,-0.027814338425746238,-0.027814338425746238,-0.027814338425746238,-0.027814338425746238,-0.027814338425746238,-0.027814338425746238
-0.028432046090676108,-0.028432046090676108,-0.028432046090676108,-0.028432046090676108,-0.028432046090676108,-0.028432046090676108,-0.028432046090676108,-0.028432046090676108,-0.028432046090676108,-0.028432046090676108,-0.028432046090676108,-0.028432046090676108,-0.028432046090676108,-0.028432046090676108
-0.030363375983613924,-0.030363375983613924,-0.030363375983613924,-0.030363375983613924,-0.030363375983613924,-0.030363375983613924,-0.030363375983613924,-0.030363375983613924,-0.030363375983613924,-0.030363375983613924,-0.030363375983613924,-0.030363375983613924,-0.030363375983613924,-0.030363375983613924
-0.033046879595036154,-0.033046879595036154,-0.033046879595036154,-0.033046879595036154,-0.033046879595036154,-0.033046879595036154,-0.033046879595036154,-0.033046879595036154,-0.033046879595036154,-0.033046879595036154,-0.033046879595036154,-0.033046879595036154,-0.033046879595036154,-0.033046879595036154
-0.037693976739146665,-0.037693976739146665,-0.037693976739146665,-0.037693976739146665,-0.037693976739146665,-0.037693976739146665,-0.037693976739146665,-0.037693976739146665,-0.037693976739146665,-0.037693976739146665,-0.037693976739146665,-0.037693976739146665,-0.037693976739146665,-0.037693976739146665
-0.04154255105121906,-0.04154255105121906,-0.04154255105121906,-0.04154255105121906,-0.04154255105121906,-0.04154255105121906,-0.04154255105121906,-0.04154255105121906,-0.04154255105121906,-0.04154255105121906,-0.04154255105121906,-0.04154255105121906,-0.04154255105121906,-0.04154255105121906
-0.04534450114870253,-0.04534450114870253,-0.04534450114870253,-0.04534450114870253,-0.04534450114870253,-0.04534450114870253,-0.04534450114870253,-0.04534450114870253,-0.04534450114870253,-0.04534450114870253,-0.04534450114870253,-0.04534450114870253,-0.04534450114870253,-0.04534450114870253
-0.047526824567855265,-0.047526824567855265,-0.047526824567855265,-0.047526824567855265,-0.047526824567855265,-0.047526824567855265,-0.047526824567855265,-0.047526824567855265,-0.047526824567855265,-0.047526824567855265,-0.047526824567855265,-0.047526824567855265,-0.047526824567855265,-0.047526824567855265
-0.04963824989800578,-0.04963824989800578,-0.04963824989800578,-0.04963824989800578,-0.04963824989800578,-0.04963824989800578,-0.04963824989800578,-0.04963824989800578,-0.04963824989800578,-0.04963824989800578,-0.04963824989800578,-0.04963824989800578,-0.04963824989800578,-0.04963824989800578
-0.052472471823028555,-0.052472471823028555,-0.052472471823028555,-0.052472471823028555,-0.052472471823028555,-0.052472471823028555,-0.052472471823028555,-0.052472471823028555,-0.052472471823028555,-0.052472471823028555,-0.052472471823028555,-0.052472471823028555,-0.052472471823028555,-0.052472471823028555
-0.05607026333326164,-0.05607026333326164,-0.05607026333326164,-0.05607026333326164,-0.05607026333326164,-0.05607026333326164,-0.05607026333326164,-0.05607026333326164,-0.05607026333326164,-0.05607026333326164,-0.05607026333326164,-0.05607026333326164,-0.05607026333326164,-0.05607026333326164
-0.05882184019215972,-0.05882184019215972,-0.05882184019215972,-0.05882184019215972,-0.05882184019215972,-0.05882184019215972,-0.05882184019215972,-0.05882184019215972,-0.05882184019215972,-0.05882184019215972,-0.05882184019215972,-0.05882184019215972,-0.05882184019215972,-0.05882184019215972
-0.061132265163615286,-0.061132265163615286,-0.061132265163615286,-0.061132265163615286,-0.061132265163615286,-0.061132265163615286,-0.061132265163615286,-0.061132265163615286,-0.061132265163615286,-0.061132265163615286,-0.061132265163615286,-0.061132265163615286,-0.061132265163615286,-0.061132265163615286
-0.06274526726749219,-0.06274526726749219,-0.06274526726749219,-0.06274526726749219,-0.06274526726749219,-0.06274526726749219,-0.06274526726749219,-0.06274526726749219,-0.06274526726749219,-0.06274526726749219,-0.06274526726749219,-0.06274526726749219,-0.06274526726749219,-0.06274526726749219
-0.06339593944135505,-0.06339593944135505,-0.06339593944135505,-0.06339593944135505,-0.06339593944135505,-0.06339593944135505,-0.06339593944135505,-0.06339593944135505,-0.06339593944135505,-0.06339593944135505,-0.06339593944135505,-0.06339593944135505,-0.06339593944135505,-0.06339593944135505
-0.06312467125681133,-0.06312467125681133,-0.06312467125681133,-0.06312467125681133,-0.06312467125681133,-0.06312467125681133,-0.06312467125681133,-0.06312467125681133,-0.06312467125681133,-0.06312467125681133,-0.06312467125681133,-0.06312467125681133,-0.06312467125681133,-0.06312467125681133
-0.06267971873039907,-0.06267971873039907,-0.06267971873039907,-0.06267971873039907,-0.06267971873039907,-0.06267971873039907,-0.06267971873039907,-0.06267971873039907,-0.06267971873039907,-0.06267971873039907,-0.06267971873039907,-0.06267971873039907,-0.06267971873039907,-0.06267971873039907
-0.06302636188997861,-0.06302636188997861,-0.06302636188997861,-0.06302636188997861,-0.06302636188997861,-0.06302636188997861,-0.06302636188997861,-0.06302636188997861,-0.06302636188997861,-0.06302636188997861,-0.06302636188997861,-0.06302636188997861,-0.06302636188997861,-0.06302636188997861
-0.06384721606079455,-0.06384721606079455,-0.06384721606079455,-0.06384721606079455,-0.06384721606079455,-0.06384721606079455,-0.06384721606079455,-0.06384721606079455,-0.06384721606079455,-0.06384721606079455,-0.06384721606079455,-0.06384721606079455,-0.06384721606079455,-0.06384721606079455
-0.06290665121106077,-0.06290665121106077,-0.06290665121106077,-0.06290665121106077,-0.06290665121106077,-0.06290665121106077,-0.06290665121106077,-0.06290665121106077,-0.06290665121106077,-0.06290665121106077,-0.06290665121106077,-0.06290665121106077,-0.06290665121106077,-0.06290665121106077
-0.06275658613264817,-0.06275658613264817,-0.06275658613264817,-0.06275658613264817,-0.06275658613264817,-0.06275658613264817,-0.06275658613264817,-0.06275658613264817,-0.06275658613264817,-0.06275658613264817,-0.06275658613264817,-0.06275658613264817,-0.06275658613264817,-0.06275658613264817
-0.06225524648120233,-0.06225524648120233,-0.06225524648120233,-0.06225524648120233,-0.06225524648120233,-0.06225524648120233,-0.06225524648120233,-0.06225524648120233,-0.06225524648120233,-0.06225524648120233,-0.06225524648120233,-0.06225524648120233,-0.06225524648120233,-0.06225524648120233
-0.0627074273874631,-0.0627074273874631,-0.0627074273874631,-0.0627074273874631,-0.0627074273874631,-0.0627074273874631,-0.0627074273874631,-0.0627074273874631,-0.0627074273874631,-0.0627074273874631,-0.0627074273874631,-0.0627074273874631,-0.0627074273874631,-0.0627074273874631
-0.06298544169679544,-0.06298544169679544,-0.06298544169679544,-0.06298544169679544,-0.06298544169679544,-0.06298544169679544,-0.06298544169679544,-0.06298544169679544,-0.06298544169679544,-0.06298544169679544,-0.06298544169679544,-0.06298544169679544,-0.06298544169679544,-0.06298544169679544
-0.06358319112493996,-0.06358319112493996,-0.06358319112493996,-0.06358319112493996,-0.06358319112493996,-0.06358319112493996,-0.06358319112493996,-0.06358319112493996,-0.06358319112493996,-0.06358319112493996,-0.06358319112493996,-0.06358319112493996,-0.06358319112493996,-0.06358319112493996
-0.06362880278767777,-0.06362880278767777,-0.06362880278767777,-0.06362880278767777,-0.06362880278767777,-0.06362880278767777,-0.06362880278767777,-0.06362880278767777,-0.06362880278767777,-0.06362880278767777,-0.06362880278767777,-0.06362880278767777,-0.06362880278767777,-0.06362880278767777
-0.0637957341709303,-0.0637957341709303,-0.0637957341709303,-0.0637957341709303,-0.0637957341709303,-0.0637957341709303,-0.0637957341709303,-0.0637957341709303,-0.0637957341709303,-0.0637957341709303,-0.0637957341709303,-0.0637957341709303,-0.0637957341709303,-0.0637957341709303
-0.06273088227998434,-0.06273088227998434,-0.06273088227998434,-0.06273088227998434,-0.06273088227998434,-0.06273088227998434,-0.06273088227998434,-0.06273088227998434,-0.06273088227998434,-0.06273088227998434,-0.06273088227998434,-0.06273088227998434,-0.06273088227998434,-0.06273088227998434
-0.061107616531383024,-0.061107616531383024,-0.061107616531383024,-0.061107616531383024,-0.061107616531383024,-0.061107616531383024,-0.061107616531383024,-0.061107616531383024,-0.061107616531383024,-0.061107616531383024,-0.061107616531383024,-0.061107616531383024,-0.061107616531383024,-0.061107616531383024
-0.05973404843291759,-0.05973404843291759,-0.05973404843291759,-0.05973404843291759,-0.05973404843291759,-0.05973404843291759,-0.05973404843291759,-0.05973404843291759,-0.05973404843291759,-0.05973404843291759,-0.05973404843291759,-0.05973404843291759,-0.05973404843291759,-0.05973404843291759
-0.05932967622640855,-0.05932967622640855,-0.05932967622640855,-0.05932967622640855,-0.05932967622640855,-0.05932967622640855,-0.05932967622640855,-0.05932967622640855,-0.05932967622640855,-0.05932967622640855,-0.05932967622640855,-0.05932967622640855,-0.05932967622640855,-0.05932967622640855
-0.05815489915558821,-0.05815489915558821,-0.05815489915558821,-0.05815489915558821,-0.05815489915558821,-0.05815489915558821,-0.05815489915558821,-0.05815489915558821,-0.05815489915558821,-0.05815489915558821,-0.05815489915558821,-0.05815489915558821,-0.05815489915558821,-0.05815489915558821
-0.05812491726620926,-0.05812491726620926,-0.05812491726620926,-0.05812491726620926,-0.05812491726620926,-0.05812491726620926,-0.05812491726620926,-0.05812491726620926,-0.05812491726620926,-0.05812491726620926,-0.05812491726620926,-0.05812491726620926,-0.05812491726620926,-0.05812491726620926
-0.05820571080118001,-0.05820571080118001,-0.05820571080118001,-0.05820571080118001,-0.05820571080118001,-0.05820571080118001,-0.05820571080118001,-0.05820571080118001,-0.05820571080118001,-0.05820571080118001,-0.05820571080118001,-0.05820571080118001,-0.05820571080118001,-0.05820571080118001
-0.05840799118953285,-0.05840799118953285,-0.05840799118953285,-0.05840799118953285,-0.05840799118953285,-0.05840799118953285,-0.05840799118953285,-0.05840799118953285,-0.05840799118953285,-0.05840799118953285,-0.05840799118953285,-0.05840799118953285,-0.05840799118953285,-0.05840799118953285
-0.058918385527374835,-0.058918385527374835,-0.058918385527374835,-0.058918385527374835,-0.058918385527374835,-0.058918385527374835,-0.058918385527374835,-0.058918385527374835,-0.058918385527374835,-0.058918385527374835,-0.058918385527374835,-0.058918385527374835,-0.058918385527374835,-0.058918385527374835
-0.05982242617027489,-0.05982242617027489,-0.05982242617027489,-0.05982242617027489,-0.05982242617027489,-0.05982242617027489,-0.05982242617027489,-0.05982242617027489,-0.05982242617027489,-0.05982242617027489,-0.05982242617027489,-0.05982242617027489,-0.05982242617027489,-0.05982242617027489
-0.061358579330445744,-0.061358579330445744,-0.061358579330445744,-0.061358579330445744,-0.061358579330445744,-0.061358579330445744,-0.061358579330445744,-0.061358579330445744,-0.061358579330445744,-0.061358579330445744,-0.061358579330445744,-0.061358579330445744,-0.061358579330445744,-0.061358579330445744
-0.06208888666061919,-0.06208888666061919,-0.06208888666061919,-0.06208888666061919,-0.06208888666061919,-0.06208888666061919,-0.06208888666061919,-0.06208888666061919,-0.06208888666061919,-0.06208888666061919,-0.06208888666061919,-0.06208888666061919,-0.06208888666061919,-0.06208888666061919
-0.06302180263893443,-0.06302180263893443,-0.06302180263893443,-0.06302180263893443,-0.06302180263893443,-0.06302180263893443,-0.06302180263893443,-0.06302180263893443,-0.06302180263893443,-0.06302180263893443,-0.06302180263893443,-0.06302180263893443,-0.06302180263893443,-0.06302180263893443
-0.06504540109079808,-0.06504540109079808,-0.06504540109079808,-0.06504540109079808,-0.06504540109079808,-0.06504540109079808,-0.06504540109079808,-0.06504540109079808,-0.06504540109079808,-0.06504540109079808,-0.06504540109079808,-0.06504540109079808,-0.06504540109079808,-0.06504540109079808
-0.06713990659263673,-0.06713990659263673,-0.06713990659263673,-0.06713990659263673,-0.06713990659263673,-0.06713990659263673,-0.06713990659263673,-0.06713990659263673,-0.06713990659263673,-0.06713990659263673,-0.06713990659263673,-0.06713990659263673,-0.06713990659263673,-0.06713990659263673
-0.06811477428304613,-0.06811477428304613,-0.06811477428304613,-0.06811477428304613,-0.06811477428304613,-0.06811477428304613,-0.06811477428304613,-0.06811477428304613,-0.06811477428304613,-0.06811477428304613,-0.06811477428304613,-0.06811477428304613,-0.06811477428304613,-0.06811477428304613
-0.06851865960610483,-0.06851865960610483,-0.06851865960610483,-0.06851865960610483,-0.06851865960610483,-0.06851865960610483,-0.06851865960610483,-0.06851865960610483,-0.06851865960610483,-0.06851865960610483,-0.06851865960610483,-0.06851865960610483,-0.06851865960610483,-0.06851865960610483
-0.06916141188571778,-0.06916141188571778,-0.06916141188571778,-0.06916141188571778,-0.06916141188571778,-0.06916141188571778,-0.06916141188571778,-0.06916141188571778,-0.06916141188571778,-0.06916141188571778,-0.06916141188571778,-0.06916141188571778,-0.06916141188571778,-0.06916141188571778
-0.07025517688161899,-0.07025517688161899,-0.07025517688161899,-0.07025517688161899,-0.07025517688161899,-0.07025517688161899,-0.07025517688161899,-0.07025517688161899,-0.07025517688161899,-0.07025517688161899,-0.07025517688161899,-0.07025517688161899,-0.07025517688161899,-0.07025517688161899
-0.07165379035724026,-0.07165379035724026,-0.07165379035724026,-0.07165379035724026,-0.07165379035724026,-0.07165379035724026,-0.07165379035724026,-0.07165379035724026,-0.07165379035724026,-0.07165379035724026,-0.07165379035724026,-0.07165379035724026,-0.07165379035724026,-0.07165379035724026
-0.07302649780469121,-0.07302649780469121,-0.07302649780469121,-0.07302649780469121,-0.07302649780469121,-0.07302649780469121,-0.07302649780469121,-0.07302649780469121,-0.07302649780469121,-0.07302649780469121,-0.07302649780469121,-0.07302649780469121,-0.07302649780469121,-0.07302649780469121
-0.07398301418130071,-0.07398301418130071,-0.07398301418130071,-0.07398301418130071,-0.07398301418130071,-0.07398301418130071,-0.07398301418130071,-0.07398301418130071,-0.07398301418130071,-0.07398301418130071,-0.07398301418130071,-0.07398301418130071,-0.07398301418130071,-0.07398301418130071
-0.07426615076421463,-0.07426615076421463,-0.07426615076421463,-0.07426615076421463,-0.07426615076421463,-0.07426615076421463,-0.07426615076421463,-0.07426615076421463,-0.07426615076421463,-0.07426615076421463,-0.07426615076421463,-0.07426615076421463,-0.07426615076421463,-0.07426615076421463
-0.07499913429511323,-0.07499913429511323,-0.07499913429511323,-0.07499913429511323,-0.07499913429511323,-0.07499913429511323,-0.07499913429511323,-0.07499913429511323,-0.07499913429511323,-0.07499913429511323,-0.07499913429511323,-0.07499913429511323,-0.07499913429511323,-0.07499913429511323
-0.07487432895308462,-0.07487432895308462,-0.07487432895308462,-0.07487432895308462,-0.07487432895308462,-0.07487432895308462,-0.07487432895308462,-0.07487432895308462,-0.07487432895308462,-0.07487432895308462,-0.07487432895308462,-0.07487432895308462,-0.07487432895308462,-0.07487432895308462
-0.07461755821094954,-0.07461755821094954,-0.07461755821094954,-0.07461755821094954,-0.07461755821094954,-0.07461755821094954,-0.07461755821094954,-0.07461755821094954,-0.07461755821094954,-0.07461755821094954,-0.07461755821094954,-0.07461755821094954,-0.07461755821094954,-0.07461755821094954
-0.07390598767851213,-0.07390598767851213,-0.07390598767851213,-0.07390598767851213,-0.07390598767851213,-0.07390598767851213,-0.07390598767851213,-0.07390598767851213,-0.07390598767851213,-0.07390598767851213,-0.07390598767851213,-0.07390598767851213,-0.07390598767851213,-0.07390598767851213
-0.07277816321970286,-0.07277816321970286,-0.07277816321970286,-0.07277816321970286,-0.07277816321970286,-0.07277816321970286,-0.07277816321970286,-0.07277816321970286,-0.07277816321970286,-0.07277816321970286,-0.07277816321970286,-0.07277816321970286,-0.07277816321970286,-0.07277816321970286
-0.0716906339412559,-0.0716906339412559,-0.0716906339412559,-0.0716906339412559,-0.0716906339412559,-0.0716906339412559,-0.0716906339412559,-0.0716906339412559,-0.0716906339412559,-0.0716906339412559,-0.0716906339412559,-0.0716906339412559,-0.0716906339412559,-0.0716906339412559
-0.07071391218885259,-0.07071391218885259,-0.07071391218885259,-0.07071391218885259,-0.07071391218885259,-0.07071391218885259,-0.07071391218885259,-0.07071391218885259,-0.07071391218885259,-0.07071391218885259,-0.07071391218885259,-0.07071391218885259,-0.07071391218885259,-0.07071391218885259
-0.07071137134196163,-0.07071137134196163,-0.07071137134196163,-0.07071137134196163,-0.07071137134196163,-0.07071137134196163,-0.07071137134196163,-0.07071137134196163,-0.07071137134196163,-0.07071137134196163,-0.07071137134196163,-0.07071137134196163,-0.07071137134196163,-0.07071137134196163
-0.07102661806922594,-0.07102661806922594,-0.07102661806922594,-0.07102661806922594,-0.07102661806922594,-0.07102661806922594,-0.07102661806922594,-0.07102661806922594,-0.07102661806922594,-0.07102661806922594,-0.07102661806922594,-0.07102661806922594,-0.07102661806922594,-0.07102661806922594
-0.072443150885131,-0.072443150885131,-0.072443150885131,-0.072443150885131,-0.072443150885131,-0.072443150885131,-0.072443150885131,-0.072443150885131,-0.072443150885131,-0.072443150885131,-0.072443150885131,-0.072443150885131,-0.072443150885131,-0.072443150885131
-0.07443512391384169,-0.07443512391384169,-0.07443512391384169,-0.07443512391384169,-0.07443512391384169,-0.07443512391384169,-0.07443512391384169,-0.07443512391384169,-0.07443512391384169,-0.07443512391384169,-0.07443512391384169,-0.07443512391384169,-0.07443512391384169,-0.07443512391384169
-0.07607988668135328,-0.07607988668135328,-0.07607988668135328,-0.07607988668135328,-0.07607988668135328,-0.07607988668135328,-0.07607988668135328,-0.07607988668135328,-0.07607988668135328,-0.07607988668135328,-0.07607988668135328,-0.07607988668135328,-0.07607988668135328,-0.07607988668135328
-0.07754304223683353,-0.07754304223683353,-0.07754304223683353,-0.07754304223683353,-0.07754304223683353,-0.07754304223683353,-0.07754304223683353,-0.07754304223683353,-0.07754304223683353,-0.07754304223683353,-0.07754304223683353,-0.07754304223683353,-0.07754304223683353,-0.07754304223683353
-0.07839772627535764,-0.07839772627535764,-0.07839772627535764,-0.07839772627535764,-0.07839772627535764,-0.07839772627535764,-0.07839772627535764,-0.07839772627535764,-0.07839772627535764,-0.07839772627535764,-0.07839772627535764,-0.07839772627535764,-0.07839772627535764,-0.07839772627535764
-0.07874410647144361,-0.07874410647144361,-0.07874410647144361,-0.07874410647144361,-0.07874410647144361,-0.07874410647144361,-0.07874410647144361,-0.07874410647144361,-0.07874410647144361,-0.07874410647144361,-0.07874410647144361,-0.07874410647144361,-0.07874410647144361,-0.07874410647144361
-0.07959770448439812,-0.07959770448439812,-0.07959770448439812,-0.07959770448439812,-0.07959770448439812,-0.07959770448439812,-0.07959770448439812,-0.07959770448439812,-0.07959770448439812,-0.07959770448439812,-0.07959770448439812,-0.07959770448439812,-0.07959770448439812,-0.07959770448439812
-0.0807703976748373,-0.0807703976748373,-0.0807703976748373,-0.0807703976748373,-0.0807703976748373,-0.0807703976748373,-0.0807703976748373,-0.0807703976748373,-0.0807703976748373,-0.0807703976748373,-0.0807703976748373,-0.0807703976748373,-0.0807703976748373,-0.0807703976748373
-0.08240458190638851,-0.08240458190638851,-0.08240458190638851,-0.08240458190638851,-0.08240458190638851,-0.08240458190638851,-0.08240458190638851,-0.08240458190638851,-0.08240458190638851,-0.08240458190638851,-0.08240458190638851,-0.08240458190638851,-0.08240458190638851,-0.08240458190638851
-0.08401213286815681,-0.08401213286815681,-0.08401213286815681,-0.08401213286815681,-0.08401213286815681,-0.08401213286815681,-0.08401213286815681,-0.08401213286815681,-0.08401213286815681,-0.08401213286815681,-0.08401213286815681,-0.08401213286815681,-0.08401213286815681,-0.08401213286815681
-0.08615817747570288,-0.08615817747570288,-0.08615817747570288,-0.08615817747570288,-0.08615817747570288,-0.08615817747570288,-0.08615817747570288,-0.08615817747570288,-0.08615817747570288,-0.08615817747570288,-0.08615817747570288,-0.08615817747570288,-0.08615817747570288,-0.08615817747570288
-0.08777070443401658,-0.08777070443401658,-0.08777070443401658,-0.08777070443401658,-0.08777070443401658,-0.08777070443401658,-0.08777070443401658,-0.08777070443401658,-0.08777070443401658,-0.08777070443401658,-0.08777070443401658,-0.08777070443401658,-0.08777070443401658,-0.08777070443401658
-0.08955722450897957,-0.08955722450897957,-0.08955722450897957,-0.08955722450897957,-0.08955722450897957,-0.08955722450897957,-0.08955722450897957,-0.08955722450897957,-0.08955722450897957,-0.08955722450897957,-0.08955722450897957,-0.08955722450897957,-0.08955722450897957,-0.08955722450897957
-0.0909779306423756,-0.0909779306423756,-0.0909779306423756,-0.0909779306423756,-0.0909779306423756,-0.0909779306423756,-0.0909779306423756,-0.0909779306423756,-0.0909779306423756,-0.0909779306423756,-0.0909779306423756,-0.0909779306423756,-0.0909779306423756,-0.0909779306423756
-0.09208838564100243,-0.09208838564100243,-0.09208838564100243,-0.09208838564100243,-0.09208838564100243,-0.09208838564100243,-0.09208838564100243,-0.09208838564100243,-0.09208838564100243,-0.09208838564100243,-0.09208838564100243,-0.09208838564100243,-0.09208838564100243,-0.09208838564100243
-0.0935145123898237,-0.0935145123898237,-0.0935145123898237,-0.0935145123898237,-0.0935145123898237,-0.0935145123898237,-0.0935145123898237,-0.0935145123898237,-0.0935145123898237,-0.0935145123898237,-0.0935145123898237,-0.0935145123898237,-0.0935145123898237,-0.0935145123898237
-0.09362015719689036,-0.09362015719689036,-0.09362015719689036,-0.09362015719689036,-0.09362015719689036,-0.09362015719689036,-0.09362015719689036,-0.09362015719689036,-0.09362015719689036,-0.09362015719689036,-0.09362015719689036,-0.09362015719689036,-0.09362015719689036,-0.09362015719689036
-0.09343395960840069,-0.09343395960840069,-0.09343395960840069,-0.09343395960840069,-0.09343395960840069,-0.09343395960840069,-0.09343395960840069,-0.09343395960840069,-0.09343395960840069,-0.09343395960840069,-0.09343395960840069,-0.09343395960840069,-0.09343395960840069,-0.09343395960840069
-0.09214825157087249,-0.09214825157087249,-0.09214825157087249,-0.09214825157087249,-0.09214825157087249,-0.09214825157087249,-0.09214825157087249,-0.09214825157087249,-0.09214825157087249,-0.09214825157087249,-0.09214825157087249,-0.09214825157087249,-0.09214825157087249,-0.09214825157087249
-0.0916048119020916,-0.0916048119020916,-0.0916048119020916,-0.0916048119020916,-0.0916048119020916,-0.0916048119020916,-0.0916048119020916,-0.0916048119020916,-0.0916048119020916,-0.0916048119020916,-0.0916048119020916,-0.0916048119020916,-0.0916048119020916,-0.0916048119020916
-0.09069596333680242,-0.09069596333680242,-0.09069596333680242,-0.09069596333680242,-0.09069596333680242,-0.09069596333680242,-0.09069596333680242,-0.09069596333680242,-0.09069596333680242,-0.09069596333680242,-0.09069596333680242,-0.09069596333680242,-0.09069596333680242,-0.09069596333680242
-0.0890267529927694,-0.0890267529927694,-0.0890267529927694,-0.0890267529927694,-0.0890267529927694,-0.0890267529927694,-0.0890267529927694,-0.0890267529927694,-0.0890267529927694,-0.0890267529927694,-0.0890267529927694,-0.0890267529927694,-0.0890267529927694,-0.0890267529927694
-0.08698484197666335,-0.08698484197666335,-0.08698484197666335,-0.08698484197666335,-0.08698484197666335,-0.08698484197666335,-0.08698484197666335,-0.08698484197666335,-0.08698484197666335,-0.08698484197666335,-0.08698484197666335,-0.08698484197666335,-0.08698484197666335,-0.08698484197666335
-0.08414714783523808,-0.08414714783523808,-0.08414714783523808,-0.08414714783523808,-0.08414714783523808,-0.08414714783523808,-0.08414714783523808,-0.08414714783523808,-0.08414714783523808,-0.08414714783523808,-0.08414714783523808,-0.08414714783523808,-0.08414714783523808,-0.08414714783523808
-0.08200435558304874,-0.08200435558304874,-0.08200435558304874,-0.08200435558304874,-0.08200435558304874,-0.08200435558304874,-0.08200435558304874,-0.08200435558304874,-0.08200435558304874,-0.08200435558304874,-0.08200435558304874,-0.08200435558304874,-0.08200435558304874,-0.08200435558304874
-0.08009049646430505,-0.08009049646430505,-0.08009049646430505,-0.08009049646430505,-0.08009049646430505,-0.08009049646430505,-0.08009049646430505,-0.08009049646430505,-0.08009049646430505,-0.08009049646430505,-0.08009049646430505,-0.08009049646430505,-0.08009049646430505,-0.08009049646430505
-0.07837947173186112,-0.07837947173186112,-0.07837947173186112,-0.07837947173186112,-0.07837947173186112,-0.07837947173186112,-0.07837947173186112,-0.07837947173186112,-0.07837947173186112,-0.07837947173186112,-0.07837947173186112,-0.07837947173186112,-0.07837947173186112,-0.07837947173186112
-0.07802572841905539,-0.07802572841905539,-0.07802572841905539,-0.07802572841905539,-0.07802572841905539,-0.07802572841905539,-0.07802572841905539,-0.07802572841905539,-0.07802572841905539,-0.07802572841905539,-0.07802572841905539,-0.07802572841905539,-0.07802572841905539,-0.07802572841905539
-0.07860432271578312,-0.07860432271578312,-0.07860432271578312,-0.07860432271578312,-0.07860432271578312,-0.07860432271578312,-0.07860432271578312,-0.07860432271578312,-0.07860432271578312,-0.07860432271578312,-0.07860432271578312,-0.07860432271578312,-0.07860432271578312,-0.07860432271578312
-0.0791299350757256,-0.0791299350757256,-0.0791299350757256,-0.0791299350757256,-0.0791299350757256,-0.0791299350757256,-0.0791299350757256,-0.0791299350757256,-0.0791299350757256,-0.0791299350757256,-0.0791299350757256,-0.0791299350757256,-0.0791299350757256,-0.0791299350757256
-0.0789600716090179,-0.0789600716090179,-0.0789600716090179,-0.0789600716090179,-0.0789600716090179,-0.0789600716090179,-0.0789600716090179,-0.0789600716090179,-0.0789600716090179,-0.0789600716090179,-0.0789600716090179,-0.0789600716090179,-0.0789600716090179,-0.0789600716090179
-0.07893138256519772,-0.07893138256519772,-0.07893138256519772,-0.07893138256519772,-0.07893138256519772,-0.07893138256519772,-0.07893138256519772,-0.07893138256519772,-0.07893138256519772,-0.07893138256519772,-0.07893138256519772,-0.07893138256519772,-0.07893138256519772,-0.07893138256519772
-0.07988809631277421,-0.07988809631277421,-0.07988809631277421,-0.07988809631277421,-0.07988809631277421,-0.07988809631277421,-0.07988809631277421,-0.07988809631277421,-0.07988809631277421,-0.07988809631277421,-0.07988809631277421,-0.07988809631277421,-0.07988809631277421,-0.07988809631277421
-0.08208741803407296,-0.08208741803407296,-0.08208741803407296,-0.08208741803407296,-0.08208741803407296,-0.08208741803407296,-0.08208741803407296,-0.08208741803407296,-0.08208741803407296,-0.08208741803407296,-0.08208741803407296,-0.08208741803407296,-0.08208741803407296,-0.08208741803407296
-0.08371750503175474,-0.08371750503175474,-0.08371750503175474,-0.08371750503175474,-0.08371750503175474,-0.08371750503175474,-0.08371750503175474,-0.08371750503175474,-0.08371750503175474,-0.08371750503175474,-0.08371750503175474,-0.08371750503175474,-0.08371750503175474,-0.08371750503175474
-0.08458882071000046,-0.08458882071000046,-0.08458882071000046,-0.08458882071000046,-0.08458882071000046,-0.08458882071000046,-0.08458882071000046,-0.08458882071000046,-0.08458882071000046,-0.08458882071000046,-0.08458882071000046,-0.08458882071000046,-0.08458882071000046,-0.08458882071000046
-0.08613693704721723,-0.08613693704721723,-0.08613693704721723,-0.08613693704721723,-0.08613693704721723,-0.08613693704721723,-0.08613693704721723,-0.08613693704721723,-0.08613693704721723,-0.08613693704721723,-0.08613693704721723,-0.08613693704721723,-0.08613693704721723,-0.08613693704721723
-0.08814099536720882,-0.08814099536720882,-0.08814099536720882,-0.08814099536720882,-0.08814099536720882,-0.08814099536720882,-0.08814099536720882,-0.08814099536720882,-0.08814099536720882,-0.08814099536720882,-0.08814099536720882,-0.08814099536720882,-0.08814099536720882,-0.08814099536720882
-0.08917963283910532,-0.08917963283910532,-0.08917963283910532,-0.08917963283910532,-0.08917963283910532,-0.08917963283910532,-0.08917963283910532,-0.08917963283910532,-0.08917963283910532,-0.08917963283910532,-0.08917963283910532,-0.08917963283910532,-0.08917963283910532,-0.08917963283910532
-0.09029515886899789,-0.09029515886899789,-0.09029515886899789,-0.09029515886899789,-0.09029515886899789,-0.09029515886899789,-0.09029515886899789,-0.09029515886899789,-0.09029515886899789,-0.09029515886899789,-0.09029515886899789,-0.09029515886899789,-0.09029515886899789,-0.09029515886899789
-0.09122769453731815,-0.09122769453731815,-0.09122769453731815,-0.09122769453731815,-0.09122769453731815,-0.09122769453731815,-0.09122769453731815,-0.09122769453731815,-0.09122769453731815,-0.09122769453731815,-0.09122769453731815,-0.09122769453731815,-0.09122769453731815,-0.09122769453731815
-0.09127063904675888,-0.09127063904675888,-0.09127063904675888,-0.09127063904675888,-0.09127063904675888,-0.09127063904675888,-0.09127063904675888,-0.09127063904675888,-0.09127063904675888,-0.09127063904675888,-0.09127063904675888,-0.09127063904675888,-0.09127063904675888,-0.09127063904675888
-0.0912413261307018,-0.0912413261307018,-0.0912413261307018,-0.0912413261307018,-0.0912413261307018,-0.0912413261307018,-0.0912413261307018,-0.0912413261307018,-0.0912413261307018,-0.0912413261307018,-0.0912413261307018,-0.0912413261307018,-0.0912413261307018,-0.0912413261307018
-0.0909488676673887,-0.0909488676673887,-0.0909488676673887,-0.0909488676673887,-0.0909488676673887,-0.0909488676673887,-0.0909488676673887,-0.0909488676673887,-0.0909488676673887,-0.0909488676673887,-0.0909488676673887,-0.0909488676673887,-0.0909488676673887,-0.0909488676673887
-0.08917599378492928,-0.08917599378492928,-0.08917599378492928,-0.08917599378492928,-0.08917599378492928,-0.08917599378492928,-0.08917599378492928,-0.08917599378492928,-0.08917599378492928,-0.08917599378492928,-0.08917599378492928,-0.08917599378492928,-0.08917599378492928,-0.08917599378492928
-0.08748600483307153,-0.08748600483307153,-0.08748600483307153,-0.08748600483307153,-0.08748600483307153,-0.08748600483307153,-0.08748600483307153,-0.08748600483307153,-0.08748600483307153,-0.08748600483307153,-0.08748600483307153,-0.08748600483307153,-0.08748600483307153,-0.08748600483307153
-0.08664042107047017,-0.08664042107047017,-0.08664042107047017,-0.08664042107047017,-0.08664042107047017,-0.08664042107047017,-0.08664042107047017,-0.08664042107047017,-0.08664042107047017,-0.08664042107047017,-0.08664042107047017,-0.08664042107047017,-0.08664042107047017,-0.08664042107047017
-0.08530312373712702,-0.08530312373712702,-0.08530312373712702,-0.08530312373712702,-0.08530312373712702,-0.08530312373712702,-0.08530312373712702,-0.08530312373712702,-0.08530312373712702,-0.08530312373712702,-0.08530312373712702,-0.08530312373712702,-0.08530312373712702,-0.08530312373712702
-0.08441326316586656,-0.08441326316586656,-0.08441326316586656,-0.08441326316586656,-0.08441326316586656,-0.08441326316586656,-0.08441326316586656,-0.08441326316586656,-0.08441326316586656,-0.08441326316586656,-0.08441326316586656,-0.08441326316586656,-0.08441326316586656,-0.08441326316586656
-0.08346534186558201,-0.08346534186558201,-0.08346534186558201,-0.08346534186558201,-0.08346534186558201,-0.08346534186558201,-0.08346534186558201,-0.08346534186558201,-0.08346534186558201,-0.08346534186558201,-0.08346534186558201,-0.08346534186558201,-0.08346534186558201,-0.08346534186558201
-0.08181948457892137,-0.08181948457892137,-0.08181948457892137,-0.08181948457892137,-0.08181948457892137,-0.08181948457892137,-0.08181948457892137,-0.08181948457892137,-0.08181948457892137,-0.08181948457892137,-0.08181948457892137,-0.08181948457892137,-0.08181948457892137,-0.08181948457892137
-0.08040741284459488,-0.08040741284459488,-0.08040741284459488,-0.08040741284459488,-0.08040741284459488,-0.08040741284459488,-0.08040741284459488,-0.08040741284459488,-0.08040741284459488,-0.08040741284459488,-0.08040741284459488,-0.08040741284459488,-0.08040741284459488,-0.08040741284459488
-0.07890586473707895,-0.07890586473707895,-0.07890586473707895,-0.07890586473707895,-0.07890586473707895,-0.07890586473707895,-0.07890586473707895,-0.07890586473707895,-0.07890586473707895,-0.07890586473707895,-0.07890586473707895,-0.07890586473707895,-0.07890586473707895,-0.07890586473707895
-0.07708168857848267,-0.07708168857848267,-0.07708168857848267,-0.07708168857848267,-0.07708168857848267,-0.07708168857848267,-0.07708168857848267,-0.07708168857848267,-0.07708168857848267,-0.07708168857848267,-0.07708168857848267,-0.07708168857848267,-0.07708168857848267,-0.07708168857848267
-0.07460214447937358,-0.07460214447937358,-0.07460214447937358,-0.07460214447937358,-0.07460214447937358,-0.07460214447937358,-0.07460214447937358,-0.07460214447937358,-0.07460214447937358,-0.07460214447937358,-0.07460214447937358,-0.07460214447937358,-0.07460214447937358,-0.07460214447937358
-0.07256435046772826,-0.07256435046772826,-0.07256435046772826,-0.07256435046772826,-0.07256435046772826,-0.07256435046772826,-0.07256435046772826,-0.07256435046772826,-0.07256435046772826,-0.07256435046772826,-0.07256435046772826,-0.07256435046772826,-0.07256435046772826,-0.07256435046772826
-0.07210876094934807,-0.07210876094934807,-0.07210876094934807,-0.07210876094934807,-0.07210876094934807,-0.07210876094934807,-0.07210876094934807,-0.07210876094934807,-0.07210876094934807,-0.07210876094934807,-0.07210876094934807,-0.07210876094934807,-0.07210876094934807,-0.07210876094934807
-0.07087883582259655,-0.07087883582259655,-0.07087883582259655,-0.07087883582259655,-0.07087883582259655,-0.07087883582259655,-0.07087883582259655,-0.07087883582259655,-0.07087883582259655,-0.07087883582259655,-0.07087883582259655,-0.07087883582259655,-0.07087883582259655,-0.07087883582259655
-0.06945263341916397,-0.06945263341916397,-0.06945263341916397,-0.06945263341916397,-0.06945263341916397,-0.06945263341916397,-0.06945263341916397,-0.06945263341916397,-0.06945263341916397,-0.06945263341916397,-0.06945263341916397,-0.06945263341916397,-0.06945263341916397,-0.06945263341916397
-0.06808329513046867,-0.06808329513046867,-0.06808329513046867,-0.06808329513046867,-0.06808329513046867,-0.06808329513046867,-0.06808329513046867,-0.06808329513046867,-0.06808329513046867,-0.06808329513046867,-0.06808329513046867,-0.06808329513046867,-0.06808329513046867,-0.06808329513046867
-0.06620490934547037,-0.06620490934547037,-0.06620490934547037,-0.06620490934547037,-0.06620490934547037,-0.06620490934547037,-0.06620490934547037,-0.06620490934547037,-0.06620490934547037,-0.06620490934547037,-0.06620490934547037,-0.06620490934547037,-0.06620490934547037,-0.06620490934547037
-0.0650792625513577,-0.0650792625513577,-0.0650792625513577,-0.0650792625513577,-0.0650792625513577,-0.0650792625513577,-0.0650792625513577,-0.0650792625513577,-0.0650792625513577,-0.0650792625513577,-0.0650792625513577,-0.0650792625513577,-0.0650792625513577,-0.0650792625513577
-0.06417278347957474,-0.06417278347957474,-0.06417278347957474,-0.06417278347957474,-0.06417278347957474,-0.06417278347957474,-0.06417278347957474,-0.06417278347957474,-0.06417278347957474,-0.06417278347957474,-0.06417278347957474,-0.06417278347957474,-0.06417278347957474,-0.06417278347957474
-0.06279292706386194,-0.06279292706386194,-0.06279292706386194,-0.06279292706386194,-0.06279292706386194,-0.06279292706386194,-0.06279292706386194,-0.06279292706386194,-0.06279292706386194,-0.06279292706386194,-0.06279292706386194,-0.06279292706386194,-0.06279292706386194,-0.06279292706386194
-0.06303785285558935,-0.06303785285558935,-0.06303785285558935,-0.06303785285558935,-0.06303785285558935,-0.06303785285558935,-0.06303785285558935,-0.06303785285558935,-0.06303785285558935,-0.06303785285558935,-0.06303785285558935,-0.06303785285558935,-0.06303785285558935,-0.06303785285558935
-0.06376210170550577,-0.06376210170550577,-0.06376210170550577,-0.06376210170550577,-0.06376210170550577,-0.06376210170550577,-0.06376210170550577,-0.06376210170550577,-0.06376210170550577,-0.06376210170550577,-0.06376210170550577,-0.06376210170550577,-0.06376210170550577,-0.06376210170550577
-0.06409725582384063,-0.06409725582384063,-0.06409725582384063,-0.06409725582384063,-0.06409725582384063,-0.06409725582384063,-0.06409725582384063,-0.06409725582384063,-0.06409725582384063,-0.06409725582384063,-0.06409725582384063,-0.06409725582384063,-0.06409725582384063,-0.06409725582384063
-0.06369839719647956,-0.06369839719647956,-0.06369839719647956,-0.06369839719647956,-0.06369839719647956,-0.06369839719647956,-0.06369839719647956,-0.06369839719647956,-0.06369839719647956,-0.06369839719647956,-0.06369839719647956,-0.06369839719647956,-0.06369839719647956,-0.06369839719647956
-0.06495536004182977,-0.06495536004182977,-0.06495536004182977,-0.06495536004182977,-0.06495536004182977,-0.06495536004182977,-0.06495536004182977,-0.06495536004182977,-0.06495536004182977,-0.06495536004182977,-0.06495536004182977,-0.06495536004182977,-0.06495536004182977,-0.06495536004182977
-0.0662973909681432,-0.0662973909681432,-0.0662973909681432,-0.0662973909681432,-0.0662973909681432,-0.0662973909681432,-0.0662973909681432,-0.0662973909681432,-0.0662973909681432,-0.0662973909681432,-0.0662973909681432,-0.0662973909681432,-0.0662973909681432,-0.0662973909681432
-0.06626009515172483,-0.06626009515172483,-0.06626009515172483,-0.06626009515172483,-0.06626009515172483,-0.06626009515172483,-0.06626009515172483,-0.06626009515172483,-0.06626009515172483,-0.06626009515172483,-0.06626009515172483,-0.06626009515172483,-0.06626009515172483,-0.06626009515172483
-0.06579373412963714,-0.06579373412963714,-0.06579373412963714,-0.06579373412963714,-0.06579373412963714,-0.06579373412963714,-0.06579373412963714,-0.06579373412963714,-0.06579373412963714,-0.06579373412963714,-0.06579373412963714,-0.06579373412963714,-0.06579373412963714,-0.06579373412963714
-0.0643470465289561,-0.0643470465289561,-0.0643470465289561,-0.0643470465289561,-0.0643470465289561,-0.0643470465289561,-0.0643470465289561,-0.0643470465289561,-0.0643470465289561,-0.0643470465289561,-0.0643470465289561,-0.0643470465289561,-0.0643470465289561,-0.0643470465289561
-0.06268243594470713,-0.06268243594470713,-0.06268243594470713,-0.06268243594470713,-0.06268243594470713,-0.06268243594470713,-0.06268243594470713,-0.06268243594470713,-0.06268243594470713,-0.06268243594470713,-0.06268243594470713,-0.06268243594470713,-0.06268243594470713,-0.06268243594470713
-0.06076133579908112,-0.06076133579908112,-0.06076133579908112,-0.06076133579908112,-0.06076133579908112,-0.06076133579908112,-0.06076133579908112,-0.06076133579908112,-0.06076133579908112,-0.06076133579908112,-0.06076133579908112,-0.06076133579908112,-0.06076133579908112,-0.06076133579908112
-0.05918208756450486,-0.05918208756450486,-0.05918208756450486,-0.05918208756450486,-0.05918208756450486,-0.05918208756450486,-0.05918208756450486,-0.05918208756450486,-0.05918208756450486,-0.05918208756450486,-0.05918208756450486,-0.05918208756450486,-0.05918208756450486,-0.05918208756450486
-0.05606899932800385,-0.05606899932800385,-0.05606899932800385,-0.05606899932800385,-0.05606899932800385,-0.05606899932800385,-0.05606899932800385,-0.05606899932800385,-0.05606899932800385,-0.05606899932800385,-0.05606899932800385,-0.05606899932800385,-0.05606899932800385,-0.05606899932800385
-0.05204076697070233,-0.05204076697070233,-0.05204076697070233,-0.05204076697070233,-0.05204076697070233,-0.05204076697070233,-0.05204076697070233,-0.05204076697070233,-0.05204076697070233,-0.05204076697070233,-0.05204076697070233,-0.05204076697070233,-0.05204076697070233,-0.05204076697070233
-0.04781818075649049,-0.04781818075649049,-0.04781818075649049,-0.04781818075649049,-0.04781818075649049,-0.04781818075649049,-0.04781818075649049,-0.04781818075649049,-0.04781818075649049,-0.04781818075649049,-0.04781818075649049,-0.04781818075649049,-0.04781818075649049,-0.04781818075649049
-0.042989795383411834,-0.042989795383411834,-0.042989795383411834,-0.042989795383411834,-0.042989795383411834,-0.042989795383411834,-0.042989795383411834,-0.042989795383411834,-0.042989795383411834,-0.042989795383411834,-0.042989795383411834,-0.042989795383411834,-0.042989795383411834,-0.042989795383411834
-0.03831728018742394,-0.03831728018742394,-0.03831728018742394,-0.03831728018742394,-0.03831728018742394,-0.03831728018742394,-0.03831728018742394,-0.03831728018742394,-0.03831728018742394,-0.03831728018742394,-0.03831728018742394,-0.03831728018742394,-0.03831728018742394,-0.03831728018742394
-0.03525171794791375,-0.03525171794791375,-0.03525171794791375,-0.03525171794791375,-0.03525171794791375,-0.03525171794791375,-0.03525171794791375,-0.03525171794791375,-0.03525171794791375,-0.03525171794791375,-0.03525171794791375,-0.03525171794791375,-0.03525171794791375,-0.03525171794791375
-0.03289348789290989,-0.03289348789290989,-0.03289348789290989,-0.03289348789290989,-0.03289348789290989,-0.03289348789290989,-0.03289348789290989,-0.03289348789290989,-0.03289348789290989,-0.03289348789290989,-0.03289348789290989,-0.03289348789290989,-0.03289348789290989,-0.03289348789290989
-0.0318873453418393,-0.0318873453418393,-0.0318873453418393,-0.0318873453418393,-0.0318873453418393,-0.0318873453418393,-0.0318873453418393,-0.0318873453418393,-0.0318873453418393,-0.0318873453418393,-0.0318873453418393,-0.0318873453418393,-0.0318873453418393,-0.0318873453418393
-0.03051999110939072,-0.03051999110939072,-0.03051999110939072,-0.03051999110939072,-0.03051999110939072,-0.03051999110939072,-0.03051999110939072,-0.03051999110939072,-0.03051999110939072,-0.03051999110939072,-0.03051999110939072,-0.03051999110939072,-0.03051999110939072,-0.03051999110939072
-0.02834837711859516,-0.02834837711859516,-0.02834837711859516,-0.02834837711859516,-0.02834837711859516,-0.02834837711859516,-0.02834837711859516,-0.02834837711859516,-0.02834837711859516,-0.02834837711859516,-0.02834837711859516,-0.02834837711859516,-0.02834837711859516,-0.02834837711859516
-0.02685019302523598,-0.02685019302523598,-0.02685019302523598,-0.02685019302523598,-0.02685019302523598,-0.02685019302523598,-0.02685019302523598,-0.02685019302523598,-0.02685019302523598,-0.02685019302523598,-0.02685019302523598,-0.02685019302523598,-0.02685019302523598,-0.02685019302523598
-0.02608310760324403,-0.02608310760324403,-0.02608310760324403,-0.02608310760324403,-0.02608310760324403,-0.02608310760324403,-0.02608310760324403,-0.02608310760324403,-0.02608310760324403,-0.02608310760324403,-0.02608310760324403,-0.02608310760324403,-0.02608310760324403,-0.02608310760324403
-0.024381780365183986,-0.024381780365183986,-0.024381780365183986,-0.024381780365183986,-0.024381780365183986,-0.024381780365183986,-0.024381780365183986,-0.024381780365183986,-0.024381780365183986,-0.024381780365183986,-0.024381780365183986,-0.024381780365183986,-0.024381780365183986,-0.024381780365183986
-0.022256753844114952,-0.022256753844114952,-0.022256753844114952,-0.022256753844114952,-0.022256753844114952,-0.022256753844114952,-0.022256753844114952,-0.022256753844114952,-0.022256753844114952,-0.022256753844114952,-0.022256753844114952,-0.022256753844114952,-0.022256753844114952,-0.022256753844114952
-0.020480718207981828,-0.020480718207981828,-0.020480718207981828,-0.020480718207981828,-0.020480718207981828,-0.020480718207981828,-0.020480718207981828,-0.020480718207981828,-0.020480718207981828,-0.020480718207981828,-0.020480718207981828,-0.020480718207981828,-0.020480718207981828,-0.020480718207981828
-0.020373301150190055,-0.020373301150190055,-0.020373301150190055,-0.020373301150190055,-0.020373301150190055,-0.020373301150190055,-0.020373301150190055,-0.020373301150190055,-0.020373301150190055,-0.020373301150190055,-0.020373301150190055,-0.020373301150190055,-0.020373301150190055,-0.020373301150190055
-0.02109191471618051,-0.02109191471618051,-0.02109191471618051,-0.02109191471618051,-0.02109191471618051,-0.02109191471618051,-0.02109191471618051,-0.02109191471618051,-0.02109191471618051,-0.02109191471618051,-0.02109191471618051,-0.02109191471618051,-0.02109191471618051,-0.02109191471618051
-0.022400146017004567,-0.022400146017004567,-0.022400146017004567,-0.022400146017004567,-0.022400146017004567,-0.022400146017004567,-0.022400146017004567,-0.022400146017004567,-0.022400146017004567,-0.022400146017004567,-0.022400146017004567,-0.022400146017004567,-0.022400146017004567,-0.022400146017004567
-0.023947599193565226,-0.023947599193565226,-0.023947599193565226,-0.023947599193565226,-0.023947599193565226,-0.023947599193565226,-0.023947599193565226,-0.023947599193565226,-0.023947599193565226,-0.023947599193565226,-0.023947599193565226,-0.023947599193565226,-0.023947599193565226,-0.023947599193565226
-0.025331158834247088,-0.025331158834247088,-0.025331158834247088,-0.025331158834247088,-0.025331158834247088,-0.025331158834247088,-0.025331158834247088,-0.025331158834247088,-0.025331158834247088,-0.025331158834247088,-0.025331158834247088,-0.025331158834247088,-0.025331158834247088,-0.025331158834247088
-0.02736361585958175,-0.02736361585958175,-0.02736361585958175,-0.02736361585958175,-0.02736361585958175,-0.02736361585958175,-0.02736361585958175,-0.02736361585958175,-0.02736361585958175,-0.02736361585958175,-0.02736361585958175,-0.02736361585958175,-0.02736361585958175,-0.02736361585958175
-0.029534292701367055,-0.029534292701367055,-0.029534292701367055,-0.029534292701367055,-0.029534292701367055,-0.029534292701367055,-0.029534292701367055,-0.029534292701367055,-0.029534292701367055,-0.029534292701367055,-0.029534292701367055,-0.029534292701367055,-0.029534292701367055,-0.029534292701367055
-0.03164357840225595,-0.03164357840225595,-0.03164357840225595,-0.03164357840225595,-0.03164357840225595,-0.03164357840225595,-0.03164357840225595,-0.03164357840225595,-0.03164357840225595,-0.03164357840225595,-0.03164357840225595,-0.03164357840225595,-0.03164357840225595,-0.03164357840225595
-0.032380618883559295,-0.032380618883559295,-0.032380618883559295,-0.032380618883559295,-0.032380618883559295,-0.032380618883559295,-0.032380618883559295,-0.032380618883559295,-0.032380618883559295,-0.032380618883559295,-0.032380618883559295,-0.032380618883559295,-0.032380618883559295,-0.032380618883559295
-0.033301996439411015,-0.033301996439411015,-0.033301996439411015,-0.033301996439411015,-0.033301996439411015,-0.033301996439411015,-0.033301996439411015,-0.033301996439411015,-0.033301996439411015,-0.033301996439411015,-0.033301996439411015,-0.033301996439411015,-0.033301996439411015,-0.033301996439411015
-0.03362929581284518,-0.03362929581284518,-0.03362929581284518,-0.03362929581284518,-0.03362929581284518,-0.03362929581284518,-0.03362929581284518,-0.03362929581284518,-0.03362929581284518,-0.03362929581284518,-0.03362929581284518,-0.03362929581284518,-0.03362929581284518,-0.03362929581284518
-0.03258100540985058,-0.03258100540985058,-0.03258100540985058,-0.03258100540985058,-0.03258100540985058,-0.03258100540985058,-0.03258100540985058,-0.03258100540985058,-0.03258100540985058,-0.03258100540985058,-0.03258100540985058,-0.03258100540985058,-0.03258100540985058,-0.03258100540985058
-0.030474296206699194,-0.030474296206699194,-0.030474296206699194,-0.030474296206699194,-0.030474296206699194,-0.030474296206699194,-0.030474296206699194,-0.030474296206699194,-0.030474296206699194,-0.030474296206699194,-0.030474296206699194,-0.030474296206699194,-0.030474296206699194,-0.030474296206699194
-0.027738178774110958,-0.027738178774110958,-0.027738178774110958,-0.027738178774110958,-0.027738178774110958,-0.027738178774110958,-0.027738178774110958,-0.027738178774110958,-0.027738178774110958,-0.027738178774110958,-0.027738178774110958,-0.027738178774110958,-0.027738178774110958,-0.027738178774110958
-0.02562255349905131,-0.02562255349905131,-0.02562255349905131,-0.02562255349905131,-0.02562255349905131,-0.02562255349905131,-0.02562255349905131,-0.02562255349905131,-0.02562255349905131,-0.02562255349905131,-0.02562255349905131,-0.02562255349905131,-0.02562255349905131,-0.02562255349905131
-0.02453841374020358,-0.02453841374020358,-0.02453841374020358,-0.02453841374020358,-0.02453841374020358,-0.02453841374020358,-0.02453841374020358,-0.02453841374020358,-0.02453841374020358,-0.02453841374020358,-0.02453841374020358,-0.02453841374020358,-0.02453841374020358,-0.02453841374020358
-0.02315494733542403,-0.02315494733542403,-0.02315494733542403,-0.02315494733542403,-0.02315494733542403,-0.02315494733542403,-0.02315494733542403,-0.02315494733542403,-0.02315494733542403,-0.02315494733542403,-0.02315494733542403,-0.02315494733542403,-0.02315494733542403,-0.02315494733542403
-0.02007042489131663,-0.02007042489131663,-0.02007042489131663,-0.02007042489131663,-0.02007042489131663,-0.02007042489131663,-0.02007042489131663,-0.02007042489131663,-0.02007042489131663,-0.02007042489131663,-0.02007042489131663,-0.02007042489131663,-0.02007042489131663,-0.02007042489131663
-0.017913460552629004,-0.017913460552629004,-0.017913460552629004,-0.017913460552629004,-0.017913460552629004,-0.017913460552629004,-0.017913460552629004,-0.017913460552629004,-0.017913460552629004,-0.017913460552629004,-0.017913460552629004,-0.017913460552629004,-0.017913460552629004,-0.017913460552629004
-0.015140569353360202,-0.015140569353360202,-0.015140569353360202,-0.015140569353360202,-0.015140569353360202,-0.015140569353360202,-0.015140569353360202,-0.015140569353360202,-0.015140569353360202,-0.015140569353360202,-0.015140569353360202,-0.015140569353360202,-0.015140569353360202,-0.015140569353360202
-0.012277008638961605,-0.012277008638961605,-0.012277008638961605,-0.012277008638961605,-0.012277008638961605,-0.012277008638961605,-0.012277008638961605,-0.012277008638961605,-0.012277008638961605,-0.012277008638961605,-0.012277008638961605,-0.012277008638961605,-0.012277008638961605,-0.012277008638961605
-0.010079584320486557,-0.010079584320486557,-0.010079584320486557,-0.010079584320486557,-0.010079584320486557,-0.010079584320486557,-0.010079584320486557,-0.010079584320486557,-0.010079584320486557,-0.010079584320486557,-0.010079584320486557,-0.010079584320486557,-0.010079584320486557,-0.010079584320486557
-0.008866146403376563,-0.008866146403376563,-0.008866146403376563,-0.008866146403376563,-0.008866146403376563,-0.008866146403376563,-0.008866146403376563,-0.008866146403376563,-0.008866146403376563,-0.008866146403376563,-0.008866146403376563,-0.008866146403376563,-0.008866146403376563,-0.008866146403376563
-0.00820004099837356,-0.00820004099837356,-0.00820004099837356,-0.00820004099837356,-0.00820004099837356,-0.00820004099837356,-0.00820004099837356,-0.00820004099837356,-0.00820004099837356,-0.00820004099837356,-0.00820004099837356,-0.00820004099837356,-0.00820004099837356,-0.00820004099837356
-0.0071422526327960655,-0.0071422526327960655,-0.0071422526327960655,-0.0071422526327960655,-0.0071422526327960655,-0.0071422526327960655,-0.0071422526327960655,-0.0071422526327960655,-0.0071422526327960655,-0.0071422526327960655,-0.0071422526327960655,-0.0071422526327960655,-0.0071422526327960655,-0.0071422526327960655
-0.006616149187899062,-0.006616149187899062,-0.006616149187899062,-0.006616149187899062,-0.006616149187899062,-0.006616149187899062,-0.006616149187899062,-0.006616149187899062,-0.006616149187899062,-0.006616149187899062,-0.006616149187899062,-0.006616149187899062,-0.006616149187899062,-0.006616149187899062
-0.006167734268278806,-0.006167734268278806,-0.006167734268278806,-0.006167734268278806,-0.006167734268278806,-0.006167734268278806,-0.006167734268278806,-0.006167734268278806,-0.006167734268278806,-0.006167734268278806,-0.006167734268278806,-0.006167734268278806,-0.006167734268278806,-0.006167734268278806
-0.004766886913415876,-0.004766886913415876,-0.004766886913415876,-0.004766886913415876,-0.004766886913415876,-0.004766886913415876,-0.004766886913415876,-0.004766886913415876,-0.004766886913415876,-0.004766886913415876,-0.004766886913415876,-0.004766886913415876,-0.004766886913415876,-0.004766886913415876
-0.0034258554627263895,-0.0034258554627263895,-0.0034258554627263895,-0.0034258554627263895,-0.0034258554627263895,-0.0034258554627263895,-0.0034258554627263895,-0.0034258554627263895,-0.0034258554627263895,-0.0034258554627263895,-0.0034258554627263895,-0.0034258554627263895,-0.0034258554627263895,-0.0034258554627263895
-0.002329777253268359,-0.002329777253268359,-0.002329777253268359,-0.002329777253268359,-0.002329777253268359,-0.002329777253268359,-0.002329777253268359,-0.002329777253268359,-0.002329777253268359,-0.002329777253268359,-0.002329777253268359,-0.002329777253268359,-0.002329777253268359,-0.002329777253268359
-0.0016162177048095667,-0.0016162177048095667,-0.0016162177048095667,-0.0016162177048095667,-0.0016162177048095667,-0.0016162177048095667,-0.0016162177048095667,-0.0016162177048095667,-0.0016162177048095667,-0.0016162177048095667,-0.0016162177048095667,-0.0016162177048095667,-0.0016162177048095667,-0.0016162177048095667
-0.0011619782255332754,-0.0011619782255332754,-0.0011619782255332754,-0.0011619782255332754,-0.0011619782255332754,-0.0011619782255332754,-0.0011619782255332754,-0.0011619782255332754,-0.0011619782255332754,-0.0011619782255332754,-0.0011619782255332754,-0.0011619782255332754,-0.0011619782255332754,-0.0011619782255332754
-0.0011747692773308987,-0.0011747692773308987,-0.0011747692773308987,-0.0011747692773308987,-0.0011747692773308987,-0.0011747692773308987,-0.0011747692773308987,-0.0011747692773308987,-0.0011747692773308987,-0.0011747692773308987,-0.0011747692773308987,-0.0011747692773308987,-0.0011747692773308987,-0.0011747692773308987
-0.0018582635440019097,-0.0018582635440019097,-0.0018582635440019097,-0.0018582635440019097,-0.0018582635440019097,-0.0018582635440019097,-0.0018582635440019097,-0.0018582635440019097,-0.0018582635440019097,-0.0018582635440019097,-0.0018582635440019097,-0.0018582635440019097,-0.0018582635440019097,-0.0018582635440019097
-0.002954843112548647,-0.002954843112548647,-0.002954843112548647,-0.002954843112548647,-0.002954843112548647,-0.002954843112548647,-0.002954843112548647,-0.002954843112548647,-0.002954843112548647,-0.002954843112548647,-0.002954843112548647,-0.002954843112548647,-0.002954843112548647,-0.002954843112548647
-0.0037175036901316693,-0.0037175036901316693,-0.0037175036901316693,-0.0037175036901316693,-0.0037175036901316693,-0.0037175036901316693,-0.0037175036901316693,-0.0037175036901316693,-0.0037175036901316693,-0.0037175036901316693,-0.0037175036901316693,-0.0037175036901316693,-0.0037175036901316693,-0.0037175036901316693
-0.004450242913158059,-0.004450242913158059,-0.004450242913158059,-0.004450242913158059,-0.004450242913158059,-0.004450242913158059,-0.004450242913158059,-0.004450242913158059,-0.004450242913158059,-0.004450242913158059,-0.004450242913158059,-0.004450242913158059,-0.004450242913158059,-0.004450242913158059
-0.005963944332139433,-0.005963944332139433,-0.005963944332139433,-0.005963944332139433,-0.005963944332139433,-0.005963944332139433,-0.005963944332139433,-0.005963944332139433,-0.005963944332139433,-0.005963944332139433,-0.005963944332139433,-0.005963944332139433,-0.005963944332139433,-0.005963944332139433
-0.0072908300601941655,-0.0072908300601941655,-0.0072908300601941655,-0.0072908300601941655,-0.0072908300601941655,-0.0072908300601941655,-0.0072908300601941655,-0.0072908300601941655,-0.0072908300601941655,-0.0072908300601941655,-0.0072908300601941655,-0.0072908300601941655,-0.0072908300601941655,-0.0072908300601941655
-0.007376740220259421,-0.007376740220259421,-0.007376740220259421,-0.007376740220259421,-0.007376740220259421,-0.007376740220259421,-0.007376740220259421,-0.007376740220259421,-0.007376740220259421,-0.007376740220259421,-0.007376740220259421,-0.007376740220259421,-0.007376740220259421,-0.007376740220259421
-0.0071240140175293665,-0.0071240140175293665,-0.0071240140175293665,-0.0071240140175293665,-0.0071240140175293665,-0.0071240140175293665,-0.0071240140175293665,-0.0071240140175293665,-0.0071240140175293665,-0.0071240140175293665,-0.0071240140175293665,-0.0071240140175293665,-0.0071240140175293665,-0.0071240140175293665
-0.007351550692355422,-0.007351550692355422,-0.007351550692355422,-0.007351550692355422,-0.007351550692355422,-0.007351550692355422,-0.007351550692355422,-0.007351550692355422,-0.007351550692355422,-0.007351550692355422,-0.007351550692355422,-0.007351550692355422,-0.007351550692355422,-0.007351550692355422
-0.007065330272239007,-0.007065330272239007,-0.007065330272239007,-0.007065330272239007,-0.007065330272239007,-0.007065330272239007,-0.007065330272239007,-0.007065330272239007,-0.007065330272239007,-0.007065330272239007,-0.007065330272239007,-0.007065330272239007,-0.007065330272239007,-0.007065330272239007
-0.005955177365347734,-0.005955177365347734,-0.005955177365347734,-0.005955177365347734,-0.005955177365347734,-0.005955177365347734,-0.005955177365347734,-0.005955177365347734,-0.005955177365347734,-0.005955177365347734,-0.005955177365347734,-0.005955177365347734,-0.005955177365347734,-0.005955177365347734
-0.004777074539249294,-0.004777074539249294,-0.004777074539249294,-0.004777074539249294,-0.004777074539249294,-0.004777074539249294,-0.004777074539249294,-0.004777074539249294,-0.004777074539249294,-0.004777074539249294,-0.004777074539249294,-0.004777074539249294,-0.004777074539249294,-0.004777074539249294
-0.00524784662407219,-0.00524784662407219,-0.00524784662407219,-0.00524784662407219,-0.00524784662407219,-0.00524784662407219,-0.00524784662407219,-0.00524784662407219,-0.00524784662407219,-0.00524784662407219,-0.00524784662407219,-0.00524784662407219,-0.00524784662407219,-0.00524784662407219
-0.004137571305776748,-0.004137571305776748,-0.004137571305776748,-0.004137571305776748,-0.004137571305776748,-0.004137571305776748,-0.004137571305776748,-0.004137571305776748,-0.004137571305776748,-0.004137571305776748,-0.004137571305776748,-0.004137571305776748,-0.004137571305776748,-0.004137571305776748
-0.0035605368906470878,-0.0035605368906470878,-0.0035605368906470878,-0.0035605368906470878,-0.0035605368906470878,-0.0035605368906470878,-0.0035605368906470878,-0.0035605368906470878,-0.0035605368906470878,-0.0035605368906470878,-0.0035605368906470878,-0.0035605368906470878,-0.0035605368906470878,-0.0035605368906470878
-0.0021593757627186736,-0.0021593757627186736,-0.0021593757627186736,-0.0021593757627186736,-0.0021593757627186736,-0.0021593757627186736,-0.0021593757627186736,-0.0021593757627186736,-0.0021593757627186736,-0.0021593757627186736,-0.0021593757627186736,-0.0021593757627186736,-0.0021593757627186736,-0.0021593757627186736
-0.00048307881803333385,-0.00048307881803333385,-0.00048307881803333385,-0.00048307881803333385,-0.00048307881803333385,-0.00048307881803333385,-0.00048307881803333385,-0.00048307881803333385,-0.00048307881803333385,-0.00048307881803333385,-0.00048307881803333385,-0.00048307881803333385,-0.00048307881803333385,-0.00048307881803333385
0.0008099118978084192,0.0008099118978084192,0.0008099118978084192,0.0008099118978084192,0.0008099118978084192,0.0008099118978084192,0.0008099118978084192,0.0008099118978084192,0.0008099118978084192,0.0008099118978084192,0.0008099118978084192,0.0008099118978084192,0.0008099118978084192,0.0008099118978084192
0.0014984377825240387,0.0014984377825240387,0.0014984377825240387,0.0014984377825240387,0.0014984377825240387,0.0014984377825240387,0.0014984377825240387,0.0014984377825240387,0.0014984377825240387,0.0014984377825240387,0.0014984377825240387,0.0014984377825240387,0.0014984377825240387,0.0014984377825240387
0.0023063896805241907,0.0023063896805241907,0.0023063896805241907,0.0023063896805241907,0.0023063896805241907,0.0023063896805241907,0.0023063896805241907,0.0023063896805241907,0.0023063896805241907,0.0023063896805241907,0.0023063896805241907,0.0023063896805241907,0.0023063896805241907,0.0023063896805241907
0.0034822292233986103,0.0034822292233986103,0.0034822292233986103,0.0034822292233986103,0.0034822292233986103,0.0034822292233986103,0.0034822292233986103,0.0034822292233986103,0.0034822292233986103,0.0034822292233986103,0.0034822292233986103,0.0034822292233986103,0.0034822292233986103,0.0034822292233986103
0.0043909177762345595,0.0043909177762345595,0.0043909177762345595,0.0043909177762345595,0.0043909177762345595,0.0043909177762345595,0.0043909177762345595,0.0043909177762345595,0.0043909177762345595,0.0043909177762345595,0.0043909177762345595,0.0043909177762345595,0.0043909177762345595,0.0043909177762345595
0.0071480078515676745,0.0071480078515676745,0.0071480078515676745,0.0071480078515676745,0.0071480078515676745,0.0071480078515676745,0.0071480078515676745,0.0071480078515676745,0.0071480078515676745,0.0071480078515676745,0.0071480078515676745,0.0071480078515676745,0.0071480078515676745,0.0071480078515676745
0.008544546051621828,0.008544546051621828,0.008544546051621828,0.008544546051621828,0.008544546051621828,0.008544546051621828,0.008544546051621828,0.008544546051621828,0.008544546051621828,0.008544546051621828,0.008544546051621828,0.008544546051621828,0.008544546051621828,0.008544546051621828
0.010101053239643245,0.010101053239643245,0.010101053239643245,0.010101053239643245,0.010101053239643245,0.010101053239643245,0.010101053239643245,0.010101053239643245,0.010101053239643245,0.010101053239643245,0.010101053239643245,0.010101053239643245,0.010101053239643245,0.010101053239643245
0.011333913605296328,0.011333913605296328,0.011333913605296328,0.011333913605296328,0.011333913605296328,0.011333913605296328,0.011333913605296328,0.011333913605296328,0.011333913605296328,0.011333913605296328,0.011333913605296328,0.011333913605296328,0.011333913605296328,0.011333913605296328
0.01258556345811011,0.01258556345811011,0.01258556345811011,0.01258556345811011,0.01258556345811011,0.01258556345811011,0.01258556345811011,0.01258556345811011,0.01258556345811011,0.01258556345811011,0.01258556345811011,0.01258556345811011,0.01258556345811011,0.01258556345811011
0.013739670653077568,0.013739670653077568,0.013739670653077568,0.013739670653077568,0.013739670653077568,0.013739670653077568,0.013739670653077568,0.013739670653077568,0.013739670653077568,0.013739670653077568,0.013739670653077568,0.013739670653077568,0.013739670653077568,0.013739670653077568
0.015076136176680535,0.015076136176680535,0.015076136176680535,0.015076136176680535,0.015076136176680535,0.015076136176680535,0.015076136176680535,0.015076136176680535,0.015076136176680535,0.015076136176680535,0.015076136176680535,0.015076136176680535,0.015076136176680535,0.015076136176680535
0.01608765862512463,0.01608765862512463,0.01608765862512463,0.01608765862512463,0.01608765862512463,0.01608765862512463,0.01608765862512463,0.01608765862512463,0.01608765862512463,0.01608765862512463,0.01608765862512463,0.01608765862512463,0.01608765862512463,0.01608765862512463
0.017776752001183675,0.017776752001183675,0.017776752001183675,0.017776752001183675,0.017776752001183675,0.017776752001183675,0.017776752001183675,0.017776752001183675,0.017776752001183675,0.017776752001183675,0.017776752001183675,0.017776752001183675,0.017776752001183675,0.017776752001183675
0.018387833828161625,0.018387833828161625,0.018387833828161625,0.018387833828161625,0.018387833828161625,0.018387833828161625,0.018387833828161625,0.018387833828161625,0.018387833828161625,0.018387833828161625,0.018387833828161625,0.018387833828161625,0.018387833828161625,0.018387833828161625
0.01923640267887641,0.01923640267887641,0.01923640267887641,0.01923640267887641,0.01923640267887641,0.01923640267887641,0.01923640267887641,0.01923640267887641,0.01923640267887641,0.01923640267887641,0.01923640267887641,0.01923640267887641,0.01923640267887641,0.01923640267887641
0.017387966429763663,0.017387966429763663,0.017387966429763663,0.017387966429763663,0.017387966429763663,0.017387966429763663,0.017387966429763663,0.017387966429763663,0.017387966429763663,0.017387966429763663,0.017387966429763663,0.017387966429763663,0.017387966429763663,0.017387966429763663
0.015877231643758535,0.015877231643758535,0.015877231643758535,0.015877231643758535,0.015877231643758535,0.015877231643758535,0.015877231643758535,0.015877231643758535,0.015877231643758535,0.015877231643758535,0.015877231643758535,0.015877231643758535,0.015877231643758535,0.015877231643758535
0.01534408407657469,0.01534408407657469,0.01534408407657469,0.01534408407657469,0.01534408407657469,0.01534408407657469,0.01534408407657469,0.01534408407657469,0.01534408407657469,0.01534408407657469,0.01534408407657469,0.01534408407657469,0.01534408407657469,0.01534408407657469
0.01464796842736183,0.01464796842736183,0.01464796842736183,0.01464796842736183,0.01464796842736183,0.01464796842736183,0.01464796842736183,0.01464796842736183,0.01464796842736183,0.01464796842736183,0.01464796842736183,0.01464796842736183,0.01464796842736183,0.01464796842736183
0.013361741755189347,0.013361741755189347,0.013361741755189347,0.013361741755189347,0.013361741755189347,0.013361741755189347,0.013361741755189347,0.013361741755189347,0.013361741755189347,0.013361741755189347,0.013361741755189347,0.013361741755189347,0.013361741755189347,0.013361741755189347
0.01332781631473012,0.01332781631473012,0.01332781631473012,0.01332781631473012,0.01332781631473012,0.01332781631473012,0.01332781631473012,0.01332781631473012,0.01332781631473012,0.01332781631473012,0.01332781631473012,0.01332781631473012,0.01332781631473012,0.01332781631473012
0.010849559295726468,0.010849559295726468,0.010849559295726468,0.010849559295726468,0.010849559295726468,0.010849559295726468,0.010849559295726468,0.010849559295726468,0.010849559295726468,0.010849559295726468,0.010849559295726468,0.010849559295726468,0.010849559295726468,0.010849559295726468
0.009476011242464026,0.009476011242464026,0.009476011242464026,0.009476011242464026,0.009476011242464026,0.009476011242464026,0.009476011242464026,0.009476011242464026,0.009476011242464026,0.009476011242464026,0.009476011242464026,0.009476011242464026,0.009476011242464026,0.009476011242464026
0.009012147482836592,0.009012147482836592,0.009012147482836592,0.009012147482836592,0.009012147482836592,0.009012147482836592,0.009012147482836592,0.009012147482836592,0.009012147482836592,0.009012147482836592,0.009012147482836592,0.009012147482836592,0.009012147482836592,0.009012147482836592
0.0073244275406843876,0.0073244275406843876,0.0073244275406843876,0.0073244275406843876,0.0073244275406843876,0.0073244275406843876,0.0073244275406843876,0.0073244275406843876,0.0073244275406843876,0.0073244275406843876,0.0073244275406843876,0.0073244275406843876,0.0073244275406843876,0.0073244275406843876
0.00465287934489594,0.00465287934489594,0.00465287934489594,0.00465287934489594,0.00465287934489594,0.00465287934489594,0.00465287934489594,0.00465287934489594,0.00465287934489594,0.00465287934489594,0.00465287934489594,0.00465287934489594,0.00465287934489594,0.00465287934489594
0.0017243037549093598,0.0017243037549093598,0.0017243037549093598,0.0017243037549093598,0.0017243037549093598,0.0017243037549093598,0.0017243037549093598,0.0017243037549093598,0.0017243037549093598,0.0017243037549093598,0.0017243037549093598,0.0017243037549093598,0.0017243037549093598,0.0017243037549093598
-0.0023006178154755044,-0.0023006178154755044,-0.0023006178154755044,-0.0023006178154755044,-0.0023006178154755044,-0.0023006178154755044,-0.0023006178154755044,-0.0023006178154755044,-0.0023006178154755044,-0.0023006178154755044,-0.0023006178154755044,-0.0023006178154755044,-0.0023006178154755044,-0.0023006178154755044
-0.0061087896298999324,-0.0061087896298999324,-0.0061087896298999324,-0.0061087896298999324,-0.0061087896298999324,-0.0061087896298999324,-0.0061087896298999324,-0.0061087896298999324,-0.0061087896298999324,-0.0061087896298999324,-0.0061087896298999324,-0.0061087896298999324,-0.0061087896298999324,-0.0061087896298999324
-0.009874184771590622,-0.009874184771590622,-0.009874184771590622,-0.009874184771590622,-0.009874184771590622,-0.009874184771590622,-0.009874184771590622,-0.009874184771590622,-0.009874184771590622,-0.009874184771590622,-0.009874184771590622,-0.009874184771590622,-0.009874184771590622,-0.009874184771590622
-0.016375802047365412,-0.016375802047365412,-0.016375802047365412,-0.016375802047365412,-0.016375802047365412,-0.016375802047365412,-0.016375802047365412,-0.016375802047365412,-0.016375802047365412,-0.016375802047365412,-0.016375802047365412,-0.016375802047365412,-0.016375802047365412,-0.016375802047365412
-0.022890445015612375,-0.022890445015612375,-0.022890445015612375,-0.022890445015612375,-0.022890445015612375,-0.022890445015612375,-0.022890445015612375,-0.022890445015612375,-0.022890445015612375,-0.022890445015612375,-0.022890445015612375,-0.022890445015612375,-0.022890445015612375,-0.022890445015612375
-0.02899369811357297,-0.02899369811357297,-0.02899369811357297,-0.02899369811357297,-0.02899369811357297,-0.02899369811357297,-0.02899369811357297,-0.02899369811357297,-0.02899369811357297,-0.02899369811357297,-0.02899369811357297,-0.02899369811357297,-0.02899369811357297,-0.02899369811357297
-0.03436720675607972,-0.03436720675607972,-0.03436720675607972,-0.03436720675607972,-0.03436720675607972,-0.03436720675607972,-0.03436720675607972,-0.03436720675607972,-0.03436720675607972,-0.03436720675607972,-0.03436720675607972,-0.03436720675607972,-0.03436720675607972,-0.03436720675607972
-0.0411728127413393,-0.0411728127413393,-0.0411728127413393,-0.0411728127413393,-0.0411728127413393,-0.0411728127413393,-0.0411728127413393,-0.0411728127413393,-0.0411728127413393,-0.0411728127413393,-0.0411728127413393,-0.0411728127413393,-0.0411728127413393,-0.0411728127413393
-0.04727614010911054,-0.04727614010911054,-0.04727614010911054,-0.04727614010911054,-0.04727614010911054,-0.04727614010911054,-0.04727614010911054,-0.04727614010911054,-0.04727614010911054,-0.04727614010911054,-0.04727614010911054,-0.04727614010911054,-0.04727614010911054,-0.04727614010911054
-0.05187567886378158,-0.05187567886378158,-0.05187567886378158,-0.05187567886378158,-0.05187567886378158,-0.05187567886378158,-0.05187567886378158,-0.05187567886378158,-0.05187567886378158,-0.05187567886378158,-0.05187567886378158,-0.05187567886378158,-0.05187567886378158,-0.05187567886378158
-0.05636426025853651,-0.05636426025853651,-0.05636426025853651,-0.05636426025853651,-0.05636426025853651,-0.05636426025853651,-0.05636426025853651,-0.05636426025853651,-0.05636426025853651,-0.05636426025853651,-0.05636426025853651,-0.05636426025853651,-0.05636426025853651,-0.05636426025853651
-0.05961061038585474,-0.05961061038585474,-0.05961061038585474,-0.05961061038585474,-0.05961061038585474,-0.05961061038585474,-0.05961061038585474,-0.05961061038585474,-0.05961061038585474,-0.05961061038585474,-0.05961061038585474,-0.05961061038585474,-0.05961061038585474,-0.05961061038585474
-0.06180937755406341,-0.06180937755406341,-0.06180937755406341,-0.06180937755406341,-0.06180937755406341,-0.06180937755406341,-0.06180937755406341,-0.06180937755406341,-0.06180937755406341,-0.06180937755406341,-0.06180937755406341,-0.06180937755406341,-0.06180937755406341,-0.06180937755406341
-0.06290803599025777,-0.06290803599025777,-0.06290803599025777,-0.06290803599025777,-0.06290803599025777,-0.06290803599025777,-0.06290803599025777,-0.06290803599025777,-0.06290803599025777,-0.06290803599025777,-0.06290803599025777,-0.06290803599025777,-0.06290803599025777,-0.06290803599025777
-0.06361337388125593,-0.06361337388125593,-0.06361337388125593,-0.06361337388125593,-0.06361337388125593,-0.06361337388125593,-0.06361337388125593,-0.06361337388125593,-0.06361337388125593,-0.06361337388125593,-0.06361337388125593,-0.06361337388125593,-0.06361337388125593,-0.06361337388125593
-0.0637765666656682,-0.0637765666656682,-0.0637765666656682,-0.0637765666656682,-0.0637765666656682,-0.0637765666656682,-0.0637765666656682,-0.0637765666656682,-0.0637765666656682,-0.0637765666656682,-0.0637765666656682,-0.0637765666656682,-0.0637765666656682,-0.0637765666656682
-0.06369726546333726,-0.06369726546333726,-0.06369726546333726,-0.06369726546333726,-0.06369726546333726,-0.06369726546333726,-0.06369726546333726,-0.06369726546333726,-0.06369726546333726,-0.06369726546333726,-0.06369726546333726,-0.06369726546333726,-0.06369726546333726,-0.06369726546333726
-0.06244085020167488,-0.06244085020167488,-0.06244085020167488,-0.06244085020167488,-0.06244085020167488,-0.06244085020167488,-0.06244085020167488,-0.06244085020167488,-0.06244085020167488,-0.06244085020167488,-0.06244085020167488,-0.06244085020167488,-0.06244085020167488,-0.06244085020167488
-0.06011575480440051,-0.06011575480440051,-0.06011575480440051,-0.06011575480440051,-0.06011575480440051,-0.06011575480440051,-0.06011575480440051,-0.06011575480440051,-0.06011575480440051,-0.06011575480440051,-0.06011575480440051,-0.06011575480440051,-0.06011575480440051,-0.06011575480440051
-0.05750744699446312,-0.05750744699446312,-0.05750744699446312,-0.05750744699446312,-0.05750744699446312,-0.05750744699446312,-0.05750744699446312,-0.05750744699446312,-0.05750744699446312,-0.05750744699446312,-0.05750744699446312,-0.05750744699446312,-0.05750744699446312,-0.05750744699446312
-0.0536879154602129,-0.0536879154602129,-0.0536879154602129,-0.0536879154602129,-0.0536879154602129,-0.0536879154602129,-0.0536879154602129,-0.0536879154602129,-0.0536879154602129,-0.0536879154602129,-0.0536879154602129,-0.0536879154602129,-0.0536879154602129,-0.0536879154602129
-0.047803900772170574,-0.047803900772170574,-0.047803900772170574,-0.047803900772170574,-0.047803900772170574,-0.047803900772170574,-0.047803900772170574,-0.047803900772170574,-0.047803900772170574,-0.047803900772170574,-0.047803900772170574,-0.047803900772170574,-0.047803900772170574,-0.047803900772170574
-0.041470558670215936,-0.041470558670215936,-0.041470558670215936,-0.041470558670215936,-0.041470558670215936,-0.041470558670215936,-0.041470558670215936,-0.041470558670215936,-0.041470558670215936,-0.041470558670215936,-0.041470558670215936,-0.041470558670215936,-0.041470558670215936,-0.041470558670215936
-0.03420358611487366,-0.03420358611487366,-0.03420358611487366,-0.03420358611487366,-0.03420358611487366,-0.03420358611487366,-0.03420358611487366,-0.03420358611487366,-0.03420358611487366,-0.03420358611487366,-0.03420358611487366,-0.03420358611487366,-0.03420358611487366,-0.03420358611487366
-0.025912615409277282,-0.025912615409277282,-0.025912615409277282,-0.025912615409277282,-0.025912615409277282,-0.025912615409277282,-0.025912615409277282,-0.025912615409277282,-0.025912615409277282,-0.025912615409277282,-0.025912615409277282,-0.025912615409277282,-0.025912615409277282,-0.025912615409277282
-0.01686611696165527,-0.01686611696165527,-0.01686611696165527,-0.01686611696165527,-0.01686611696165527,-0.01686611696165527,-0.01686611696165527,-0.01686611696165527,-0.01686611696165527,-0.01686611696165527,-0.01686611696165527,-0.01686611696165527,-0.01686611696165527,-0.01686611696165527
-0.006856573579958667,-0.006856573579958667,-0.006856573579958667,-0.006856573579958667,-0.006856573579958667,-0.006856573579958667,-0.006856573579958667,-0.006856573579958667,-0.006856573579958667,-0.006856573579958667,-0.006856573579958667,-0.006856573579958667,-0.006856573579958667,-0.006856573579958667
0.001221378933517426,0.001221378933517426,0.001221378933517426,0.001221378933517426,0.001221378933517426,0.001221378933517426,0.001221378933517426,0.001221378933517426,0.001221378933517426,0.001221378933517426,0.001221378933517426,0.001221378933517426,0.001221378933517426,0.001221378933517426
0.009396823218261015,0.009396823218261015,0.009396823218261015,0.009396823218261015,0.009396823218261015,0.009396823218261015,0.009396823218261015,0.009396823218261015,0.009396823218261015,0.009396823218261015,0.009396823218261015,0.009396823218261015,0.009396823218261015,0.009396823218261015
0.017849187772171357,0.017849187772171357,0.017849187772171357,0.017849187772171357,0.017849187772171357,0.017849187772171357,0.017849187772171357,0.017849187772171357,0.017849187772171357,0.017849187772171357,0.017849187772171357,0.017849187772171357,0.017849187772171357,0.017849187772171357
0.0271439943013287,0.0271439943013287,0.0271439943013287,0.0271439943013287,0.0271439943013287,0.0271439943013287,0.0271439943013287,0.0271439943013287,0.0271439943013287,0.0271439943013287,0.0271439943013287,0.0271439943013287,0.0271439943013287,0.0271439943013287
0.03773729574689898,0.03773729574689898,0.03773729574689898,0.03773729574689898,0.03773729574689898,0.03773729574689898,0.03773729574689898,0.03773729574689898,0.03773729574689898,0.03773729574689898,0.03773729574689898,0.03773729574689898,0.03773729574689898,0.03773729574689898
0.04951129911116357,0.04951129911116357,0.04951129911116357,0.04951129911116357,0.04951129911116357,0.04951129911116357,0.04951129911116357,0.04951129911116357,0.04951129911116357,0.04951129911116357,0.04951129911116357,0.04951129911116357,0.04951129911116357,0.04951129911116357
0.06154099691694506,0.06154099691694506,0.06154099691694506,0.06154099691694506,0.06154099691694506,0.06154099691694506,0.06154099691694506,0.06154099691694506,0.06154099691694506,0.06154099691694506,0.06154099691694506,0.06154099691694506,0.06154099691694506,0.06154099691694506
0.06959708565452984,0.06959708565452984,0.06959708565452984,0.06959708565452984,0.06959708565452984,0.06959708565452984,0.06959708565452984,0.06959708565452984,0.06959708565452984,0.06959708565452984,0.06959708565452984,0.06959708565452984,0.06959708565452984,0.06959708565452984
0.07759715097718799,0.07759715097718799,0.07759715097718799,0.07759715097718799,0.07759715097718799,0.07759715097718799,0.07759715097718799,0.07759715097718799,0.07759715097718799,0.07759715097718799,0.07759715097718799,0.07759715097718799,0.07759715097718799,0.07759715097718799
0.08388033220564342,0.08388033220564342,0.08388033220564342,0.08388033220564342,0.08388033220564342,0.08388033220564342,0.08388033220564342,0.08388033220564342,0.08388033220564342,0.08388033220564342,0.08388033220564342,0.08388033220564342,0.08388033220564342,0.08388033220564342
0.08957910917307203,0.08957910917307203,0.08957910917307203,0.08957910917307203,0.08957910917307203,0.08957910917307203,0.08957910917307203,0.08957910917307203,0.08957910917307203,0.08957910917307203,0.08957910917307203,0.08957910917307203,0.08957910917307203,0.08957910917307203
0.09527417226681903,0.09527417226681903,0.09527417226681903,0.09527417226681903,0.09527417226681903,0.09527417226681903,0.09527417226681903,0.09527417226681903,0.09527417226681903,0.09527417226681903,0.09527417226681903,0.09527417226681903,0.09527417226681903,0.09527417226681903
0.10034431315264518,0.10034431315264518,0.10034431315264518,0.10034431315264518,0.10034431315264518,0.10034431315264518,0.10034431315264518,0.10034431315264518,0.10034431315264518,0.10034431315264518,0.10034431315264518,0.10034431315264518,0.10034431315264518,0.10034431315264518
0.10104467587542848,0.10104467587542848,0.10104467587542848,0.10104467587542848,0.10104467587542848,0.10104467587542848,0.10104467587542848,0.10104467587542848,0.10104467587542848,0.10104467587542848,0.10104467587542848,0.10104467587542848,0.10104467587542848,0.10104467587542848
0.10068642611759758,0.10068642611759758,0.10068642611759758,0.10068642611759758,0.10068642611759758,0.10068642611759758,0.10068642611759758,0.10068642611759758,0.10068642611759758,0.10068642611759758,0.10068642611759758,0.10068642611759758,0.10068642611759758,0.10068642611759758
0.10069999071742118,0.10069999071742118,0.10069999071742118,0.10069999071742118,0.10069999071742118,0.10069999071742118,0.10069999071742118,0.10069999071742118,0.10069999071742118,0.10069999071742118,0.10069999071742118,0.10069999071742118,0.10069999071742118,0.10069999071742118
0.10027318576361101,0.10027318576361101,0.10027318576361101,0.10027318576361101,0.10027318576361101,0.10027318576361101,0.10027318576361101,0.10027318576361101,0.10027318576361101,0.10027318576361101,0.10027318576361101,0.10027318576361101,0.10027318576361101,0.10027318576361101
0.10091698037574219,0.10091698037574219,0.10091698037574219,0.10091698037574219,0.10091698037574219,0.10091698037574219,0.10091698037574219,0.10091698037574219,0.10091698037574219,0.10091698037574219,0.10091698037574219,0.10091698037574219,0.10091698037574219,0.10091698037574219
0.10253151352334737,0.10253151352334737,0.10253151352334737,0.10253151352334737,0.10253151352334737,0.10253151352334737,0.10253151352334737,0.10253151352334737,0.10253151352334737,0.10253151352334737,0.10253151352334737,0.10253151352334737,0.10253151352334737,0.10253151352334737
0.10354153561837733,0.10354153561837733,0.10354153561837733,0.10354153561837733,0.10354153561837733,0.10354153561837733,0.10354153561837733,0.10354153561837733,0.10354153561837733,0.10354153561837733,0.10354153561837733,0.10354153561837733,0.10354153561837733,0.10354153561837733
0.10495494027234274,0.10495494027234274,0.10495494027234274,0.10495494027234274,0.10495494027234274,0.10495494027234274,0.10495494027234274,0.10495494027234274,0.10495494027234274,0.10495494027234274,0.10495494027234274,0.10495494027234274,0.10495494027234274,0.10495494027234274
0.10503381297922482,0.10503381297922482,0.10503381297922482,0.10503381297922482,0.10503381297922482,0.10503381297922482,0.10503381297922482,0.10503381297922482,0.10503381297922482,0.10503381297922482,0.10503381297922482,0.10503381297922482,0.10503381297922482,0.10503381297922482
0.1038783282578253,0.1038783282578253,0.1038783282578253,0.1038783282578253,0.1038783282578253,0.1038783282578253,0.1038783282578253,0.1038783282578253,0.1038783282578253,0.1038783282578253,0.1038783282578253,0.1038783282578253,0.1038783282578253,0.1038783282578253
0.10282482077317565,0.10282482077317565,0.10282482077317565,0.10282482077317565,0.10282482077317565,0.10282482077317565,0.10282482077317565,0.10282482077317565,0.10282482077317565,0.10282482077317565,0.10282482077317565,0.10282482077317565,0.10282482077317565,0.10282482077317565
0.10241054416870299,0.10241054416870299,0.10241054416870299,0.10241054416870299,0.10241054416870299,0.10241054416870299,0.10241054416870299,0.10241054416870299,0.10241054416870299,0.10241054416870299,0.10241054416870299,0.10241054416870299,0.10241054416870299,0.10241054416870299
0.09938891265777419,0.09938891265777419,0.09938891265777419,0.09938891265777419,0.09938891265777419,0.09938891265777419,0.09938891265777419,0.09938891265777419,0.09938891265777419,0.09938891265777419,0.09938891265777419,0.09938891265777419,0.09938891265777419,0.09938891265777419
0.0959450177170628,0.0959450177170628,0.0959450177170628,0.0959450177170628,0.0959450177170628,0.0959450177170628,0.0959450177170628,0.0959450177170628,0.0959450177170628,0.0959450177170628,0.0959450177170628,0.0959450177170628,0.0959450177170628,0.0959450177170628
0.09289834859196616,0.09289834859196616,0.09289834859196616,0.09289834859196616,0.09289834859196616,0.09289834859196616,0.09289834859196616,0.09289834859196616,0.09289834859196616,0.09289834859196616,0.09289834859196616,0.09289834859196616,0.09289834859196616,0.09289834859196616
0.0901221528086049,0.0901221528086049,0.0901221528086049,0.0901221528086049,0.0901221528086049,0.0901221528086049,0.0901221528086049,0.0901221528086049,0.0901221528086049,0.0901221528086049,0.0901221528086049,0.0901221528086049,0.0901221528086049,0.0901221528086049
0.08696481100335218,0.08696481100335218,0.08696481100335218,0.08696481100335218,0.08696481100335218,0.08696481100335218,0.08696481100335218,0.08696481100335218,0.08696481100335218,0.08696481100335218,0.08696481100335218,0.08696481100335218,0.08696481100335218,0.08696481100335218
0.0821072585741566,0.0821072585741566,0.0821072585741566,0.0821072585741566,0.0821072585741566,0.0821072585741566,0.0821072585741566,0.0821072585741566,0.0821072585741566,0.0821072585741566,0.0821072585741566,0.0821072585741566,0.0821072585741566,0.0821072585741566
0.07614028626945733,0.07614028626945733,0.07614028626945733,0.07614028626945733,0.07614028626945733,0.07614028626945733,0.07614028626945733,0.07614028626945733,0.07614028626945733,0.07614028626945733,0.07614028626945733,0.07614028626945733,0.07614028626945733,0.07614028626945733
0.06878409465176442,0.06878409465176442,0.06878409465176442,0.06878409465176442,0.06878409465176442,0.06878409465176442,0.06878409465176442,0.06878409465176442,0.06878409465176442,0.06878409465176442,0.06878409465176442,0.06878409465176442,0.06878409465176442,0.06878409465176442
0.0621362781242604,0.0621362781242604,0.0621362781242604,0.0621362781242604,0.0621362781242604,0.0621362781242604,0.0621362781242604,0.0621362781242604,0.0621362781242604,0.0621362781242604,0.0621362781242604,0.0621362781242604,0.0621362781242604,0.0621362781242604
0.0565660704217387,0.0565660704217387,0.0565660704217387,0.0565660704217387,0.0565660704217387,0.0565660704217387,0.0565660704217387,0.0565660704217387,0.0565660704217387,0.0565660704217387,0.0565660704217387,0.0565660704217387,0.0565660704217387,0.0565660704217387
0.05169236260963984,0.05169236260963984,0.05169236260963984,0.05169236260963984,0.05169236260963984,0.05169236260963984,0.05169236260963984,0.05169236260963984,0.05169236260963984,0.05169236260963984,0.05169236260963984,0.05169236260963984,0.05169236260963984,0.05169236260963984
0.0471241060270083,0.0471241060270083,0.0471241060270083,0.0471241060270083,0.0471241060270083,0.0471241060270083,0.0471241060270083,0.0471241060270083,0.0471241060270083,0.0471241060270083,0.0471241060270083,0.0471241060270083,0.0471241060270083,0.0471241060270083
0.0416560869540502,0.0416560869540502,0.0416560869540502,0.0416560869540502,0.0416560869540502,0.0416560869540502,0.0416560869540502,0.0416560869540502,0.0416560869540502,0.0416560869540502,0.0416560869540502,0.0416560869540502,0.0416560869540502,0.0416560869540502
0.03686810367832414,0.03686810367832414,0.03686810367832414,0.03686810367832414,0.03686810367832414,0.03686810367832414,0.03686810367832414,0.03686810367832414,0.03686810367832414,0.03686810367832414,0.03686810367832414,0.03686810367832414,0.03686810367832414,0.03686810367832414
0.03176477106275761,0.03176477106275761,0.03176477106275761,0.03176477106275761,0.03176477106275761,0.03176477106275761,0.03176477106275761,0.03176477106275761,0.03176477106275761,0.03176477106275761,0.03176477106275761,0.03176477106275761,0.03176477106275761,0.03176477106275761
0.027673166729081804,0.027673166729081804,0.027673166729081804,0.027673166729081804,0.027673166729081804,0.027673166729081804,0.027673166729081804,0.027673166729081804,0.027673166729081804,0.027673166729081804,0.027673166729081804,0.027673166729081804,0.027673166729081804,0.027673166729081804
0.022956288346476648,0.022956288346476648,0.022956288346476648,0.022956288346476648,0.022956288346476648,0.022956288346476648,0.022956288346476648,0.022956288346476648,0.022956288346476648,0.022956288346476648,0.022956288346476648,0.022956288346476648,0.022956288346476648,0.022956288346476648
0.018689788231899387,0.018689788231899387,0.018689788231899387,0.018689788231899387,0.018689788231899387,0.018689788231899387,0.018689788231899387,0.018689788231899387,0.018689788231899387,0.018689788231899387,0.018689788231899387,0.018689788231899387,0.018689788231899387,0.018689788231899387
0.01539302119051792,0.01539302119051792,0.01539302119051792,0.01539302119051792,0.01539302119051792,0.01539302119051792,0.01539302119051792,0.01539302119051792,0.01539302119051792,0.01539302119051792,0.01539302119051792,0.01539302119051792,0.01539302119051792,0.01539302119051792
0.013174489550698087,0.013174489550698087,0.013174489550698087,0.013174489550698087,0.013174489550698087,0.013174489550698087,0.013174489550698087,0.013174489550698087,0.013174489550698087,0.013174489550698087,0.013174489550698087,0.013174489550698087,0.013174489550698087,0.013174489550698087
0.01117682226563703,0.01117682226563703,0.01117682226563703,0.01117682226563703,0.01117682226563703,0.01117682226563703,0.01117682226563703,0.01117682226563703,0.01117682226563703,0.01117682226563703,0.01117682226563703,0.01117682226563703,0.01117682226563703,0.01117682226563703
0.009341587432208698,0.009341587432208698,0.009341587432208698,0.009341587432208698,0.009341587432208698,0.009341587432208698,0.009341587432208698,0.009341587432208698,0.009341587432208698,0.009341587432208698,0.009341587432208698,0.009341587432208698,0.009341587432208698,0.009341587432208698
0.008317320990857012,0.008317320990857012,0.008317320990857012,0.008317320990857012,0.008317320990857012,0.008317320990857012,0.008317320990857012,0.008317320990857012,0.008317320990857012,0.008317320990857012,0.008317320990857012,0.008317320990857012,0.008317320990857012,0.008317320990857012
0.00810911181167054,0.00810911181167054,0.00810911181167054,0.00810911181167054,0.00810911181167054,0.00810911181167054,0.00810911181167054,0.00810911181167054,0.00810911181167054,0.00810911181167054,0.00810911181167054,0.00810911181167054,0.00810911181167054,0.00810911181167054
0.00968343857594434,0.00968343857594434,0.00968343857594434,0.00968343857594434,0.00968343857594434,0.00968343857594434,0.00968343857594434,0.00968343857594434,0.00968343857594434,0.00968343857594434,0.00968343857594434,0.00968343857594434,0.00968343857594434,0.00968343857594434
0.011384355193314353,0.011384355193314353,0.011384355193314353,0.011384355193314353,0.011384355193314353,0.011384355193314353,0.011384355193314353,0.011384355193314353,0.011384355193314353,0.011384355193314353,0.011384355193314353,0.011384355193314353,0.011384355193314353,0.011384355193314353
0.012449650937236613,0.012449650937236613,0.012449650937236613,0.012449650937236613,0.012449650937236613,0.012449650937236613,0.012449650937236613,0.012449650937236613,0.012449650937236613,0.012449650937236613,0.012449650937236613,0.012449650937236613,0.012449650937236613,0.012449650937236613
0.01291886623578865,0.01291886623578865,0.01291886623578865,0.01291886623578865,0.01291886623578865,0.01291886623578865,0.01291886623578865,0.01291886623578865,0.01291886623578865,0.01291886623578865,0.01291886623578865,0.01291886623578865,0.01291886623578865,0.01291886623578865
0.01232813944277954,0.01232813944277954,0.01232813944277954,0.01232813944277954,0.01232813944277954,0.01232813944277954,0.01232813944277954,0.01232813944277954,0.01232813944277954,0.01232813944277954,0.01232813944277954,0.01232813944277954,0.01232813944277954,0.01232813944277954
0.011911203932542237,0.011911203932542237,0.011911203932542237,0.011911203932542237,0.011911203932542237,0.011911203932542237,0.011911203932542237,0.011911203932542237,0.011911203932542237,0.011911203932542237,0.011911203932542237,0.011911203932542237,0.011911203932542237,0.011911203932542237
0.011301193597685886,0.011301193597685886,0.011301193597685886,0.011301193597685886,0.011301193597685886,0.011301193597685886,0.011301193597685886,0.011301193597685886,0.011301193597685886,0.011301193597685886,0.011301193597685886,0.011301193597685886,0.011301193597685886,0.011301193597685886
0.009948830980102711,0.009948830980102711,0.009948830980102711,0.009948830980102711,0.009948830980102711,0.009948830980102711,0.009948830980102711,0.009948830980102711,0.009948830980102711,0.009948830980102711,0.009948830980102711,0.009948830980102711,0.009948830980102711,0.009948830980102711
0.008370564719203898,0.008370564719203898,0.008370564719203898,0.008370564719203898,0.008370564719203898,0.008370564719203898,0.008370564719203898,0.008370564719203898,0.008370564719203898,0.008370564719203898,0.008370564719203898,0.008370564719203898,0.008370564719203898,0.008370564719203898
0.006223394929528468,0.006223394929528468,0.006223394929528468,0.006223394929528468,0.006223394929528468,0.006223394929528468,0.006223394929528468,0.006223394929528468,0.006223394929528468,0.006223394929528468,0.006223394929528468,0.006223394929528468,0.006223394929528468,0.006223394929528468
0.00454057051992233,0.00454057051992233,0.00454057051992233,0.00454057051992233,0.00454057051992233,0.00454057051992233,0.00454057051992233,0.00454057051992233,0.00454057051992233,0.00454057051992233,0.00454057051992233,0.00454057051992233,0.00454057051992233,0.00454057051992233
0.003254117401738787,0.003254117401738787,0.003254117401738787,0.003254117401738787,0.003254117401738787,0.003254117401738787,0.003254117401738787,0.003254117401738787,0.003254117401738787,0.003254117401738787,0.003254117401738787,0.003254117401738787,0.003254117401738787,0.003254117401738787
-0.00018981191945832828,-0.00018981191945832828,-0.00018981191945832828,-0.00018981191945832828,-0.00018981191945832828,-0.00018981191945832828,-0.00018981191945832828,-0.00018981191945832828,-0.00018981191945832828,-0.00018981191945832828,-0.00018981191945832828,-0.00018981191945832828,-0.00018981191945832828,-0.00018981191945832828
-0.004231434874041069,-0.004231434874041069,-0.004231434874041069,-0.004231434874041069,-0.004231434874041069,-0.004231434874041069,-0.004231434874041069,-0.004231434874041069,-0.004231434874041069,-0.004231434874041069,-0.004231434874041069,-0.004231434874041069,-0.004231434874041069,-0.004231434874041069
-0.007474559815795872,-0.007474559815795872,-0.007474559815795872,-0.007474559815795872,-0.007474559815795872,-0.007474559815795872,-0.007474559815795872,-0.007474559815795872,-0.007474559815795872,-0.007474559815795872,-0.007474559815795872,-0.007474559815795872,-0.007474559815795872,-0.007474559815795872
-0.012127965433570895,-0.012127965433570895,-0.012127965433570895,-0.012127965433570895,-0.012127965433570895,-0.012127965433570895,-0.012127965433570895,-0.012127965433570895,-0.012127965433570895,-0.012127965433570895,-0.012127965433570895,-0.012127965433570895,-0.012127965433570895,-0.012127965433570895
-0.017222601505047286,-0.017222601505047286,-0.017222601505047286,-0.017222601505047286,-0.017222601505047286,-0.017222601505047286,-0.017222601505047286,-0.017222601505047286,-0.017222601505047286,-0.017222601505047286,-0.017222601505047286,-0.017222601505047286,-0.017222601505047286,-0.017222601505047286
-0.021817429557620005,-0.021817429557620005,-0.021817429557620005,-0.021817429557620005,-0.021817429557620005,-0.021817429557620005,-0.021817429557620005,-0.021817429557620005,-0.021817429557620005,-0.021817429557620005,-0.021817429557620005,-0.021817429557620005,-0.021817429557620005,-0.021817429557620005
-0.026903073368722316,-0.026903073368722316,-0.026903073368722316,-0.026903073368722316,-0.026903073368722316,-0.026903073368722316,-0.026903073368722316,-0.026903073368722316,-0.026903073368722316,-0.026903073368722316,-0.026903073368722316,-0.026903073368722316,-0.026903073368722316,-0.026903073368722316
-0.031313248506814516,-0.031313248506814516,-0.031313248506814516,-0.031313248506814516,-0.031313248506814516,-0.031313248506814516,-0.031313248506814516,-0.031313248506814516,-0.031313248506814516,-0.031313248506814516,-0.031313248506814516,-0.031313248506814516,-0.031313248506814516,-0.031313248506814516
-0.03548212871278225,-0.03548212871278225,-0.03548212871278225,-0.03548212871278225,-0.03548212871278225,-0.03548212871278225,-0.03548212871278225,-0.03548212871278225,-0.03548212871278225,-0.03548212871278225,-0.03548212871278225,-0.03548212871278225,-0.03548212871278225,-0.03548212871278225
-0.03859210296204989,-0.03859210296204989,-0.03859210296204989,-0.03859210296204989,-0.03859210296204989,-0.03859210296204989,-0.03859210296204989,-0.03859210296204989,-0.03859210296204989,-0.03859210296204989,-0.03859210296204989,-0.03859210296204989,-0.03859210296204989,-0.03859210296204989
-0.04170798533218118,-0.04170798533218118,-0.04170798533218118,-0.04170798533218118,-0.04170798533218118,-0.04170798533218118,-0.04170798533218118,-0.04170798533218118,-0.04170798533218118,-0.04170798533218118,-0.04170798533218118,-0.04170798533218118,-0.04170798533218118,-0.04170798533218118
-0.042754126470921444,-0.042754126470921444,-0.042754126470921444,-0.042754126470921444,-0.042754126470921444,-0.042754126470921444,-0.042754126470921444,-0.042754126470921444,-0.042754126470921444,-0.042754126470921444,-0.042754126470921444,-0.042754126470921444,-0.042754126470921444,-0.042754126470921444
-0.044034900152064294,-0.044034900152064294,-0.044034900152064294,-0.044034900152064294,-0.044034900152064294,-0.044034900152064294,-0.044034900152064294,-0.044034900152064294,-0.044034900152064294,-0.044034900152064294,-0.044034900152064294,-0.044034900152064294,-0.044034900152064294,-0.044034900152064294
-0.04521655468938225,-0.04521655468938225,-0.04521655468938225,-0.04521655468938225,-0.04521655468938225,-0.04521655468938225,-0.04521655468938225,-0.04521655468938225,-0.04521655468938225,-0.04521655468938225,-0.04521655468938225,-0.04521655468938225,-0.04521655468938225,-0.04521655468938225
-0.04466216146819778,-0.04466216146819778,-0.04466216146819778,-0.04466216146819778,-0.04466216146819778,-0.04466216146819778,-0.04466216146819778,-0.04466216146819778,-0.04466216146819778,-0.04466216146819778,-0.04466216146819778,-0.04466216146819778,-0.04466216146819778,-0.04466216146819778
-0.043742360840979065,-0.043742360840979065,-0.043742360840979065,-0.043742360840979065,-0.043742360840979065,-0.043742360840979065,-0.043742360840979065,-0.043742360840979065,-0.043742360840979065,-0.043742360840979065,-0.043742360840979065,-0.043742360840979065,-0.043742360840979065,-0.043742360840979065
-0.041507354297153035,-0.041507354297153035,-0.041507354297153035,-0.041507354297153035,-0.041507354297153035,-0.041507354297153035,-0.041507354297153035,-0.041507354297153035,-0.041507354297153035,-0.041507354297153035,-0.041507354297153035,-0.041507354297153035,-0.041507354297153035,-0.041507354297153035
-0.03888338211034074,-0.03888338211034074,-0.03888338211034074,-0.03888338211034074,-0.03888338211034074,-0.03888338211034074,-0.03888338211034074,-0.03888338211034074,-0.03888338211034074,-0.03888338211034074,-0.03888338211034074,-0.03888338211034074,-0.03888338211034074,-0.03888338211034074
-0.0366777827117969,-0.0366777827117969,-0.0366777827117969,-0.0366777827117969,-0.0366777827117969,-0.0366777827117969,-0.0366777827117969,-0.0366777827117969,-0.0366777827117969,-0.0366777827117969,-0.0366777827117969,-0.0366777827117969,-0.0366777827117969,-0.0366777827117969
-0.03452897740303975,-0.03452897740303975,-0.03452897740303975,-0.03452897740303975,-0.03452897740303975,-0.03452897740303975,-0.03452897740303975,-0.03452897740303975,-0.03452897740303975,-0.03452897740303975,-0.03452897740303975,-0.03452897740303975,-0.03452897740303975,-0.03452897740303975
-0.03318266621391665,-0.03318266621391665,-0.03318266621391665,-0.03318266621391665,-0.03318266621391665,-0.03318266621391665,-0.03318266621391665,-0.03318266621391665,-0.03318266621391665,-0.03318266621391665,-0.03318266621391665,-0.03318266621391665,-0.03318266621391665,-0.03318266621391665
-0.03187883361717553,-0.03187883361717553,-0.03187883361717553,-0.03187883361717553,-0.03187883361717553,-0.03187883361717553,-0.03187883361717553,-0.03187883361717553,-0.03187883361717553,-0.03187883361717553,-0.03187883361717553,-0.03187883361717553,-0.03187883361717553,-0.03187883361717553
-0.031028344168529044,-0.031028344168529044,-0.031028344168529044,-0.031028344168529044,-0.031028344168529044,-0.031028344168529044,-0.031028344168529044,-0.031028344168529044,-0.031028344168529044,-0.031028344168529044,-0.031028344168529044,-0.031028344168529044,-0.031028344168529044,-0.031028344168529044
-0.02930813256532047,-0.02930813256532047,-0.02930813256532047,-0.02930813256532047,-0.02930813256532047,-0.02930813256532047,-0.02930813256532047,-0.02930813256532047,-0.02930813256532047,-0.02930813256532047,-0.02930813256532047,-0.02930813256532047,-0.02930813256532047,-0.02930813256532047
-0.028660648932354153,-0.028660648932354153,-0.028660648932354153,-0.028660648932354153,-0.028660648932354153,-0.028660648932354153,-0.028660648932354153,-0.028660648932354153,-0.028660648932354153,-0.028660648932354153,-0.028660648932354153,-0.028660648932354153,-0.028660648932354153,-0.028660648932354153
-0.02811407650366571,-0.02811407650366571,-0.02811407650366571,-0.02811407650366571,-0.02811407650366571,-0.02811407650366571,-0.02811407650366571,-0.02811407650366571,-0.02811407650366571,-0.02811407650366571,-0.02811407650366571,-0.02811407650366571,-0.02811407650366571,-0.02811407650366571
-0.02899501475737871,-0.02899501475737871,-0.02899501475737871,-0.02899501475737871,-0.02899501475737871,-0.02899501475737871,-0.02899501475737871,-0.02899501475737871,-0.02899501475737871,-0.02899501475737871,-0.02899501475737871,-0.02899501475737871,-0.02899501475737871,-0.02899501475737871
-0.029064351458165123,-0.029064351458165123,-0.029064351458165123,-0.029064351458165123,-0.029064351458165123,-0.029064351458165123,-0.029064351458165123,-0.029064351458165123,-0.029064351458165123,-0.029064351458165123,-0.029064351458165123,-0.029064351458165123,-0.029064351458165123,-0.029064351458165123
-0.028791246627905945,-0.028791246627905945,-0.028791246627905945,-0.028791246627905945,-0.028791246627905945,-0.028791246627905945,-0.028791246627905945,-0.028791246627905945,-0.028791246627905945,-0.028791246627905945,-0.028791246627905945,-0.028791246627905945,-0.028791246627905945,-0.028791246627905945
-0.02948164633344244,-0.02948164633344244,-0.02948164633344244,-0.02948164633344244,-0.02948164633344244,-0.02948164633344244,-0.02948164633344244,-0.02948164633344244,-0.02948164633344244,-0.02948164633344244,-0.02948164633344244,-0.02948164633344244,-0.02948164633344244,-0.02948164633344244
-0.03092293045054853,-0.03092293045054853,-0.03092293045054853,-0.03092293045054853,-0.03092293045054853,-0.03092293045054853,-0.03092293045054853,-0.03092293045054853,-0.03092293045054853,-0.03092293045054853,-0.03092293045054853,-0.03092293045054853,-0.03092293045054853,-0.03092293045054853
-0.03096466470489061,-0.03096466470489061,-0.03096466470489061,-0.03096466470489061,-0.03096466470489061,-0.03096466470489061,-0.03096466470489061,-0.03096466470489061,-0.03096466470489061,-0.03096466470489061,-0.03096466470489061,-0.03096466470489061,-0.03096466470489061,-0.03096466470489061
-0.030827496116359678,-0.030827496116359678,-0.030827496116359678,-0.030827496116359678,-0.030827496116359678,-0.030827496116359678,-0.030827496116359678,-0.030827496116359678,-0.030827496116359678,-0.030827496116359678,-0.030827496116359678,-0.030827496116359678,-0.030827496116359678,-0.030827496116359678
-0.030586354937693815,-0.030586354937693815,-0.030586354937693815,-0.030586354937693815,-0.030586354937693815,-0.030586354937693815,-0.030586354937693815,-0.030586354937693815,-0.030586354937693815,-0.030586354937693815,-0.030586354937693815,-0.030586354937693815,-0.030586354937693815,-0.030586354937693815
-0.029944761458838235,-0.029944761458838235,-0.029944761458838235,-0.029944761458838235,-0.029944761458838235,-0.029944761458838235,-0.029944761458838235,-0.029944761458838235,-0.029944761458838235,-0.029944761458838235,-0.029944761458838235,-0.029944761458838235,-0.029944761458838235,-0.029944761458838235
-0.030508793293250444,-0.030508793293250444,-0.030508793293250444,-0.030508793293250444,-0.030508793293250444,-0.030508793293250444,-0.030508793293250444,-0.030508793293250444,-0.030508793293250444,-0.030508793293250444,-0.030508793293250444,-0.030508793293250444,-0.030508793293250444,-0.030508793293250444
-0.03103779855630992,-0.03103779855630992,-0.03103779855630992,-0.03103779855630992,-0.03103779855630992,-0.03103779855630992,-0.03103779855630992,-0.03103779855630992,-0.03103779855630992,-0.03103779855630992,-0.03103779855630992,-0.03103779855630992,-0.03103779855630992,-0.03103779855630992
-0.03100047779840031,-0.03100047779840031,-0.03100047779840031,-0.03100047779840031,-0.03100047779840031,-0.03100047779840031,-0.03100047779840031,-0.03100047779840031,-0.03100047779840031,-0.03100047779840031,-0.03100047779840031,-0.03100047779840031,-0.03100047779840031,-0.03100047779840031
-0.030665856913973912,-0.030665856913973912,-0.030665856913973912,-0.030665856913973912,-0.030665856913973912,-0.030665856913973912,-0.030665856913973912,-0.030665856913973912,-0.030665856913973912,-0.030665856913973912,-0.030665856913973912,-0.030665856913973912,-0.030665856913973912,-0.030665856913973912
-0.030755838630129102,-0.030755838630129102,-0.030755838630129102,-0.030755838630129102,-0.030755838630129102,-0.030755838630129102,-0.030755838630129102,-0.030755838630129102,-0.030755838630129102,-0.030755838630129102,-0.030755838630129102,-0.030755838630129102,-0.030755838630129102,-0.030755838630129102
-0.03001549855509896,-0.03001549855509896,-0.03001549855509896,-0.03001549855509896,-0.03001549855509896,-0.03001549855509896,-0.03001549855509896,-0.03001549855509896,-0.03001549855509896,-0.03001549855509896,-0.03001549855509896,-0.03001549855509896,-0.03001549855509896,-0.03001549855509896
-0.029500555759608808,-0.029500555759608808,-0.029500555759608808,-0.029500555759608808,-0.029500555759608808,-0.029500555759608808,-0.029500555759608808,-0.029500555759608808,-0.029500555759608808,-0.029500555759608808,-0.029500555759608808,-0.029500555759608808,-0.029500555759608808,-0.029500555759608808
-0.028143494817682385,-0.028143494817682385,-0.028143494817682385,-0.028143494817682385,-0.028143494817682385,-0.028143494817682385,-0.028143494817682385,-0.028143494817682385,-0.028143494817682385,-0.028143494817682385,-0.028143494817682385,-0.028143494817682385,-0.028143494817682385,-0.028143494817682385
-0.02500013473534439,-0.02500013473534439,-0.02500013473534439,-0.02500013473534439,-0.02500013473534439,-0.02500013473534439,-0.02500013473534439,-0.02500013473534439,-0.02500013473534439,-0.02500013473534439,-0.02500013473534439,-0.02500013473534439,-0.02500013473534439,-0.02500013473534439
-0.020708893899633995,-0.020708893899633995,-0.020708893899633995,-0.020708893899633995,-0.020708893899633995,-0.020708893899633995,-0.020708893899633995,-0.020708893899633995,-0.020708893899633995,-0.020708893899633995,-0.020708893899633995,-0.020708893899633995,-0.020708893899633995,-0.020708893899633995
-0.016641593872551725,-0.016641593872551725,-0.016641593872551725,-0.016641593872551725,-0.016641593872551725,-0.016641593872551725,-0.016641593872551725,-0.016641593872551725,-0.016641593872551725,-0.016641593872551725,-0.016641593872551725,-0.016641593872551725,-0.016641593872551725,-0.016641593872551725
-0.012542074549348348,-0.012542074549348348,-0.012542074549348348,-0.012542074549348348,-0.012542074549348348,-0.012542074549348348,-0.012542074549348348,-0.012542074549348348,-0.012542074549348348,-0.012542074549348348,-0.012542074549348348,-0.012542074549348348,-0.012542074549348348,-0.012542074549348348
-0.010290143532525905,-0.010290143532525905,-0.010290143532525905,-0.010290143532525905,-0.010290143532525905,-0.010290143532525905,-0.010290143532525905,-0.010290143532525905,-0.010290143532525905,-0.010290143532525905,-0.010290143532525905,-0.010290143532525905,-0.010290143532525905,-0.010290143532525905
-0.009639701585903037,-0.009639701585903037,-0.009639701585903037,-0.009639701585903037,-0.009639701585903037,-0.009639701585903037,-0.009639701585903037,-0.009639701585903037,-0.009639701585903037,-0.009639701585903037,-0.009639701585903037,-0.009639701585903037,-0.009639701585903037,-0.009639701585903037
-0.010078812621673004,-0.010078812621673004,-0.010078812621673004,-0.010078812621673004,-0.010078812621673004,-0.010078812621673004,-0.010078812621673004,-0.010078812621673004,-0.010078812621673004,-0.010078812621673004,-0.010078812621673004,-0.010078812621673004,-0.010078812621673004,-0.010078812621673004
-0.010992736813825602,-0.010992736813825602,-0.010992736813825602,-0.010992736813825602,-0.010992736813825602,-0.010992736813825602,-0.010992736813825602,-0.010992736813825602,-0.010992736813825602,-0.010992736813825602,-0.010992736813825602,-0.010992736813825602,-0.010992736813825602,-0.010992736813825602
-0.01187328621249165,-0.01187328621249165,-0.01187328621249165,-0.01187328621249165,-0.01187328621249165,-0.01187328621249165,-0.01187328621249165,-0.01187328621249165,-0.01187328621249165,-0.01187328621249165,-0.01187328621249165,-0.01187328621249165,-0.01187328621249165,-0.01187328621249165
-0.013791381280796865,-0.013791381280796865,-0.013791381280796865,-0.013791381280796865,-0.013791381280796865,-0.013791381280796865,-0.013791381280796865,-0.013791381280796865,-0.013791381280796865,-0.013791381280796865,-0.013791381280796865,-0.013791381280796865,-0.013791381280796865,-0.013791381280796865
-0.01648287353362572,-0.01648287353362572,-0.01648287353362572,-0.01648287353362572,-0.01648287353362572,-0.01648287353362572,-0.01648287353362572,-0.01648287353362572,-0.01648287353362572,-0.01648287353362572,-0.01648287353362572,-0.01648287353362572,-0.01648287353362572,-0.01648287353362572
-0.018143123285499312,-0.018143123285499312,-0.018143123285499312,-0.018143123285499312,-0.018143123285499312,-0.018143123285499312,-0.018143123285499312,-0.018143123285499312,-0.018143123285499312,-0.018143123285499312,-0.018143123285499312,-0.018143123285499312,-0.018143123285499312,-0.018143123285499312
-0.019508798551634073,-0.019508798551634073,-0.019508798551634073,-0.019508798551634073,-0.019508798551634073,-0.019508798551634073,-0.019508798551634073,-0.019508798551634073,-0.019508798551634073,-0.019508798551634073,-0.019508798551634073,-0.019508798551634073,-0.019508798551634073,-0.019508798551634073
-0.020356785646942845,-0.020356785646942845,-0.020356785646942845,-0.020356785646942845,-0.020356785646942845,-0.020356785646942845,-0.020356785646942845,-0.020356785646942845,-0.020356785646942845,-0.020356785646942845,-0.020356785646942845,-0.020356785646942845,-0.020356785646942845,-0.020356785646942845
-0.021407324549933594,-0.021407324549933594,-0.021407324549933594,-0.021407324549933594,-0.021407324549933594,-0.021407324549933594,-0.021407324549933594,-0.021407324549933594,-0.021407324549933594,-0.021407324549933594,-0.021407324549933594,-0.021407324549933594,-0.021407324549933594,-0.021407324549933594
-0.023026016859052176,-0.023026016859052176,-0.023026016859052176,-0.023026016859052176,-0.023026016859052176,-0.023026016859052176,-0.023026016859052176,-0.023026016859052176,-0.023026016859052176,-0.023026016859052176,-0.023026016859052176,-0.023026016859052176,-0.023026016859052176,-0.023026016859052176
-0.025184629776277893,-0.025184629776277893,-0.025184629776277893,-0.025184629776277893,-0.025184629776277893,-0.025184629776277893,-0.025184629776277893,-0.025184629776277893,-0.025184629776277893,-0.025184629776277893,-0.025184629776277893,-0.025184629776277893,-0.025184629776277893,-0.025184629776277893
-0.02700163711625362,-0.02700163711625362,-0.02700163711625362,-0.02700163711625362,-0.02700163711625362,-0.02700163711625362,-0.02700163711625362,-0.02700163711625362,-0.02700163711625362,-0.02700163711625362,-0.02700163711625362,-0.02700163711625362,-0.02700163711625362,-0.02700163711625362
-0.028628560500396916,-0.028628560500396916,-0.028628560500396916,-0.028628560500396916,-0.028628560500396916,-0.028628560500396916,-0.028628560500396916,-0.028628560500396916,-0.028628560500396916,-0.028628560500396916,-0.028628560500396916,-0.028628560500396916,-0.028628560500396916,-0.028628560500396916
-0.030517823903748968,-0.030517823903748968,-0.030517823903748968,-0.030517823903748968,-0.030517823903748968,-0.030517823903748968,-0.030517823903748968,-0.030517823903748968,-0.030517823903748968,-0.030517823903748968,-0.030517823903748968,-0.030517823903748968,-0.030517823903748968,-0.030517823903748968
-0.030682614970037714,-0.030682614970037714,-0.030682614970037714,-0.030682614970037714,-0.030682614970037714,-0.030682614970037714,-0.030682614970037714,-0.030682614970037714,-0.030682614970037714,-0.030682614970037714,-0.030682614970037714,-0.030682614970037714,-0.030682614970037714,-0.030682614970037714
-0.031136896444642927,-0.031136896444642927,-0.031136896444642927,-0.031136896444642927,-0.031136896444642927,-0.031136896444642927,-0.031136896444642927,-0.031136896444642927,-0.031136896444642927,-0.031136896444642927,-0.031136896444642927,-0.031136896444642927,-0.031136896444642927,-0.031136896444642927
-0.03106997336753261,-0.03106997336753261,-0.03106997336753261,-0.03106997336753261,-0.03106997336753261,-0.03106997336753261,-0.03106997336753261,-0.03106997336753261,-0.03106997336753261,-0.03106997336753261,-0.03106997336753261,-0.03106997336753261,-0.03106997336753261,-0.03106997336753261
-0.030793170869822983,-0.030793170869822983,-0.030793170869822983,-0.030793170869822983,-0.030793170869822983,-0.030793170869822983,-0.030793170869822983,-0.030793170869822983,-0.030793170869822983,-0.030793170869822983,-0.030793170869822983,-0.030793170869822983,-0.030793170869822983,-0.030793170869822983
-0.03086475640016037,-0.03086475640016037,-0.03086475640016037,-0.03086475640016037,-0.03086475640016037,-0.03086475640016037,-0.03086475640016037,-0.03086475640016037,-0.03086475640016037,-0.03086475640016037,-0.03086475640016037,-0.03086475640016037,-0.03086475640016037,-0.03086475640016037
-0.030309470162814496,-0.030309470162814496,-0.030309470162814496,-0.030309470162814496,-0.030309470162814496,-0.030309470162814496,-0.030309470162814496,-0.030309470162814496,-0.030309470162814496,-0.030309470162814496,-0.030309470162814496,-0.030309470162814496,-0.030309470162814496,-0.030309470162814496
-0.028728073847925098,-0.028728073847925098,-0.028728073847925098,-0.028728073847925098,-0.028728073847925098,-0.028728073847925098,-0.028728073847925098,-0.028728073847925098,-0.028728073847925098,-0.028728073847925098,-0.028728073847925098,-0.028728073847925098,-0.028728073847925098,-0.028728073847925098
-0.02767164963171986,-0.02767164963171986,-0.02767164963171986,-0.02767164963171986,-0.02767164963171986,-0.02767164963171986,-0.02767164963171986,-0.02767164963171986,-0.02767164963171986,-0.02767164963171986,-0.02767164963171986,-0.02767164963171986,-0.02767164963171986,-0.02767164963171986
-0.02654142524107089,-0.02654142524107089,-0.02654142524107089,-0.02654142524107089,-0.02654142524107089,-0.02654142524107089,-0.02654142524107089,-0.02654142524107089,-0.02654142524107089,-0.02654142524107089,-0.02654142524107089,-0.02654142524107089,-0.02654142524107089,-0.02654142524107089
-0.025756570249377872,-0.025756570249377872,-0.025756570249377872,-0.025756570249377872,-0.025756570249377872,-0.025756570249377872,-0.025756570249377872,-0.025756570249377872,-0.025756570249377872,-0.025756570249377872,-0.025756570249377872,-0.025756570249377872,-0.025756570249377872,-0.025756570249377872
-0.02459485005203894,-0.02459485005203894,-0.02459485005203894,-0.02459485005203894,-0.02459485005203894,-0.02459485005203894,-0.02459485005203894,-0.02459485005203894,-0.02459485005203894,-0.02459485005203894,-0.02459485005203894,-0.02459485005203894,-0.02459485005203894,-0.02459485005203894
-0.023384513677768,-0.023384513677768,-0.023384513677768,-0.023384513677768,-0.023384513677768,-0.023384513677768,-0.023384513677768,-0.023384513677768,-0.023384513677768,-0.023384513677768,-0.023384513677768,-0.023384513677768,-0.023384513677768,-0.023384513677768
-0.021545228625990887,-0.021545228625990887,-0.021545228625990887,-0.021545228625990887,-0.021545228625990887,-0.021545228625990887,-0.021545228625990887,-0.021545228625990887,-0.021545228625990887,-0.021545228625990887,-0.021545228625990887,-0.021545228625990887,-0.021545228625990887,-0.021545228625990887
-0.02093214980779441,-0.02093214980779441,-0.02093214980779441,-0.02093214980779441,-0.02093214980779441,-0.02093214980779441,-0.02093214980779441,-0.02093214980779441,-0.02093214980779441,-0.02093214980779441,-0.02093214980779441,-0.02093214980779441,-0.02093214980779441,-0.02093214980779441
-0.020630493713274464,-0.020630493713274464,-0.020630493713274464,-0.020630493713274464,-0.020630493713274464,-0.020630493713274464,-0.020630493713274464,-0.020630493713274464,-0.020630493713274464,-0.020630493713274464,-0.020630493713274464,-0.020630493713274464,-0.020630493713274464,-0.020630493713274464
-0.020808539165761794,-0.020808539165761794,-0.020808539165761794,-0.020808539165761794,-0.020808539165761794,-0.020808539165761794,-0.020808539165761794,-0.020808539165761794,-0.020808539165761794,-0.020808539165761794,-0.020808539165761794,-0.020808539165761794,-0.020808539165761794,-0.020808539165761794
-0.02164824798580433,-0.02164824798580433,-0.02164824798580433,-0.02164824798580433,-0.02164824798580433,-0.02164824798580433,-0.02164824798580433,-0.02164824798580433,-0.02164824798580433,-0.02164824798580433,-0.02164824798580433,-0.02164824798580433,-0.02164824798580433,-0.02164824798580433
-0.024824826430155756,-0.024824826430155756,-0.024824826430155756,-0.024824826430155756,-0.024824826430155756,-0.024824826430155756,-0.024824826430155756,-0.024824826430155756,-0.024824826430155756,-0.024824826430155756,-0.024824826430155756,-0.024824826430155756,-0.024824826430155756,-0.024824826430155756
-0.02703439169542082,-0.02703439169542082,-0.02703439169542082,-0.02703439169542082,-0.02703439169542082,-0.02703439169542082,-0.02703439169542082,-0.02703439169542082,-0.02703439169542082,-0.02703439169542082,-0.02703439169542082,-0.02703439169542082,-0.02703439169542082,-0.02703439169542082
-0.02884140028298066,-0.02884140028298066,-0.02884140028298066,-0.02884140028298066,-0.02884140028298066,-0.02884140028298066,-0.02884140028298066,-0.02884140028298066,-0.02884140028298066,-0.02884140028298066,-0.02884140028298066,-0.02884140028298066,-0.02884140028298066,-0.02884140028298066
-0.03125819380415416,-0.03125819380415416,-0.03125819380415416,-0.03125819380415416,-0.03125819380415416,-0.03125819380415416,-0.03125819380415416,-0.03125819380415416,-0.03125819380415416,-0.03125819380415416,-0.03125819380415416,-0.03125819380415416,-0.03125819380415416,-0.03125819380415416
-0.034337457982185945,-0.034337457982185945,-0.034337457982185945,-0.034337457982185945,-0.034337457982185945,-0.034337457982185945,-0.034337457982185945,-0.034337457982185945,-0.034337457982185945,-0.034337457982185945,-0.034337457982185945,-0.034337457982185945,-0.034337457982185945,-0.034337457982185945
-0.03677503713479128,-0.03677503713479128,-0.03677503713479128,-0.03677503713479128,-0.03677503713479128,-0.03677503713479128,-0.03677503713479128,-0.03677503713479128,-0.03677503713479128,-0.03677503713479128,-0.03677503713479128,-0.03677503713479128,-0.03677503713479128,-0.03677503713479128
-0.039060219089788045,-0.039060219089788045,-0.039060219089788045,-0.039060219089788045,-0.039060219089788045,-0.039060219089788045,-0.039060219089788045,-0.039060219089788045,-0.039060219089788045,-0.039060219089788045,-0.039060219089788045,-0.039060219089788045,-0.039060219089788045,-0.039060219089788045
-0.04060293755127615,-0.04060293755127615,-0.04060293755127615,-0.04060293755127615,-0.04060293755127615,-0.04060293755127615,-0.04060293755127615,-0.04060293755127615,-0.04060293755127615,-0.04060293755127615,-0.04060293755127615,-0.04060293755127615,-0.04060293755127615,-0.04060293755127615
-0.04209261002701813,-0.04209261002701813,-0.04209261002701813,-0.04209261002701813,-0.04209261002701813,-0.04209261002701813,-0.04209261002701813,-0.04209261002701813,-0.04209261002701813,-0.04209261002701813,-0.04209261002701813,-0.04209261002701813,-0.04209261002701813,-0.04209261002701813
-0.043631558566604785,-0.043631558566604785,-0.043631558566604785,-0.043631558566604785,-0.043631558566604785,-0.043631558566604785,-0.043631558566604785,-0.043631558566604785,-0.043631558566604785,-0.043631558566604785,-0.043631558566604785,-0.043631558566604785,-0.043631558566604785,-0.043631558566604785
-0.04465642123879292,-0.04465642123879292,-0.04465642123879292,-0.04465642123879292,-0.04465642123879292,-0.04465642123879292,-0.04465642123879292,-0.04465642123879292,-0.04465642123879292,-0.04465642123879292,-0.04465642123879292,-0.04465642123879292,-0.04465642123879292,-0.04465642123879292
-0.04553178856235177,-0.04553178856235177,-0.04553178856235177,-0.04553178856235177,-0.04553178856235177,-0.04553178856235177,-0.04553178856235177,-0.04553178856235177,-0.04553178856235177,-0.04553178856235177,-0.04553178856235177,-0.04553178856235177,-0.04553178856235177,-0.04553178856235177
-0.04604971082543104,-0.04604971082543104,-0.04604971082543104,-0.04604971082543104,-0.04604971082543104,-0.04604971082543104,-0.04604971082543104,-0.04604971082543104,-0.04604971082543104,-0.04604971082543104,-0.04604971082543104,-0.04604971082543104,-0.04604971082543104,-0.04604971082543104
-0.045808242331582115,-0.045808242331582115,-0.045808242331582115,-0.045808242331582115,-0.045808242331582115,-0.045808242331582115,-0.045808242331582115,-0.045808242331582115,-0.045808242331582115,-0.045808242331582115,-0.045808242331582115,-0.045808242331582115,-0.045808242331582115,-0.045808242331582115
-0.04490791072522758,-0.04490791072522758,-0.04490791072522758,-0.04490791072522758,-0.04490791072522758,-0.04490791072522758,-0.04490791072522758,-0.04490791072522758,-0.04490791072522758,-0.04490791072522758,-0.04490791072522758,-0.04490791072522758,-0.04490791072522758,-0.04490791072522758
-0.043909794663626205,-0.043909794663626205,-0.043909794663626205,-0.043909794663626205,-0.043909794663626205,-0.043909794663626205,-0.043909794663626205,-0.043909794663626205,-0.043909794663626205,-0.043909794663626205,-0.043909794663626205,-0.043909794663626205,-0.043909794663626205,-0.043909794663626205
-0.042900308483695346,-0.042900308483695346,-0.042900308483695346,-0.042900308483695346,-0.042900308483695346,-0.042900308483695346,-0.042900308483695346,-0.042900308483695346,-0.042900308483695346,-0.042900308483695346,-0.042900308483695346,-0.042900308483695346,-0.042900308483695346,-0.042900308483695346
-0.040972344403143963,-0.040972344403143963,-0.040972344403143963,-0.040972344403143963,-0.040972344403143963,-0.040972344403143963,-0.040972344403143963,-0.040972344403143963,-0.040972344403143963,-0.040972344403143963,-0.040972344403143963,-0.040972344403143963,-0.040972344403143963,-0.040972344403143963
-0.0385562786928768,-0.0385562786928768,-0.0385562786928768,-0.0385562786928768,-0.0385562786928768,-0.0385562786928768,-0.0385562786928768,-0.0385562786928768,-0.0385562786928768,-0.0385562786928768,-0.0385562786928768,-0.0385562786928768,-0.0385562786928768,-0.0385562786928768
-0.036713460501678806,-0.036713460501678806,-0.036713460501678806,-0.036713460501678806,-0.036713460501678806,-0.036713460501678806,-0.036713460501678806,-0.036713460501678806,-0.036713460501678806,-0.036713460501678806,-0.036713460501678806,-0.036713460501678806,-0.036713460501678806,-0.036713460501678806
-0.033363186262628054,-0.033363186262628054,-0.033363186262628054,-0.033363186262628054,-0.033363186262628054,-0.033363186262628054,-0.033363186262628054,-0.033363186262628054,-0.033363186262628054,-0.033363186262628054,-0.033363186262628054,-0.033363186262628054,-0.033363186262628054,-0.033363186262628054
-0.03167061333465432,-0.03167061333465432,-0.03167061333465432,-0.03167061333465432,-0.03167061333465432,-0.03167061333465432,-0.03167061333465432,-0.03167061333465432,-0.03167061333465432,-0.03167061333465432,-0.03167061333465432,-0.03167061333465432,-0.03167061333465432,-0.03167061333465432
-0.029363718379860414,-0.029363718379860414,-0.029363718379860414,-0.029363718379860414,-0.029363718379860414,-0.029363718379860414,-0.029363718379860414,-0.029363718379860414,-0.029363718379860414,-0.029363718379860414,-0.029363718379860414,-0.029363718379860414,-0.029363718379860414,-0.029363718379860414
-0.02674900379429776,-0.02674900379429776,-0.02674900379429776,-0.02674900379429776,-0.02674900379429776,-0.02674900379429776,-0.02674900379429776,-0.02674900379429776,-0.02674900379429776,-0.02674900379429776,-0.02674900379429776,-0.02674900379429776,-0.02674900379429776,-0.02674900379429776
-0.025121696355152653,-0.025121696355152653,-0.025121696355152653,-0.025121696355152653,-0.025121696355152653,-0.025121696355152653,-0.025121696355152653,-0.025121696355152653,-0.025121696355152653,-0.025121696355152653,-0.025121696355152653,-0.025121696355152653,-0.025121696355152653,-0.025121696355152653
-0.024229413998211005,-0.024229413998211005,-0.024229413998211005,-0.024229413998211005,-0.024229413998211005,-0.024229413998211005,-0.024229413998211005,-0.024229413998211005,-0.024229413998211005,-0.024229413998211005,-0.024229413998211005,-0.024229413998211005,-0.024229413998211005,-0.024229413998211005
-0.02375000629809796,-0.02375000629809796,-0.02375000629809796,-0.02375000629809796,-0.02375000629809796,-0.02375000629809796,-0.02375000629809796,-0.02375000629809796,-0.02375000629809796,-0.02375000629809796,-0.02375000629809796,-0.02375000629809796,-0.02375000629809796,-0.02375000629809796
-0.02329874701916156,-0.02329874701916156,-0.02329874701916156,-0.02329874701916156,-0.02329874701916156,-0.02329874701916156,-0.02329874701916156,-0.02329874701916156,-0.02329874701916156,-0.02329874701916156,-0.02329874701916156,-0.02329874701916156,-0.02329874701916156,-0.02329874701916156
-0.024642939066657474,-0.024642939066657474,-0.024642939066657474,-0.024642939066657474,-0.024642939066657474,-0.024642939066657474,-0.024642939066657474,-0.024642939066657474,-0.024642939066657474,-0.024642939066657474,-0.024642939066657474,-0.024642939066657474,-0.024642939066657474,-0.024642939066657474
-0.02683512051620313,-0.02683512051620313,-0.02683512051620313,-0.02683512051620313,-0.02683512051620313,-0.02683512051620313,-0.02683512051620313,-0.02683512051620313,-0.02683512051620313,-0.02683512051620313,-0.02683512051620313,-0.02683512051620313,-0.02683512051620313,-0.02683512051620313
-0.029146494711767165,-0.029146494711767165,-0.029146494711767165,-0.029146494711767165,-0.029146494711767165,-0.029146494711767165,-0.029146494711767165,-0.029146494711767165,-0.029146494711767165,-0.029146494711767165,-0.029146494711767165,-0.029146494711767165,-0.029146494711767165,-0.029146494711767165
-0.031771641409025816,-0.031771641409025816,-0.031771641409025816,-0.031771641409025816,-0.031771641409025816,-0.031771641409025816,-0.031771641409025816,-0.031771641409025816,-0.031771641409025816,-0.031771641409025816,-0.031771641409025816,-0.031771641409025816,-0.031771641409025816,-0.031771641409025816
-0.03468168647213284,-0.03468168647213284,-0.03468168647213284,-0.03468168647213284,-0.03468168647213284,-0.03468168647213284,-0.03468168647213284,-0.03468168647213284,-0.03468168647213284,-0.03468168647213284,-0.03468168647213284,-0.03468168647213284,-0.03468168647213284,-0.03468168647213284
-0.035490148946590354,-0.035490148946590354,-0.035490148946590354,-0.035490148946590354,-0.035490148946590354,-0.035490148946590354,-0.035490148946590354,-0.035490148946590354,-0.035490148946590354,-0.035490148946590354,-0.035490148946590354,-0.035490148946590354,-0.035490148946590354,-0.035490148946590354
-0.035672144004175226,-0.035672144004175226,-0.035672144004175226,-0.035672144004175226,-0.035672144004175226,-0.035672144004175226,-0.035672144004175226,-0.035672144004175226,-0.035672144004175226,-0.035672144004175226,-0.035672144004175226,-0.035672144004175226,-0.035672144004175226,-0.035672144004175226
-0.035512961409391364,-0.035512961409391364,-0.035512961409391364,-0.035512961409391364,-0.035512961409391364,-0.035512961409391364,-0.035512961409391364,-0.035512961409391364,-0.035512961409391364,-0.035512961409391364,-0.035512961409391364,-0.035512961409391364,-0.035512961409391364,-0.035512961409391364
-0.034769584239350754,-0.034769584239350754,-0.034769584239350754,-0.034769584239350754,-0.034769584239350754,-0.034769584239350754,-0.034769584239350754,-0.034769584239350754,-0.034769584239350754,-0.034769584239350754,-0.034769584239350754,-0.034769584239350754,-0.034769584239350754,-0.034769584239350754
-0.03328678662581292,-0.03328678662581292,-0.03328678662581292,-0.03328678662581292,-0.03328678662581292,-0.03328678662581292,-0.03328678662581292,-0.03328678662581292,-0.03328678662581292,-0.03328678662581292,-0.03328678662581292,-0.03328678662581292,-0.03328678662581292,-0.03328678662581292
-0.031839335986455025,-0.031839335986455025,-0.031839335986455025,-0.031839335986455025,-0.031839335986455025,-0.031839335986455025,-0.031839335986455025,-0.031839335986455025,-0.031839335986455025,-0.031839335986455025,-0.031839335986455025,-0.031839335986455025,-0.031839335986455025,-0.031839335986455025
-0.030634313950294846,-0.030634313950294846,-0.030634313950294846,-0.030634313950294846,-0.030634313950294846,-0.030634313950294846,-0.030634313950294846,-0.030634313950294846,-0.030634313950294846,-0.030634313950294846,-0.030634313950294846,-0.030634313950294846,-0.030634313950294846,-0.030634313950294846
-0.02859060590311666,-0.02859060590311666,-0.02859060590311666,-0.02859060590311666,-0.02859060590311666,-0.02859060590311666,-0.02859060590311666,-0.02859060590311666,-0.02859060590311666,-0.02859060590311666,-0.02859060590311666,-0.02859060590311666,-0.02859060590311666,-0.02859060590311666
-0.02607789912879317,-0.02607789912879317,-0.02607789912879317,-0.02607789912879317,-0.02607789912879317,-0.02607789912879317,-0.02607789912879317,-0.02607789912879317,-0.02607789912879317,-0.02607789912879317,-0.02607789912879317,-0.02607789912879317,-0.02607789912879317,-0.02607789912879317
-0.023921916293467498,-0.023921916293467498,-0.023921916293467498,-0.023921916293467498,-0.023921916293467498,-0.023921916293467498,-0.023921916293467498,-0.023921916293467498,-0.023921916293467498,-0.023921916293467498,-0.023921916293467498,-0.023921916293467498,-0.023921916293467498,-0.023921916293467498
-0.022810473745351494,-0.022810473745351494,-0.022810473745351494,-0.022810473745351494,-0.022810473745351494,-0.022810473745351494,-0.022810473745351494,-0.022810473745351494,-0.022810473745351494,-0.022810473745351494,-0.022810473745351494,-0.022810473745351494,-0.022810473745351494,-0.022810473745351494
-0.020916066853727995,-0.020916066853727995,-0.020916066853727995,-0.020916066853727995,-0.020916066853727995,-0.020916066853727995,-0.020916066853727995,-0.020916066853727995,-0.020916066853727995,-0.020916066853727995,-0.020916066853727995,-0.020916066853727995,-0.020916066853727995,-0.020916066853727995
-0.019365637337938533,-0.019365637337938533,-0.019365637337938533,-0.019365637337938533,-0.019365637337938533,-0.019365637337938533,-0.019365637337938533,-0.019365637337938533,-0.019365637337938533,-0.019365637337938533,-0.019365637337938533,-0.019365637337938533,-0.019365637337938533,-0.019365637337938533
-0.017460705205043846,-0.017460705205043846,-0.017460705205043846,-0.017460705205043846,-0.017460705205043846,-0.017460705205043846,-0.017460705205043846,-0.017460705205043846,-0.017460705205043846,-0.017460705205043846,-0.017460705205043846,-0.017460705205043846,-0.017460705205043846,-0.017460705205043846
-0.016258612302869707,-0.016258612302869707,-0.016258612302869707,-0.016258612302869707,-0.016258612302869707,-0.016258612302869707,-0.016258612302869707,-0.016258612302869707,-0.016258612302869707,-0.016258612302869707,-0.016258612302869707,-0.016258612302869707,-0.016258612302869707,-0.016258612302869707
-0.016267415445265082,-0.016267415445265082,-0.016267415445265082,-0.016267415445265082,-0.016267415445265082,-0.016267415445265082,-0.016267415445265082,-0.016267415445265082,-0.016267415445265082,-0.016267415445265082,-0.016267415445265082,-0.016267415445265082,-0.016267415445265082,-0.016267415445265082
-0.016501180381671306,-0.016501180381671306,-0.016501180381671306,-0.016501180381671306,-0.016501180381671306,-0.016501180381671306,-0.016501180381671306,-0.016501180381671306,-0.016501180381671306,-0.016501180381671306,-0.016501180381671306,-0.016501180381671306,-0.016501180381671306,-0.016501180381671306
-0.01642724412866896,-0.01642724412866896,-0.01642724412866896,-0.01642724412866896,-0.01642724412866896,-0.01642724412866896,-0.01642724412866896,-0.01642724412866896,-0.01642724412866896,-0.01642724412866896,-0.01642724412866896,-0.01642724412866896,-0.01642724412866896,-0.01642724412866896
-0.016611738143433103,-0.016611738143433103,-0.016611738143433103,-0.016611738143433103,-0.016611738143433103,-0.016611738143433103,-0.016611738143433103,-0.016611738143433103,-0.016611738143433103,-0.016611738143433103,-0.016611738143433103,-0.016611738143433103,-0.016611738143433103,-0.016611738143433103
-0.01732235690104313,-0.01732235690104313,-0.01732235690104313,-0.01732235690104313,-0.01732235690104313,-0.01732235690104313,-0.01732235690104313,-0.01732235690104313,-0.01732235690104313,-0.01732235690104313,-0.01732235690104313,-0.01732235690104313,-0.01732235690104313,-0.01732235690104313
-0.016820713057013166,-0.016820713057013166,-0.016820713057013166,-0.016820713057013166,-0.016820713057013166,-0.016820713057013166,-0.016820713057013166,-0.016820713057013166,-0.016820713057013166,-0.016820713057013166,-0.016820713057013166,-0.016820713057013166,-0.016820713057013166,-0.016820713057013166
-0.016365919376501784,-0.016365919376501784,-0.016365919376501784,-0.016365919376501784,-0.016365919376501784,-0.016365919376501784,-0.016365919376501784,-0.016365919376501784,-0.016365919376501784,-0.016365919376501784,-0.016365919376501784,-0.016365919376501784,-0.016365919376501784,-0.016365919376501784
-0.015623810771689098,-0.015623810771689098,-0.015623810771689098,-0.015623810771689098,-0.015623810771689098,-0.015623810771689098,-0.015623810771689098,-0.015623810771689098,-0.015623810771689098,-0.015623810771689098,-0.015623810771689098,-0.015623810771689098,-0.015623810771689098,-0.015623810771689098
-0.013782549562668615,-0.013782549562668615,-0.013782549562668615,-0.013782549562668615,-0.013782549562668615,-0.013782549562668615,-0.013782549562668615,-0.013782549562668615,-0.013782549562668615,-0.013782549562668615,-0.013782549562668615,-0.013782549562668615,-0.013782549562668615,-0.013782549562668615
-0.0131189005993969,-0.0131189005993969,-0.0131189005993969,-0.0131189005993969,-0.0131189005993969,-0.0131189005993969,-0.0131189005993969,-0.0131189005993969,-0.0131189005993969,-0.0131189005993969,-0.0131189005993969,-0.0131189005993969,-0.0131189005993969,-0.0131189005993969
-0.012989343807898434,-0.012989343807898434,-0.012989343807898434,-0.012989343807898434,-0.012989343807898434,-0.012989343807898434,-0.012989343807898434,-0.012989343807898434,-0.012989343807898434,-0.012989343807898434,-0.012989343807898434,-0.012989343807898434,-0.012989343807898434,-0.012989343807898434
-0.013589595195601252,-0.013589595195601252,-0.013589595195601252,-0.013589595195601252,-0.013589595195601252,-0.013589595195601252,-0.013589595195601252,-0.013589595195601252,-0.013589595195601252,-0.013589595195601252,-0.013589595195601252,-0.013589595195601252,-0.013589595195601252,-0.013589595195601252
-0.01329461545152996,-0.01329461545152996,-0.01329461545152996,-0.01329461545152996,-0.01329461545152996,-0.01329461545152996,-0.01329461545152996,-0.01329461545152996,-0.01329461545152996,-0.01329461545152996,-0.01329461545152996,-0.01329461545152996,-0.01329461545152996,-0.01329461545152996
-0.011858534912719963,-0.011858534912719963,-0.011858534912719963,-0.011858534912719963,-0.011858534912719963,-0.011858534912719963,-0.011858534912719963,-0.011858534912719963,-0.011858534912719963,-0.011858534912719963,-0.011858534912719963,-0.011858534912719963,-0.011858534912719963,-0.011858534912719963
-0.010445604875396019,-0.010445604875396019,-0.010445604875396019,-0.010445604875396019,-0.010445604875396019,-0.010445604875396019,-0.010445604875396019,-0.010445604875396019,-0.010445604875396019,-0.010445604875396019,-0.010445604875396019,-0.010445604875396019,-0.010445604875396019,-0.010445604875396019
-0.007783321842711855,-0.007783321842711855,-0.007783321842711855,-0.007783321842711855,-0.007783321842711855,-0.007783321842711855,-0.007783321842711855,-0.007783321842711855,-0.007783321842711855,-0.007783321842711855,-0.007783321842711855,-0.007783321842711855,-0.007783321842711855,-0.007783321842711855
-0.005798127349443718,-0.005798127349443718,-0.005798127349443718,-0.005798127349443718,-0.005798127349443718,-0.005798127349443718,-0.005798127349443718,-0.005798127349443718,-0.005798127349443718,-0.005798127349443718,-0.005798127349443718,-0.005798127349443718,-0.005798127349443718,-0.005798127349443718
-0.004518594121548609,-0.004518594121548609,-0.004518594121548609,-0.004518594121548609,-0.004518594121548609,-0.004518594121548609,-0.004518594121548609,-0.004518594121548609,-0.004518594121548609,-0.004518594121548609,-0.004518594121548609,-0.004518594121548609,-0.004518594121548609,-0.004518594121548609
-0.002580131863870754,-0.002580131863870754,-0.002580131863870754,-0.002580131863870754,-0.002580131863870754,-0.002580131863870754,-0.002580131863870754,-0.002580131863870754,-0.002580131863870754,-0.002580131863870754,-0.002580131863870754,-0.002580131863870754,-0.002580131863870754,-0.002580131863870754
0.0002891367497671704,0.0002891367497671704,0.0002891367497671704,0.0002891367497671704,0.0002891367497671704,0.0002891367497671704,0.0002891367497671704,0.0002891367497671704,0.0002891367497671704,0.0002891367497671704,0.0002891367497671704,0.0002891367497671704,0.0002891367497671704,0.0002891367497671704
0.00424900999887107,0.00424900999887107,0.00424900999887107,0.00424900999887107,0.00424900999887107,0.00424900999887107,0.00424900999887107,0.00424900999887107,0.00424900999887107,0.00424900999887107,0.00424900999887107,0.00424900999887107,0.00424900999887107,0.00424900999887107
0.00650030337140026,0.00650030337140026,0.00650030337140026,0.00650030337140026,0.00650030337140026,0.00650030337140026,0.00650030337140026,0.00650030337140026,0.00650030337140026,0.00650030337140026,0.00650030337140026,0.00650030337140026,0.00650030337140026,0.00650030337140026
0.008684880415248451,0.008684880415248451,0.008684880415248451,0.008684880415248451,0.008684880415248451,0.008684880415248451,0.008684880415248451,0.008684880415248451,0.008684880415248451,0.008684880415248451,0.008684880415248451,0.008684880415248451,0.008684880415248451,0.008684880415248451
0.011671022011359753,0.011671022011359753,0.011671022011359753,0.011671022011359753,0.011671022011359753,0.011671022011359753,0.011671022011359753,0.011671022011359753,0.011671022011359753,0.011671022011359753,0.011671022011359753,0.011671022011359753,0.011671022011359753,0.011671022011359753
0.014250940802027264,0.014250940802027264,0.014250940802027264,0.014250940802027264,0.014250940802027264,0.014250940802027264,0.014250940802027264,0.014250940802027264,0.014250940802027264,0.014250940802027264,0.014250940802027264,0.014250940802027264,0.014250940802027264,0.014250940802027264
0.016107898576808347,0.016107898576808347,0.016107898576808347,0.016107898576808347,0.016107898576808347,0.016107898576808347,0.016107898576808347,0.016107898576808347,0.016107898576808347,0.016107898576808347,0.016107898576808347,0.016107898576808347,0.016107898576808347,0.016107898576808347
0.017028274870134134,0.017028274870134134,0.017028274870134134,0.017028274870134134,0.017028274870134134,0.017028274870134134,0.017028274870134134,0.017028274870134134,0.017028274870134134,0.017028274870134134,0.017028274870134134,0.017028274870134134,0.017028274870134134,0.017028274870134134
0.017273611832069515,0.017273611832069515,0.017273611832069515,0.017273611832069515,0.017273611832069515,0.017273611832069515,0.017273611832069515,0.017273611832069515,0.017273611832069515,0.017273611832069515,0.017273611832069515,0.017273611832069515,0.017273611832069515,0.017273611832069515
0.018539673647128434,0.018539673647128434,0.018539673647128434,0.018539673647128434,0.018539673647128434,0.018539673647128434,0.018539673647128434,0.018539673647128434,0.018539673647128434,0.018539673647128434,0.018539673647128434,0.018539673647128434,0.018539673647128434,0.018539673647128434
0.018288539768083645,0.018288539768083645,0.018288539768083645,0.018288539768083645,0.018288539768083645,0.018288539768083645,0.018288539768083645,0.018288539768083645,0.018288539768083645,0.018288539768083645,0.018288539768083645,0.018288539768083645,0.018288539768083645,0.018288539768083645
0.018998182406746746,0.018998182406746746,0.018998182406746746,0.018998182406746746,0.018998182406746746,0.018998182406746746,0.018998182406746746,0.018998182406746746,0.018998182406746746,0.018998182406746746,0.018998182406746746,0.018998182406746746,0.018998182406746746,0.018998182406746746
0.018614445882029703,0.018614445882029703,0.018614445882029703,0.018614445882029703,0.018614445882029703,0.018614445882029703,0.018614445882029703,0.018614445882029703,0.018614445882029703,0.018614445882029703,0.018614445882029703,0.018614445882029703,0.018614445882029703,0.018614445882029703
0.01825388852531623,0.01825388852531623,0.01825388852531623,0.01825388852531623,0.01825388852531623,0.01825388852531623,0.01825388852531623,0.01825388852531623,0.01825388852531623,0.01825388852531623,0.01825388852531623,0.01825388852531623,0.01825388852531623,0.01825388852531623
0.01859701142575483,0.01859701142575483,0.01859701142575483,0.01859701142575483,0.01859701142575483,0.01859701142575483,0.01859701142575483,0.01859701142575483,0.01859701142575483,0.01859701142575483,0.01859701142575483,0.01859701142575483,0.01859701142575483,0.01859701142575483
0.018853313865252505,0.018853313865252505,0.018853313865252505,0.018853313865252505,0.018853313865252505,0.018853313865252505,0.018853313865252505,0.018853313865252505,0.018853313865252505,0.018853313865252505,0.018853313865252505,0.018853313865252505,0.018853313865252505,0.018853313865252505
0.018113282261438022,0.018113282261438022,0.018113282261438022,0.018113282261438022,0.018113282261438022,0.018113282261438022,0.018113282261438022,0.018113282261438022,0.018113282261438022,0.018113282261438022,0.018113282261438022,0.018113282261438022,0.018113282261438022,0.018113282261438022
0.017366856970689716,0.017366856970689716,0.017366856970689716,0.017366856970689716,0.017366856970689716,0.017366856970689716,0.017366856970689716,0.017366856970689716,0.017366856970689716,0.017366856970689716,0.017366856970689716,0.017366856970689716,0.017366856970689716,0.017366856970689716
0.016716587017798816,0.016716587017798816,0.016716587017798816,0.016716587017798816,0.016716587017798816,0.016716587017798816,0.016716587017798816,0.016716587017798816,0.016716587017798816,0.016716587017798816,0.016716587017798816,0.016716587017798816,0.016716587017798816,0.016716587017798816
0.0172177239408719,0.0172177239408719,0.0172177239408719,0.0172177239408719,0.0172177239408719,0.0172177239408719,0.0172177239408719,0.0172177239408719,0.0172177239408719,0.0172177239408719,0.0172177239408719,0.0172177239408719,0.0172177239408719,0.0172177239408719
0.017933954735233407,0.017933954735233407,0.017933954735233407,0.017933954735233407,0.017933954735233407,0.017933954735233407,0.017933954735233407,0.017933954735233407,0.017933954735233407,0.017933954735233407,0.017933954735233407,0.017933954735233407,0.017933954735233407,0.017933954735233407
0.020331998041756304,0.020331998041756304,0.020331998041756304,0.020331998041756304,0.020331998041756304,0.020331998041756304,0.020331998041756304,0.020331998041756304,0.020331998041756304,0.020331998041756304,0.020331998041756304,0.020331998041756304,0.020331998041756304,0.020331998041756304
0.023755050579407133,0.023755050579407133,0.023755050579407133,0.023755050579407133,0.023755050579407133,0.023755050579407133,0.023755050579407133,0.023755050579407133,0.023755050579407133,0.023755050579407133,0.023755050579407133,0.023755050579407133,0.023755050579407133,0.023755050579407133
0.028125483675495153,0.028125483675495153,0.028125483675495153,0.028125483675495153,0.028125483675495153,0.028125483675495153,0.028125483675495153,0.028125483675495153,0.028125483675495153,0.028125483675495153,0.028125483675495153,0.028125483675495153,0.028125483675495153,0.028125483675495153
0.032556796897809846,0.032556796897809846,0.032556796897809846,0.032556796897809846,0.032556796897809846,0.032556796897809846,0.032556796897809846,0.032556796897809846,0.032556796897809846,0.032556796897809846,0.032556796897809846,0.032556796897809846,0.032556796897809846,0.032556796897809846
0.03591752648472195,0.03591752648472195,0.03591752648472195,0.03591752648472195,0.03591752648472195,0.03591752648472195,0.03591752648472195,0.03591752648472195,0.03591752648472195,0.03591752648472195,0.03591752648472195,0.03591752648472195,0.03591752648472195,0.03591752648472195
0.03755082923235219,0.03755082923235219,0.03755082923235219,0.03755082923235219,0.03755082923235219,0.03755082923235219,0.03755082923235219,0.03755082923235219,0.03755082923235219,0.03755082923235219,0.03755082923235219,0.03755082923235219,0.03755082923235219,0.03755082923235219
0.040129948422016004,0.040129948422016004,0.040129948422016004,0.040129948422016004,0.040129948422016004,0.040129948422016004,0.040129948422016004,0.040129948422016004,0.040129948422016004,0.040129948422016004,0.040129948422016004,0.040129948422016004,0.040129948422016004,0.040129948422016004
0.04262174658578667,0.04262174658578667,0.04262174658578667,0.04262174658578667,0.04262174658578667,0.04262174658578667,0.04262174658578667,0.04262174658578667,0.04262174658578667,0.04262174658578667,0.04262174658578667,0.04262174658578667,0.04262174658578667,0.04262174658578667
0.04439791902459059,0.04439791902459059,0.04439791902459059,0.04439791902459059,0.04439791902459059,0.04439791902459059,0.04439791902459059,0.04439791902459059,0.04439791902459059,0.04439791902459059,0.04439791902459059,0.04439791902459059,0.04439791902459059,0.04439791902459059
0.04680856762935609,0.04680856762935609,0.04680856762935609,0.04680856762935609,0.04680856762935609,0.04680856762935609,0.04680856762935609,0.04680856762935609,0.04680856762935609,0.04680856762935609,0.04680856762935609,0.04680856762935609,0.04680856762935609,0.04680856762935609
0.04883671424344358,0.04883671424344358,0.04883671424344358,0.04883671424344358,0.04883671424344358,0.04883671424344358,0.04883671424344358,0.04883671424344358,0.04883671424344358,0.04883671424344358,0.04883671424344358,0.04883671424344358,0.04883671424344358,0.04883671424344358
0.04919476028365989,0.04919476028365989,0.04919476028365989,0.04919476028365989,0.04919476028365989,0.04919476028365989,0.04919476028365989,0.04919476028365989,0.04919476028365989,0.04919476028365989,0.04919476028365989,0.04919476028365989,0.04919476028365989,0.04919476028365989
0.04932522234636133,0.04932522234636133,0.04932522234636133,0.04932522234636133,0.04932522234636133,0.04932522234636133,0.04932522234636133,0.04932522234636133,0.04932522234636133,0.04932522234636133,0.04932522234636133,0.04932522234636133,0.04932522234636133,0.04932522234636133
0.05004169242658387,0.05004169242658387,0.05004169242658387,0.05004169242658387,0.05004169242658387,0.05004169242658387,0.05004169242658387,0.05004169242658387,0.05004169242658387,0.05004169242658387,0.05004169242658387,0.05004169242658387,0.05004169242658387,0.05004169242658387
0.05157402351166596,0.05157402351166596,0.05157402351166596,0.05157402351166596,0.05157402351166596,0.05157402351166596,0.05157402351166596,0.05157402351166596,0.05157402351166596,0.05157402351166596,0.05157402351166596,0.05157402351166596,0.05157402351166596,0.05157402351166596
0.05265385665494846,0.05265385665494846,0.05265385665494846,0.05265385665494846,0.05265385665494846,0.05265385665494846,0.05265385665494846,0.05265385665494846,0.05265385665494846,0.05265385665494846,0.05265385665494846,0.05265385665494846,0.05265385665494846,0.05265385665494846
0.05444657565087005,0.05444657565087005,0.05444657565087005,0.05444657565087005,0.05444657565087005,0.05444657565087005,0.05444657565087005,0.05444657565087005,0.05444657565087005,0.05444657565087005,0.05444657565087005,0.05444657565087005,0.05444657565087005,0.05444657565087005
0.0564978486351442,0.0564978486351442,0.0564978486351442,0.0564978486351442,0.0564978486351442,0.0564978486351442,0.0564978486351442,0.0564978486351442,0.0564978486351442,0.0564978486351442,0.0564978486351442,0.0564978486351442,0.0564978486351442,0.0564978486351442
0.05736865035147559,0.05736865035147559,0.05736865035147559,0.05736865035147559,0.05736865035147559,0.05736865035147559,0.05736865035147559,0.05736865035147559,0.05736865035147559,0.05736865035147559,0.05736865035147559,0.05736865035147559,0.05736865035147559,0.05736865035147559
0.05827229777036753,0.05827229777036753,0.05827229777036753,0.05827229777036753,0.05827229777036753,0.05827229777036753,0.05827229777036753,0.05827229777036753,0.05827229777036753,0.05827229777036753,0.05827229777036753,0.05827229777036753,0.05827229777036753,0.05827229777036753
0.058509032514428794,0.058509032514428794,0.058509032514428794,0.058509032514428794,0.058509032514428794,0.058509032514428794,0.058509032514428794,0.058509032514428794,0.058509032514428794,0.058509032514428794,0.058509032514428794,0.058509032514428794,0.058509032514428794,0.058509032514428794
0.05834398050313376,0.05834398050313376,0.05834398050313376,0.05834398050313376,0.05834398050313376,0.05834398050313376,0.05834398050313376,0.05834398050313376,0.05834398050313376,0.05834398050313376,0.05834398050313376,0.05834398050313376,0.05834398050313376,0.05834398050313376
0.058989595554271405,0.058989595554271405,0.058989595554271405,0.058989595554271405,0.058989595554271405,0.058989595554271405,0.058989595554271405,0.058989595554271405,0.058989595554271405,0.058989595554271405,0.058989595554271405,0.058989595554271405,0.058989595554271405,0.058989595554271405
0.05890234708602154,0.05890234708602154,0.05890234708602154,0.05890234708602154,0.05890234708602154,0.05890234708602154,0.05890234708602154,0.05890234708602154,0.05890234708602154,0.05890234708602154,0.05890234708602154,0.05890234708602154,0.05890234708602154,0.05890234708602154
0.060419197808597565,0.060419197808597565,0.060419197808597565,0.060419197808597565,0.060419197808597565,0.060419197808597565,0.060419197808597565,0.060419197808597565,0.060419197808597565,0.060419197808597565,0.060419197808597565,0.060419197808597565,0.060419197808597565,0.060419197808597565
0.06198931994024809,0.06198931994024809,0.06198931994024809,0.06198931994024809,0.06198931994024809,0.06198931994024809,0.06198931994024809,0.06198931994024809,0.06198931994024809,0.06198931994024809,0.06198931994024809,0.06198931994024809,0.06198931994024809,0.06198931994024809
0.06467835767139399,0.06467835767139399,0.06467835767139399,0.06467835767139399,0.06467835767139399,0.06467835767139399,0.06467835767139399,0.06467835767139399,0.06467835767139399,0.06467835767139399,0.06467835767139399,0.06467835767139399,0.06467835767139399,0.06467835767139399
0.067472951718264,0.067472951718264,0.067472951718264,0.067472951718264,0.067472951718264,0.067472951718264,0.067472951718264,0.067472951718264,0.067472951718264,0.067472951718264,0.067472951718264,0.067472951718264,0.067472951718264,0.067472951718264
0.0699965158311361,0.0699965158311361,0.0699965158311361,0.0699965158311361,0.0699965158311361,0.0699965158311361,0.0699965158311361,0.0699965158311361,0.0699965158311361,0.0699965158311361,0.0699965158311361,0.0699965158311361,0.0699965158311361,0.0699965158311361
0.07270418740283743,0.07270418740283743,0.07270418740283743,0.07270418740283743,0.07270418740283743,0.07270418740283743,0.07270418740283743,0.07270418740283743,0.07270418740283743,0.07270418740283743,0.07270418740283743,0.07270418740283743,0.07270418740283743,0.07270418740283743
0.07610265100509254,0.07610265100509254,0.07610265100509254,0.07610265100509254,0.07610265100509254,0.07610265100509254,0.07610265100509254,0.07610265100509254,0.07610265100509254,0.07610265100509254,0.07610265100509254,0.07610265100509254,0.07610265100509254,0.07610265100509254
0.0801088648545681,0.0801088648545681,0.0801088648545681,0.0801088648545681,0.0801088648545681,0.0801088648545681,0.0801088648545681,0.0801088648545681,0.0801088648545681,0.0801088648545681,0.0801088648545681,0.0801088648545681,0.0801088648545681,0.0801088648545681
0.0831639237585171,0.0831639237585171,0.0831639237585171,0.0831639237585171,0.0831639237585171,0.0831639237585171,0.0831639237585171,0.0831639237585171,0.0831639237585171,0.0831639237585171,0.0831639237585171,0.0831639237585171,0.0831639237585171,0.0831639237585171
0.08611023131914758,0.08611023131914758,0.08611023131914758,0.08611023131914758,0.08611023131914758,0.08611023131914758,0.08611023131914758,0.08611023131914758,0.08611023131914758,0.08611023131914758,0.08611023131914758,0.08611023131914758,0.08611023131914758,0.08611023131914758
0.08929325003611628,0.08929325003611628,0.08929325003611628,0.08929325003611628,0.08929325003611628,0.08929325003611628,0.08929325003611628,0.08929325003611628,0.08929325003611628,0.08929325003611628,0.08929325003611628,0.08929325003611628,0.08929325003611628,0.08929325003611628
0.09151302519341532,0.09151302519341532,0.09151302519341532,0.09151302519341532,0.09151302519341532,0.09151302519341532,0.09151302519341532,0.09151302519341532,0.09151302519341532,0.09151302519341532,0.09151302519341532,0.09151302519341532,0.09151302519341532,0.09151302519341532
0.09357837101705943,0.09357837101705943,0.09357837101705943,0.09357837101705943,0.09357837101705943,0.09357837101705943,0.09357837101705943,0.09357837101705943,0.09357837101705943,0.09357837101705943,0.09357837101705943,0.09357837101705943,0.09357837101705943,0.09357837101705943
0.09473687556003876,0.09473687556003876,0.09473687556003876,0.09473687556003876,0.09473687556003876,0.09473687556003876,0.09473687556003876,0.09473687556003876,0.09473687556003876,0.09473687556003876,0.09473687556003876,0.09473687556003876,0.09473687556003876,0.09473687556003876
0.09523965748187493,0.09523965748187493,0.09523965748187493,0.09523965748187493,0.09523965748187493,0.09523965748187493,0.09523965748187493,0.09523965748187493,0.09523965748187493,0.09523965748187493,0.09523965748187493,0.09523965748187493,0.09523965748187493,0.09523965748187493
0.09632664772975068,0.09632664772975068,0.09632664772975068,0.09632664772975068,0.09632664772975068,0.09632664772975068,0.09632664772975068,0.09632664772975068,0.09632664772975068,0.09632664772975068,0.09632664772975068,0.09632664772975068,0.09632664772975068,0.09632664772975068
0.09661337641378458,0.09661337641378458,0.09661337641378458,0.09661337641378458,0.09661337641378458,0.09661337641378458,0.09661337641378458,0.09661337641378458,0.09661337641378458,0.09661337641378458,0.09661337641378458,0.09661337641378458,0.09661337641378458,0.09661337641378458
0.09497965426090589,0.09497965426090589,0.09497965426090589,0.09497965426090589,0.09497965426090589,0.09497965426090589,0.09497965426090589,0.09497965426090589,0.09497965426090589,0.09497965426090589,0.09497965426090589,0.09497965426090589,0.09497965426090589,0.09497965426090589
0.09431478044523386,0.09431478044523386,0.09431478044523386,0.09431478044523386,0.09431478044523386,0.09431478044523386,0.09431478044523386,0.09431478044523386,0.09431478044523386,0.09431478044523386,0.09431478044523386,0.09431478044523386,0.09431478044523386,0.09431478044523386
0.09466429333434717,0.09466429333434717,0.09466429333434717,0.09466429333434717,0.09466429333434717,0.09466429333434717,0.09466429333434717,0.09466429333434717,0.09466429333434717,0.09466429333434717,0.09466429333434717,0.09466429333434717,0.09466429333434717,0.09466429333434717
0.09506108807285851,0.09506108807285851,0.09506108807285851,0.09506108807285851,0.09506108807285851,0.09506108807285851,0.09506108807285851,0.09506108807285851,0.09506108807285851,0.09506108807285851,0.09506108807285851,0.09506108807285851,0.09506108807285851,0.09506108807285851
0.09551529087561766,0.09551529087561766,0.09551529087561766,0.09551529087561766,0.09551529087561766,0.09551529087561766,0.09551529087561766,0.09551529087561766,0.09551529087561766,0.09551529087561766,0.09551529087561766,0.09551529087561766,0.09551529087561766,0.09551529087561766
0.09616623636071159,0.09616623636071159,0.09616623636071159,0.09616623636071159,0.09616623636071159,0.09616623636071159,0.09616623636071159,0.09616623636071159,0.09616623636071159,0.09616623636071159,0.09616623636071159,0.09616623636071159,0.09616623636071159,0.09616623636071159
0.09784960287995707,0.09784960287995707,0.09784960287995707,0.09784960287995707,0.09784960287995707,0.09784960287995707,0.09784960287995707,0.09784960287995707,0.09784960287995707,0.09784960287995707,0.09784960287995707,0.09784960287995707,0.09784960287995707,0.09784960287995707
0.0997755550711694,0.0997755550711694,0.0997755550711694,0.0997755550711694,0.0997755550711694,0.0997755550711694,0.0997755550711694,0.0997755550711694,0.0997755550711694,0.0997755550711694,0.0997755550711694,0.0997755550711694,0.0997755550711694,0.0997755550711694
0.10198886120145115,0.10198886120145115,0.10198886120145115,0.10198886120145115,0.10198886120145115,0.10198886120145115,0.10198886120145115,0.10198886120145115,0.10198886120145115,0.10198886120145115,0.10198886120145115,0.10198886120145115,0.10198886120145115,0.10198886120145115
0.103978201653013,0.103978201653013,0.103978201653013,0.103978201653013,0.103978201653013,0.103978201653013,0.103978201653013,0.103978201653013,0.103978201653013,0.103978201653013,0.103978201653013,0.103978201653013,0.103978201653013,0.103978201653013
0.10666984522668924,0.10666984522668924,0.10666984522668924,0.10666984522668924,0.10666984522668924,0.10666984522668924,0.10666984522668924,0.10666984522668924,0.10666984522668924,0.10666984522668924,0.10666984522668924,0.10666984522668924,0.10666984522668924,0.10666984522668924
0.109263923953145,0.109263923953145,0.109263923953145,0.109263923953145,0.109263923953145,0.109263923953145,0.109263923953145,0.109263923953145,0.109263923953145,0.109263923953145,0.109263923953145,0.109263923953145,0.109263923953145,0.109263923953145
0.1127972877019672,0.1127972877019672,0.1127972877019672,0.1127972877019672,0.1127972877019672,0.1127972877019672,0.1127972877019672,0.1127972877019672,0.1127972877019672,0.1127972877019672,0.1127972877019672,0.1127972877019672,0.1127972877019672,0.1127972877019672
0.1179855062388663,0.1179855062388663,0.1179855062388663,0.1179855062388663,0.1179855062388663,0.1179855062388663,0.1179855062388663,0.1179855062388663,0.1179855062388663,0.1179855062388663,0.1179855062388663,0.1179855062388663,0.1179855062388663,0.1179855062388663
0.12328519178054398,0.12328519178054398,0.12328519178054398,0.12328519178054398,0.12328519178054398,0.12328519178054398,0.12328519178054398,0.12328519178054398,0.12328519178054398,0.12328519178054398,0.12328519178054398,0.12328519178054398,0.12328519178054398,0.12328519178054398
0.12857462097398226,0.12857462097398226,0.12857462097398226,0.12857462097398226,0.12857462097398226,0.12857462097398226,0.12857462097398226,0.12857462097398226,0.12857462097398226,0.12857462097398226,0.12857462097398226,0.12857462097398226,0.12857462097398226,0.12857462097398226
0.13270278735456284,0.13270278735456284,0.13270278735456284,0.13270278735456284,0.13270278735456284,0.13270278735456284,0.13270278735456284,0.13270278735456284,0.13270278735456284,0.13270278735456284,0.13270278735456284,0.13270278735456284,0.13270278735456284,0.13270278735456284
0.1371823848317217,0.1371823848317217,0.1371823848317217,0.1371823848317217,0.1371823848317217,0.1371823848317217,0.1371823848317217,0.1371823848317217,0.1371823848317217,0.1371823848317217,0.1371823848317217,0.1371823848317217,0.1371823848317217,0.1371823848317217
0.14138467776971583,0.14138467776971583,0.14138467776971583,0.14138467776971583,0.14138467776971583,0.14138467776971583,0.14138467776971583,0.14138467776971583,0.14138467776971583,0.14138467776971583,0.14138467776971583,0.14138467776971583,0.14138467776971583,0.14138467776971583
0.1457418834994521,0.1457418834994521,0.1457418834994521,0.1457418834994521,0.1457418834994521,0.1457418834994521,0.1457418834994521,0.1457418834994521,0.1457418834994521,0.1457418834994521,0.1457418834994521,0.1457418834994521,0.1457418834994521,0.1457418834994521
0.15003633786578327,0.15003633786578327,0.15003633786578327,0.15003633786578327,0.15003633786578327,0.15003633786578327,0.15003633786578327,0.15003633786578327,0.15003633786578327,0.15003633786578327,0.15003633786578327,0.15003633786578327,0.15003633786578327,0.15003633786578327
0.1546741593031571,0.1546741593031571,0.1546741593031571,0.1546741593031571,0.1546741593031571,0.1546741593031571,0.1546741593031571,0.1546741593031571,0.1546741593031571,0.1546741593031571,0.1546741593031571,0.1546741593031571,0.1546741593031571,0.1546741593031571
0.15918571725120015,0.15918571725120015,0.15918571725120015,0.15918571725120015,0.15918571725120015,0.15918571725120015,0.15918571725120015,0.15918571725120015,0.15918571725120015,0.15918571725120015,0.15918571725120015,0.15918571725120015,0.15918571725120015,0.15918571725120015
0.16310974869461556,0.16310974869461556,0.16310974869461556,0.16310974869461556,0.16310974869461556,0.16310974869461556,0.16310974869461556,0.16310974869461556,0.16310974869461556,0.16310974869461556,0.16310974869461556,0.16310974869461556,0.16310974869461556,0.16310974869461556
0.16573351539047082,0.16573351539047082,0.16573351539047082,0.16573351539047082,0.16573351539047082,0.16573351539047082,0.16573351539047082,0.16573351539047082,0.16573351539047082,0.16573351539047082,0.16573351539047082,0.16573351539047082,0.16573351539047082,0.16573351539047082
0.1679111902396298,0.1679111902396298,0.1679111902396298,0.1679111902396298,0.1679111902396298,0.1679111902396298,0.1679111902396298,0.1679111902396298,0.1679111902396298,0.1679111902396298,0.1679111902396298,0.1679111902396298,0.1679111902396298,0.1679111902396298
0.1685811501647722,0.1685811501647722,0.1685811501647722,0.1685811501647722,0.1685811501647722,0.1685811501647722,0.1685811501647722,0.1685811501647722,0.1685811501647722,0.1685811501647722,0.1685811501647722,0.1685811501647722,0.1685811501647722,0.1685811501647722
0.1686804337590725,0.1686804337590725,0.1686804337590725,0.1686804337590725,0.1686804337590725,0.1686804337590725,0.1686804337590725,0.1686804337590725,0.1686804337590725,0.1686804337590725,0.1686804337590725,0.1686804337590725,0.1686804337590725,0.1686804337590725
0.16922820564460167,0.16922820564460167,0.16922820564460167,0.16922820564460167,0.16922820564460167,0.16922820564460167,0.16922820564460167,0.16922820564460167,0.16922820564460167,0.16922820564460167,0.16922820564460167,0.16922820564460167,0.16922820564460167,0.16922820564460167
0.16962588404942017,0.16962588404942017,0.16962588404942017,0.16962588404942017,0.16962588404942017,0.16962588404942017,0.16962588404942017,0.16962588404942017,0.16962588404942017,0.16962588404942017,0.16962588404942017,0.16962588404942017,0.16962588404942017,0.16962588404942017
0.17070804610506482,0.17070804610506482,0.17070804610506482,0.17070804610506482,0.17070804610506482,0.17070804610506482,0.17070804610506482,0.17070804610506482,0.17070804610506482,0.17070804610506482,0.17070804610506482,0.17070804610506482,0.17070804610506482,0.17070804610506482
0.17081099773485428,0.17081099773485428,0.17081099773485428,0.17081099773485428,0.17081099773485428,0.17081099773485428,0.17081099773485428,0.17081099773485428,0.17081099773485428,0.17081099773485428,0.17081099773485428,0.17081099773485428,0.17081099773485428,0.17081099773485428
0.1705261022560551,0.1705261022560551,0.1705261022560551,0.1705261022560551,0.1705261022560551,0.1705261022560551,0.1705261022560551,0.1705261022560551,0.1705261022560551,0.1705261022560551,0.1705261022560551,0.1705261022560551,0.1705261022560551,0.1705261022560551
0.17042384403267014,0.17042384403267014,0.17042384403267014,0.17042384403267014,0.17042384403267014,0.17042384403267014,0.17042384403267014,0.17042384403267014,0.17042384403267014,0.17042384403267014,0.17042384403267014,0.17042384403267014,0.17042384403267014,0.17042384403267014
0.17109978019170638,0.17109978019170638,0.17109978019170638,0.17109978019170638,0.17109978019170638,0.17109978019170638,0.17109978019170638,0.17109978019170638,0.17109978019170638,0.17109978019170638,0.17109978019170638,0.17109978019170638,0.17109978019170638,0.17109978019170638
0.17262575069309352,0.17262575069309352,0.17262575069309352,0.17262575069309352,0.17262575069309352,0.17262575069309352,0.17262575069309352,0.17262575069309352,0.17262575069309352,0.17262575069309352,0.17262575069309352,0.17262575069309352,0.17262575069309352,0.17262575069309352
0.17558056313538806,0.17558056313538806,0.17558056313538806,0.17558056313538806,0.17558056313538806,0.17558056313538806,0.17558056313538806,0.17558056313538806,0.17558056313538806,0.17558056313538806,0.17558056313538806,0.17558056313538806,0.17558056313538806,0.17558056313538806
0.17811238542391755,0.17811238542391755,0.17811238542391755,0.17811238542391755,0.17811238542391755,0.17811238542391755,0.17811238542391755,0.17811238542391755,0.17811238542391755,0.17811238542391755,0.17811238542391755,0.17811238542391755,0.17811238542391755,0.17811238542391755
0.180535842887292,0.180535842887292,0.180535842887292,0.180535842887292,0.180535842887292,0.180535842887292,0.180535842887292,0.180535842887292,0.180535842887292,0.180535842887292,0.180535842887292,0.180535842887292,0.180535842887292,0.180535842887292
0.18151042470327802,0.18151042470327802,0.18151042470327802,0.18151042470327802,0.18151042470327802,0.18151042470327802,0.18151042470327802,0.18151042470327802,0.18151042470327802,0.18151042470327802,0.18151042470327802,0.18151042470327802,0.18151042470327802,0.18151042470327802
0.18303243377213643,0.18303243377213643,0.18303243377213643,0.18303243377213643,0.18303243377213643,0.18303243377213643,0.18303243377213643,0.18303243377213643,0.18303243377213643,0.18303243377213643,0.18303243377213643,0.18303243377213643,0.18303243377213643,0.18303243377213643
0.18412591894004932,0.18412591894004932,0.18412591894004932,0.18412591894004932,0.18412591894004932,0.18412591894004932,0.18412591894004932,0.18412591894004932,0.18412591894004932,0.18412591894004932,0.18412591894004932,0.18412591894004932,0.18412591894004932,0.18412591894004932
0.18428738579690143,0.18428738579690143,0.18428738579690143,0.18428738579690143,0.18428738579690143,0.18428738579690143,0.18428738579690143,0.18428738579690143,0.18428738579690143,0.18428738579690143,0.18428738579690143,0.18428738579690143,0.18428738579690143,0.18428738579690143
0.18635656482134916,0.18635656482134916,0.18635656482134916,0.18635656482134916,0.18635656482134916,0.18635656482134916,0.18635656482134916,0.18635656482134916,0.18635656482134916,0.18635656482134916,0.18635656482134916,0.18635656482134916,0.18635656482134916,0.18635656482134916
0.1885425753023159,0.1885425753023159,0.1885425753023159,0.1885425753023159,0.1885425753023159,0.1885425753023159,0.1885425753023159,0.1885425753023159,0.1885425753023159,0.1885425753023159,0.1885425753023159,0.1885425753023159,0.1885425753023159,0.1885425753023159
0.1875597133599452,0.1875597133599452,0.1875597133599452,0.1875597133599452,0.1875597133599452,0.1875597133599452,0.1875597133599452,0.1875597133599452,0.1875597133599452,0.1875597133599452,0.1875597133599452,0.1875597133599452,0.1875597133599452,0.1875597133599452
0.18543944819128153,0.18543944819128153,0.18543944819128153,0.18543944819128153,0.18543944819128153,0.18543944819128153,0.18543944819128153,0.18543944819128153,0.18543944819128153,0.18543944819128153,0.18543944819128153,0.18543944819128153,0.18543944819128153,0.18543944819128153
0.18374218841858503,0.18374218841858503,0.18374218841858503,0.18374218841858503,0.18374218841858503,0.18374218841858503,0.18374218841858503,0.18374218841858503,0.18374218841858503,0.18374218841858503,0.18374218841858503,0.18374218841858503,0.18374218841858503,0.18374218841858503
0.17943822261936165,0.17943822261936165,0.17943822261936165,0.17943822261936165,0.17943822261936165,0.17943822261936165,0.17943822261936165,0.17943822261936165,0.17943822261936165,0.17943822261936165,0.17943822261936165,0.17943822261936165,0.17943822261936165,0.17943822261936165
0.1739240143465663,0.1739240143465663,0.1739240143465663,0.1739240143465663,0.1739240143465663,0.1739240143465663,0.1739240143465663,0.1739240143465663,0.1739240143465663,0.1739240143465663,0.1739240143465663,0.1739240143465663,0.1739240143465663,0.1739240143465663
0.1691145831500828,0.1691145831500828,0.1691145831500828,0.1691145831500828,0.1691145831500828,0.1691145831500828,0.1691145831500828,0.1691145831500828,0.1691145831500828,0.1691145831500828,0.1691145831500828,0.1691145831500828,0.1691145831500828,0.1691145831500828
0.16533408222388016,0.16533408222388016,0.16533408222388016,0.16533408222388016,0.16533408222388016,0.16533408222388016,0.16533408222388016,0.16533408222388016,0.16533408222388016,0.16533408222388016,0.16533408222388016,0.16533408222388016,0.16533408222388016,0.16533408222388016
0.16018236555712478,0.16018236555712478,0.16018236555712478,0.16018236555712478,0.16018236555712478,0.16018236555712478,0.16018236555712478,0.16018236555712478,0.16018236555712478,0.16018236555712478,0.16018236555712478,0.16018236555712478,0.16018236555712478,0.16018236555712478
0.1543933344784971,0.1543933344784971,0.1543933344784971,0.1543933344784971,0.1543933344784971,0.1543933344784971,0.1543933344784971,0.1543933344784971,0.1543933344784971,0.1543933344784971,0.1543933344784971,0.1543933344784971,0.1543933344784971,0.1543933344784971
0.14966266757180874,0.14966266757180874,0.14966266757180874,0.14966266757180874,0.14966266757180874,0.14966266757180874,0.14966266757180874,0.14966266757180874,0.14966266757180874,0.14966266757180874,0.14966266757180874,0.14966266757180874,0.14966266757180874,0.14966266757180874
0.1446322390669528,0.1446322390669528,0.1446322390669528,0.1446322390669528,0.1446322390669528,0.1446322390669528,0.1446322390669528,0.1446322390669528,0.1446322390669528,0.1446322390669528,0.1446322390669528,0.1446322390669528,0.1446322390669528,0.1446322390669528
0.14061946316007903,0.14061946316007903,0.14061946316007903,0.14061946316007903,0.14061946316007903,0.14061946316007903,0.14061946316007903,0.14061946316007903,0.14061946316007903,0.14061946316007903,0.14061946316007903,0.14061946316007903,0.14061946316007903,0.14061946316007903
0.1379073609050743,0.1379073609050743,0.1379073609050743,0.1379073609050743,0.1379073609050743,0.1379073609050743,0.1379073609050743,0.1379073609050743,0.1379073609050743,0.1379073609050743,0.1379073609050743,0.1379073609050743,0.1379073609050743,0.1379073609050743
0.13629769341016082,0.13629769341016082,0.13629769341016082,0.13629769341016082,0.13629769341016082,0.13629769341016082,0.13629769341016082,0.13629769341016082,0.13629769341016082,0.13629769341016082,0.13629769341016082,0.13629769341016082,0.13629769341016082,0.13629769341016082
0.1344340837784957,0.1344340837784957,0.1344340837784957,0.1344340837784957,0.1344340837784957,0.1344340837784957,0.1344340837784957,0.1344340837784957,0.1344340837784957,0.1344340837784957,0.1344340837784957,0.1344340837784957,0.1344340837784957,0.1344340837784957
0.13231421004073507,0.13231421004073507,0.13231421004073507,0.13231421004073507,0.13231421004073507,0.13231421004073507,0.13231421004073507,0.13231421004073507,0.13231421004073507,0.13231421004073507,0.13231421004073507,0.13231421004073507,0.13231421004073507,0.13231421004073507
0.13197255930416055,0.13197255930416055,0.13197255930416055,0.13197255930416055,0.13197255930416055,0.13197255930416055,0.13197255930416055,0.13197255930416055,0.13197255930416055,0.13197255930416055,0.13197255930416055,0.13197255930416055,0.13197255930416055,0.13197255930416055
0.13284543773417465,0.13284543773417465,0.13284543773417465,0.13284543773417465,0.13284543773417465,0.13284543773417465,0.13284543773417465,0.13284543773417465,0.13284543773417465,0.13284543773417465,0.13284543773417465,0.13284543773417465,0.13284543773417465,0.13284543773417465
0.134526306143398,0.134526306143398,0.134526306143398,0.134526306143398,0.134526306143398,0.134526306143398,0.134526306143398,0.134526306143398,0.134526306143398,0.134526306143398,0.134526306143398,0.134526306143398,0.134526306143398,0.134526306143398
0.13629640700381915,0.13629640700381915,0.13629640700381915,0.13629640700381915,0.13629640700381915,0.13629640700381915,0.13629640700381915,0.13629640700381915,0.13629640700381915,0.13629640700381915,0.13629640700381915,0.13629640700381915,0.13629640700381915,0.13629640700381915
0.1390211023084908,0.1390211023084908,0.1390211023084908,0.1390211023084908,0.1390211023084908,0.1390211023084908,0.1390211023084908,0.1390211023084908,0.1390211023084908,0.1390211023084908,0.1390211023084908,0.1390211023084908,0.1390211023084908,0.1390211023084908
0.14307973280990535,0.14307973280990535,0.14307973280990535,0.14307973280990535,0.14307973280990535,0.14307973280990535,0.14307973280990535,0.14307973280990535,0.14307973280990535,0.14307973280990535,0.14307973280990535,0.14307973280990535,0.14307973280990535,0.14307973280990535
0.15023375878265963,0.15023375878265963,0.15023375878265963,0.15023375878265963,0.15023375878265963,0.15023375878265963,0.15023375878265963,0.15023375878265963,0.15023375878265963,0.15023375878265963,0.15023375878265963,0.15023375878265963,0.15023375878265963,0.15023375878265963
0.15729305995478987,0.15729305995478987,0.15729305995478987,0.15729305995478987,0.15729305995478987,0.15729305995478987,0.15729305995478987,0.15729305995478987,0.15729305995478987,0.15729305995478987,0.15729305995478987,0.15729305995478987,0.15729305995478987,0.15729305995478987
0.16557435312668703,0.16557435312668703,0.16557435312668703,0.16557435312668703,0.16557435312668703,0.16557435312668703,0.16557435312668703,0.16557435312668703,0.16557435312668703,0.16557435312668703,0.16557435312668703,0.16557435312668703,0.16557435312668703,0.16557435312668703
0.1744820018678261,0.1744820018678261,0.1744820018678261,0.1744820018678261,0.1744820018678261,0.1744820018678261,0.1744820018678261,0.1744820018678261,0.1744820018678261,0.1744820018678261,0.1744820018678261,0.1744820018678261,0.1744820018678261,0.1744820018678261
0.1829184725997143,0.1829184725997143,0.1829184725997143,0.1829184725997143,0.1829184725997143,0.1829184725997143,0.1829184725997143,0.1829184725997143,0.1829184725997143,0.1829184725997143,0.1829184725997143,0.1829184725997143,0.1829184725997143,0.1829184725997143
0.19171136687129367,0.19171136687129367,0.19171136687129367,0.19171136687129367,0.19171136687129367,0.19171136687129367,0.19171136687129367,0.19171136687129367,0.19171136687129367,0.19171136687129367,0.19171136687129367,0.19171136687129367,0.19171136687129367,0.19171136687129367
0.2004607462226699,0.2004607462226699,0.2004607462226699,0.2004607462226699,0.2004607462226699,0.2004607462226699,0.2004607462226699,0.2004607462226699,0.2004607462226699,0.2004607462226699,0.2004607462226699,0.2004607462226699,0.2004607462226699,0.2004607462226699
0.20987740389792559,0.20987740389792559,0.20987740389792559,0.20987740389792559,0.20987740389792559,0.20987740389792559,0.20987740389792559,0.20987740389792559,0.20987740389792559,0.20987740389792559,0.20987740389792559,0.20987740389792559,0.20987740389792559,0.20987740389792559
0.2203032369523643,0.2203032369523643,0.2203032369523643,0.2203032369523643,0.2203032369523643,0.2203032369523643,0.2203032369523643,0.2203032369523643,0.2203032369523643,0.2203032369523643,0.2203032369523643,0.2203032369523643,0.2203032369523643,0.2203032369523643
0.23154156501309892,0.23154156501309892,0.23154156501309892,0.23154156501309892,0.23154156501309892,0.23154156501309892,0.23154156501309892,0.23154156501309892,0.23154156501309892,0.23154156501309892,0.23154156501309892,0.23154156501309892,0.23154156501309892,0.23154156501309892
0.24065855942628367,0.24065855942628367,0.24065855942628367,0.24065855942628367,0.24065855942628367,0.24065855942628367,0.24065855942628367,0.24065855942628367,0.24065855942628367,0.24065855942628367,0.24065855942628367,0.24065855942628367,0.24065855942628367,0.24065855942628367
0.2470852222582573,0.2470852222582573,0.2470852222582573,0.2470852222582573,0.2470852222582573,0.2470852222582573,0.2470852222582573,0.2470852222582573,0.2470852222582573,0.2470852222582573,0.2470852222582573,0.2470852222582573,0.2470852222582573,0.2470852222582573
0.2535458173274422,0.2535458173274422,0.2535458173274422,0.2535458173274422,0.2535458173274422,0.2535458173274422,0.2535458173274422,0.2535458173274422,0.2535458173274422,0.2535458173274422,0.2535458173274422,0.2535458173274422,0.2535458173274422,0.2535458173274422
0.2593142978524996,0.2593142978524996,0.2593142978524996,0.2593142978524996,0.2593142978524996,0.2593142978524996,0.2593142978524996,0.2593142978524996,0.2593142978524996,0.2593142978524996,0.2593142978524996,0.2593142978524996,0.2593142978524996,0.2593142978524996
0.26430481339797,0.26430481339797,0.26430481339797,0.26430481339797,0.26430481339797,0.26430481339797,0.26430481339797,0.26430481339797,0.26430481339797,0.26430481339797,0.26430481339797,0.26430481339797,0.26430481339797,0.26430481339797
0.2684636333391832,0.2684636333391832,0.2684636333391832,0.2684636333391832,0.2684636333391832,0.2684636333391832,0.2684636333391832,0.2684636333391832,0.2684636333391832,0.2684636333391832,0.2684636333391832,0.2684636333391832,0.2684636333391832,0.2684636333391832
0.26996068937624734,0.26996068937624734,0.26996068937624734,0.26996068937624734,0.26996068937624734,0.26996068937624734,0.26996068937624734,0.26996068937624734,0.26996068937624734,0.26996068937624734,0.26996068937624734,0.26996068937624734,0.26996068937624734,0.26996068937624734
0.27023027641085634,0.27023027641085634,0.27023027641085634,0.27023027641085634,0.27023027641085634,0.27023027641085634,0.27023027641085634,0.27023027641085634,0.27023027641085634,0.27023027641085634,0.27023027641085634,0.27023027641085634,0.27023027641085634,0.27023027641085634
0.269918996449849,0.269918996449849,0.269918996449849,0.269918996449849,0.269918996449849,0.269918996449849,0.269918996449849,0.269918996449849,0.269918996449849,0.269918996449849,0.269918996449849,0.269918996449849,0.269918996449849,0.269918996449849
0.26964070346327823,0.26964070346327823,0.26964070346327823,0.26964070346327823,0.26964070346327823,0.26964070346327823,0.26964070346327823,0.26964070346327823,0.26964070346327823,0.26964070346327823,0.26964070346327823,0.26964070346327823,0.26964070346327823,0.26964070346327823
0.26840658213726926,0.26840658213726926,0.26840658213726926,0.26840658213726926,0.26840658213726926,0.26840658213726926,0.26840658213726926,0.26840658213726926,0.26840658213726926,0.26840658213726926,0.26840658213726926,0.26840658213726926,0.26840658213726926,0.26840658213726926
0.26568758344809296,0.26568758344809296,0.26568758344809296,0.26568758344809296,0.26568758344809296,0.26568758344809296,0.26568758344809296,0.26568758344809296,0.26568758344809296,0.26568758344809296,0.26568758344809296,0.26568758344809296,0.26568758344809296,0.26568758344809296
0.26033236838593093,0.26033236838593093,0.26033236838593093,0.26033236838593093,0.26033236838593093,0.26033236838593093,0.26033236838593093,0.26033236838593093,0.26033236838593093,0.26033236838593093,0.26033236838593093,0.26033236838593093,0.26033236838593093,0.26033236838593093
0.255145182138304,0.255145182138304,0.255145182138304,0.255145182138304,0.255145182138304,0.255145182138304,0.255145182138304,0.255145182138304,0.255145182138304,0.255145182138304,0.255145182138304,0.255145182138304,0.255145182138304,0.255145182138304
0.2497994091394815,0.2497994091394815,0.2497994091394815,0.2497994091394815,0.2497994091394815,0.2497994091394815,0.2497994091394815,0.2497994091394815,0.2497994091394815,0.2497994091394815,0.2497994091394815,0.2497994091394815,0.2497994091394815,0.2497994091394815
0.24372313809014015,0.24372313809014015,0.24372313809014015,0.24372313809014015,0.24372313809014015,0.24372313809014015,0.24372313809014015,0.24372313809014015,0.24372313809014015,0.24372313809014015,0.24372313809014015,0.24372313809014015,0.24372313809014015,0.24372313809014015
0.23516955536665887,0.23516955536665887,0.23516955536665887,0.23516955536665887,0.23516955536665887,0.23516955536665887,0.23516955536665887,0.23516955536665887,0.23516955536665887,0.23516955536665887,0.23516955536665887,0.23516955536665887,0.23516955536665887,0.23516955536665887
0.22688187037356042,0.22688187037356042,0.22688187037356042,0.22688187037356042,0.22688187037356042,0.22688187037356042,0.22688187037356042,0.22688187037356042,0.22688187037356042,0.22688187037356042,0.22688187037356042,0.22688187037356042,0.22688187037356042,0.22688187037356042
0.21828880770874665,0.21828880770874665,0.21828880770874665,0.21828880770874665,0.21828880770874665,0.21828880770874665,0.21828880770874665,0.21828880770874665,0.21828880770874665,0.21828880770874665,0.21828880770874665,0.21828880770874665,0.21828880770874665,0.21828880770874665
0.21048719505159108,0.21048719505159108,0.21048719505159108,0.21048719505159108,0.21048719505159108,0.21048719505159108,0.21048719505159108,0.21048719505159108,0.21048719505159108,0.21048719505159108,0.21048719505159108,0.21048719505159108,0.21048719505159108,0.21048719505159108
0.20320549905818916,0.20320549905818916,0.20320549905818916,0.20320549905818916,0.20320549905818916,0.20320549905818916,0.20320549905818916,0.20320549905818916,0.20320549905818916,0.20320549905818916,0.20320549905818916,0.20320549905818916,0.20320549905818916,0.20320549905818916
0.1974729008785243,0.1974729008785243,0.1974729008785243,0.1974729008785243,0.1974729008785243,0.1974729008785243,0.1974729008785243,0.1974729008785243,0.1974729008785243,0.1974729008785243,0.1974729008785243,0.1974729008785243,0.1974729008785243,0.1974729008785243
0.19206173649239372,0.19206173649239372,0.19206173649239372,0.19206173649239372,0.19206173649239372,0.19206173649239372,0.19206173649239372,0.19206173649239372,0.19206173649239372,0.19206173649239372,0.19206173649239372,0.19206173649239372,0.19206173649239372,0.19206173649239372
0.18722599578899402,0.18722599578899402,0.18722599578899402,0.18722599578899402,0.18722599578899402,0.18722599578899402,0.18722599578899402,0.18722599578899402,0.18722599578899402,0.18722599578899402,0.18722599578899402,0.18722599578899402,0.18722599578899402,0.18722599578899402
0.18416140800890768,0.18416140800890768,0.18416140800890768,0.18416140800890768,0.18416140800890768,0.18416140800890768,0.18416140800890768,0.18416140800890768,0.18416140800890768,0.18416140800890768,0.18416140800890768,0.18416140800890768,0.18416140800890768,0.18416140800890768
0.1813361308805983,0.1813361308805983,0.1813361308805983,0.1813361308805983,0.1813361308805983,0.1813361308805983,0.1813361308805983,0.1813361308805983,0.1813361308805983,0.1813361308805983,0.1813361308805983,0.1813361308805983,0.1813361308805983,0.1813361308805983
0.17923329207414682,0.17923329207414682,0.17923329207414682,0.17923329207414682,0.17923329207414682,0.17923329207414682,0.17923329207414682,0.17923329207414682,0.17923329207414682,0.17923329207414682,0.17923329207414682,0.17923329207414682,0.17923329207414682,0.17923329207414682
0.17511525174242767,0.17511525174242767,0.17511525174242767,0.17511525174242767,0.17511525174242767,0.17511525174242767,0.17511525174242767,0.17511525174242767,0.17511525174242767,0.17511525174242767,0.17511525174242767,0.17511525174242767,0.17511525174242767,0.17511525174242767
0.1701662058562344,0.1701662058562344,0.1701662058562344,0.1701662058562344,0.1701662058562344,0.1701662058562344,0.1701662058562344,0.1701662058562344,0.1701662058562344,0.1701662058562344,0.1701662058562344,0.1701662058562344,0.1701662058562344,0.1701662058562344
0.16452455480085035,0.16452455480085035,0.16452455480085035,0.16452455480085035,0.16452455480085035,0.16452455480085035,0.16452455480085035,0.16452455480085035,0.16452455480085035,0.16452455480085035,0.16452455480085035,0.16452455480085035,0.16452455480085035,0.16452455480085035
0.16140628460048398,0.16140628460048398,0.16140628460048398,0.16140628460048398,0.16140628460048398,0.16140628460048398,0.16140628460048398,0.16140628460048398,0.16140628460048398,0.16140628460048398,0.16140628460048398,0.16140628460048398,0.16140628460048398,0.16140628460048398
0.1588562665892403,0.1588562665892403,0.1588562665892403,0.1588562665892403,0.1588562665892403,0.1588562665892403,0.1588562665892403,0.1588562665892403,0.1588562665892403,0.1588562665892403,0.1588562665892403,0.1588562665892403,0.1588562665892403,0.1588562665892403
0.15538987571862073,0.15538987571862073,0.15538987571862073,0.15538987571862073,0.15538987571862073,0.15538987571862073,0.15538987571862073,0.15538987571862073,0.15538987571862073,0.15538987571862073,0.15538987571862073,0.15538987571862073,0.15538987571862073,0.15538987571862073
0.1505630333737066,0.1505630333737066,0.1505630333737066,0.1505630333737066,0.1505630333737066,0.1505630333737066,0.1505630333737066,0.1505630333737066,0.1505630333737066,0.1505630333737066,0.1505630333737066,0.1505630333737066,0.1505630333737066,0.1505630333737066
0.14564073765699365,0.14564073765699365,0.14564073765699365,0.14564073765699365,0.14564073765699365,0.14564073765699365,0.14564073765699365,0.14564073765699365,0.14564073765699365,0.14564073765699365,0.14564073765699365,0.14564073765699365,0.14564073765699365,0.14564073765699365
0.14097242543549693,0.14097242543549693,0.14097242543549693,0.14097242543549693,0.14097242543549693,0.14097242543549693,0.14097242543549693,0.14097242543549693,0.14097242543549693,0.14097242543549693,0.14097242543549693,0.14097242543549693,0.14097242543549693,0.14097242543549693
0.13657335572118665,0.13657335572118665,0.13657335572118665,0.13657335572118665,0.13657335572118665,0.13657335572118665,0.13657335572118665,0.13657335572118665,0.13657335572118665,0.13657335572118665,0.13657335572118665,0.13657335572118665,0.13657335572118665,0.13657335572118665
0.13190186305091253,0.13190186305091253,0.13190186305091253,0.13190186305091253,0.13190186305091253,0.13190186305091253,0.13190186305091253,0.13190186305091253,0.13190186305091253,0.13190186305091253,0.13190186305091253,0.13190186305091253,0.13190186305091253,0.13190186305091253
0.12741763156630836,0.12741763156630836,0.12741763156630836,0.12741763156630836,0.12741763156630836,0.12741763156630836,0.12741763156630836,0.12741763156630836,0.12741763156630836,0.12741763156630836,0.12741763156630836,0.12741763156630836,0.12741763156630836,0.12741763156630836
0.12389453302519339,0.12389453302519339,0.12389453302519339,0.12389453302519339,0.12389453302519339,0.12389453302519339,0.12389453302519339,0.12389453302519339,0.12389453302519339,0.12389453302519339,0.12389453302519339,0.12389453302519339,0.12389453302519339,0.12389453302519339
0.11933563196404966,0.11933563196404966,0.11933563196404966,0.11933563196404966,0.11933563196404966,0.11933563196404966,0.11933563196404966,0.11933563196404966,0.11933563196404966,0.11933563196404966,0.11933563196404966,0.11933563196404966,0.11933563196404966,0.11933563196404966
0.11437898343709137,0.11437898343709137,0.11437898343709137,0.11437898343709137,0.11437898343709137,0.11437898343709137,0.11437898343709137,0.11437898343709137,0.11437898343709137,0.11437898343709137,0.11437898343709137,0.11437898343709137,0.11437898343709137,0.11437898343709137
0.1075910629147786,0.1075910629147786,0.1075910629147786,0.1075910629147786,0.1075910629147786,0.1075910629147786,0.1075910629147786,0.1075910629147786,0.1075910629147786,0.1075910629147786,0.1075910629147786,0.1075910629147786,0.1075910629147786,0.1075910629147786
0.10082511228898029,0.10082511228898029,0.10082511228898029,0.10082511228898029,0.10082511228898029,0.10082511228898029,0.10082511228898029,0.10082511228898029,0.10082511228898029,0.10082511228898029,0.10082511228898029,0.10082511228898029,0.10082511228898029,0.10082511228898029
0.09442821903442226,0.09442821903442226,0.09442821903442226,0.09442821903442226,0.09442821903442226,0.09442821903442226,0.09442821903442226,0.09442821903442226,0.09442821903442226,0.09442821903442226,0.09442821903442226,0.09442821903442226,0.09442821903442226,0.09442821903442226
0.08765846093963954,0.08765846093963954,0.08765846093963954,0.08765846093963954,0.08765846093963954,0.08765846093963954,0.08765846093963954,0.08765846093963954,0.08765846093963954,0.08765846093963954,0.08765846093963954,0.08765846093963954,0.08765846093963954,0.08765846093963954
0.08082949914538169,0.08082949914538169,0.08082949914538169,0.08082949914538169,0.08082949914538169,0.08082949914538169,0.08082949914538169,0.08082949914538169,0.08082949914538169,0.08082949914538169,0.08082949914538169,0.08082949914538169,0.08082949914538169,0.08082949914538169
0.0751714789631867,0.0751714789631867,0.0751714789631867,0.0751714789631867,0.0751714789631867,0.0751714789631867,0.0751714789631867,0.0751714789631867,0.0751714789631867,0.0751714789631867,0.0751714789631867,0.0751714789631867,0.0751714789631867,0.0751714789631867
0.06871932936035287,0.06871932936035287,0.06871932936035287,0.06871932936035287,0.06871932936035287,0.06871932936035287,0.06871932936035287,0.06871932936035287,0.06871932936035287,0.06871932936035287,0.06871932936035287,0.06871932936035287,0.06871932936035287,0.06871932936035287
0.06237457649965936,0.06237457649965936,0.06237457649965936,0.06237457649965936,0.06237457649965936,0.06237457649965936,0.06237457649965936,0.06237457649965936,0.06237457649965936,0.06237457649965936,0.06237457649965936,0.06237457649965936,0.06237457649965936,0.06237457649965936
0.05700636749965581,0.05700636749965581,0.05700636749965581,0.05700636749965581,0.05700636749965581,0.05700636749965581,0.05700636749965581,0.05700636749965581,0.05700636749965581,0.05700636749965581,0.05700636749965581,0.05700636749965581,0.05700636749965581,0.05700636749965581
0.04982518592671855,0.04982518592671855,0.04982518592671855,0.04982518592671855,0.04982518592671855,0.04982518592671855,0.04982518592671855,0.04982518592671855,0.04982518592671855,0.04982518592671855,0.04982518592671855,0.04982518592671855,0.04982518592671855,0.04982518592671855
0.04347050394423618,0.04347050394423618,0.04347050394423618,0.04347050394423618,0.04347050394423618,0.04347050394423618,0.04347050394423618,0.04347050394423618,0.04347050394423618,0.04347050394423618,0.04347050394423618,0.04347050394423618,0.04347050394423618,0.04347050394423618
0.03827467621783222,0.03827467621783222,0.03827467621783222,0.03827467621783222,0.03827467621783222,0.03827467621783222,0.03827467621783222,0.03827467621783222,0.03827467621783222,0.03827467621783222,0.03827467621783222,0.03827467621783222,0.03827467621783222,0.03827467621783222
0.032274717121696515,0.032274717121696515,0.032274717121696515,0.032274717121696515,0.032274717121696515,0.032274717121696515,0.032274717121696515,0.032274717121696515,0.032274717121696515,0.032274717121696515,0.032274717121696515,0.032274717121696515,0.032274717121696515,0.032274717121696515
0.02734291688711052,0.02734291688711052,0.02734291688711052,0.02734291688711052,0.02734291688711052,0.02734291688711052,0.02734291688711052,0.02734291688711052,0.02734291688711052,0.02734291688711052,0.02734291688711052,0.02734291688711052,0.02734291688711052,0.02734291688711052
0.02217357469769301,0.02217357469769301,0.02217357469769301,0.02217357469769301,0.02217357469769301,0.02217357469769301,0.02217357469769301,0.02217357469769301,0.02217357469769301,0.02217357469769301,0.02217357469769301,0.02217357469769301,0.02217357469769301,0.02217357469769301
0.017762799764649638,0.017762799764649638,0.017762799764649638,0.017762799764649638,0.017762799764649638,0.017762799764649638,0.017762799764649638,0.017762799764649638,0.017762799764649638,0.017762799764649638,0.017762799764649638,0.017762799764649638,0.017762799764649638,0.017762799764649638
0.013526341459931732,0.013526341459931732,0.013526341459931732,0.013526341459931732,0.013526341459931732,0.013526341459931732,0.013526341459931732,0.013526341459931732,0.013526341459931732,0.013526341459931732,0.013526341459931732,0.013526341459931732,0.013526341459931732,0.013526341459931732
0.009350401205271757,0.009350401205271757,0.009350401205271757,0.009350401205271757,0.009350401205271757,0.009350401205271757,0.009350401205271757,0.009350401205271757,0.009350401205271757,0.009350401205271757,0.009350401205271757,0.009350401205271757,0.009350401205271757,0.009350401205271757
0.005550987600312841,0.005550987600312841,0.005550987600312841,0.005550987600312841,0.005550987600312841,0.005550987600312841,0.005550987600312841,0.005550987600312841,0.005550987600312841,0.005550987600312841,0.005550987600312841,0.005550987600312841,0.005550987600312841,0.005550987600312841
0.003705335614083565,0.003705335614083565,0.003705335614083565,0.003705335614083565,0.003705335614083565,0.003705335614083565,0.003705335614083565,0.003705335614083565,0.003705335614083565,0.003705335614083565,0.003705335614083565,0.003705335614083565,0.003705335614083565,0.003705335614083565
0.0013658929007189912,0.0013658929007189912,0.0013658929007189912,0.0013658929007189912,0.0013658929007189912,0.0013658929007189912,0.0013658929007189912,0.0013658929007189912,0.0013658929007189912,0.0013658929007189912,0.0013658929007189912,0.0013658929007189912,0.0013658929007189912,0.0013658929007189912
-0.00026264747512428754,-0.00026264747512428754,-0.00026264747512428754,-0.00026264747512428754,-0.00026264747512428754,-0.00026264747512428754,-0.00026264747512428754,-0.00026264747512428754,-0.00026264747512428754,-0.00026264747512428754,-0.00026264747512428754,-0.00026264747512428754,-0.00026264747512428754,-0.00026264747512428754
-0.002477672796606129,-0.002477672796606129,-0.002477672796606129,-0.002477672796606129,-0.002477672796606129,-0.002477672796606129,-0.002477672796606129,-0.002477672796606129,-0.002477672796606129,-0.002477672796606129,-0.002477672796606129,-0.002477672796606129,-0.002477672796606129,-0.002477672796606129
-0.00499283569170735,-0.00499283569170735,-0.00499283569170735,-0.00499283569170735,-0.00499283569170735,-0.00499283569170735,-0.00499283569170735,-0.00499283569170735,-0.00499283569170735,-0.00499283569170735,-0.00499283569170735,-0.00499283569170735,-0.00499283569170735,-0.00499283569170735
-0.00760504578492178,-0.00760504578492178,-0.00760504578492178,-0.00760504578492178,-0.00760504578492178,-0.00760504578492178,-0.00760504578492178,-0.00760504578492178,-0.00760504578492178,-0.00760504578492178,-0.00760504578492178,-0.00760504578492178,-0.00760504578492178,-0.00760504578492178
-0.010762156695663942,-0.010762156695663942,-0.010762156695663942,-0.010762156695663942,-0.010762156695663942,-0.010762156695663942,-0.010762156695663942,-0.010762156695663942,-0.010762156695663942,-0.010762156695663942,-0.010762156695663942,-0.010762156695663942,-0.010762156695663942,-0.010762156695663942
-0.014076909638956907,-0.014076909638956907,-0.014076909638956907,-0.014076909638956907,-0.014076909638956907,-0.014076909638956907,-0.014076909638956907,-0.014076909638956907,-0.014076909638956907,-0.014076909638956907,-0.014076909638956907,-0.014076909638956907,-0.014076909638956907,-0.014076909638956907
-0.017670423076600716,-0.017670423076600716,-0.017670423076600716,-0.017670423076600716,-0.017670423076600716,-0.017670423076600716,-0.017670423076600716,-0.017670423076600716,-0.017670423076600716,-0.017670423076600716,-0.017670423076600716,-0.017670423076600716,-0.017670423076600716,-0.017670423076600716
-0.022327823819990652,-0.022327823819990652,-0.022327823819990652,-0.022327823819990652,-0.022327823819990652,-0.022327823819990652,-0.022327823819990652,-0.022327823819990652,-0.022327823819990652,-0.022327823819990652,-0.022327823819990652,-0.022327823819990652,-0.022327823819990652,-0.022327823819990652
-0.025883891993589286,-0.025883891993589286,-0.025883891993589286,-0.025883891993589286,-0.025883891993589286,-0.025883891993589286,-0.025883891993589286,-0.025883891993589286,-0.025883891993589286,-0.025883891993589286,-0.025883891993589286,-0.025883891993589286,-0.025883891993589286,-0.025883891993589286
-0.028434087671153536,-0.028434087671153536,-0.028434087671153536,-0.028434087671153536,-0.028434087671153536,-0.028434087671153536,-0.028434087671153536,-0.028434087671153536,-0.028434087671153536,-0.028434087671153536,-0.028434087671153536,-0.028434087671153536,-0.028434087671153536,-0.028434087671153536
-0.031030200544499342,-0.031030200544499342,-0.031030200544499342,-0.031030200544499342,-0.031030200544499342,-0.031030200544499342,-0.031030200544499342,-0.031030200544499342,-0.031030200544499342,-0.031030200544499342,-0.031030200544499342,-0.031030200544499342,-0.031030200544499342,-0.031030200544499342
-0.03266429031384377,-0.03266429031384377,-0.03266429031384377,-0.03266429031384377,-0.03266429031384377,-0.03266429031384377,-0.03266429031384377,-0.03266429031384377,-0.03266429031384377,-0.03266429031384377,-0.03266429031384377,-0.03266429031384377,-0.03266429031384377,-0.03266429031384377
-0.03404191915909449,-0.03404191915909449,-0.03404191915909449,-0.03404191915909449,-0.03404191915909449,-0.03404191915909449,-0.03404191915909449,-0.03404191915909449,-0.03404191915909449,-0.03404191915909449,-0.03404191915909449,-0.03404191915909449,-0.03404191915909449,-0.03404191915909449
-0.03610536647315211,-0.03610536647315211,-0.03610536647315211,-0.03610536647315211,-0.03610536647315211,-0.03610536647315211,-0.03610536647315211,-0.03610536647315211,-0.03610536647315211,-0.03610536647315211,-0.03610536647315211,-0.03610536647315211,-0.03610536647315211,-0.03610536647315211
-0.03919613487175325,-0.03919613487175325,-0.03919613487175325,-0.03919613487175325,-0.03919613487175325,-0.03919613487175325,-0.03919613487175325,-0.03919613487175325,-0.03919613487175325,-0.03919613487175325,-0.03919613487175325,-0.03919613487175325,-0.03919613487175325,-0.03919613487175325
-0.04167655369431504,-0.04167655369431504,-0.04167655369431504,-0.04167655369431504,-0.04167655369431504,-0.04167655369431504,-0.04167655369431504,-0.04167655369431504,-0.04167655369431504,-0.04167655369431504,-0.04167655369431504,-0.04167655369431504,-0.04167655369431504,-0.04167655369431504
-0.04420541831157597,-0.04420541831157597,-0.04420541831157597,-0.04420541831157597,-0.04420541831157597,-0.04420541831157597,-0.04420541831157597,-0.04420541831157597,-0.04420541831157597,-0.04420541831157597,-0.04420541831157597,-0.04420541831157597,-0.04420541831157597,-0.04420541831157597
-0.04576060505620156,-0.04576060505620156,-0.04576060505620156,-0.04576060505620156,-0.04576060505620156,-0.04576060505620156,-0.04576060505620156,-0.04576060505620156,-0.04576060505620156,-0.04576060505620156,-0.04576060505620156,-0.04576060505620156,-0.04576060505620156,-0.04576060505620156
-0.04751504726871012,-0.04751504726871012,-0.04751504726871012,-0.04751504726871012,-0.04751504726871012,-0.04751504726871012,-0.04751504726871012,-0.04751504726871012,-0.04751504726871012,-0.04751504726871012,-0.04751504726871012,-0.04751504726871012,-0.04751504726871012,-0.04751504726871012
-0.048147188156653926,-0.048147188156653926,-0.048147188156653926,-0.048147188156653926,-0.048147188156653926,-0.048147188156653926,-0.048147188156653926,-0.048147188156653926,-0.048147188156653926,-0.048147188156653926,-0.048147188156653926,-0.048147188156653926,-0.048147188156653926,-0.048147188156653926
-0.04928526589078716,-0.04928526589078716,-0.04928526589078716,-0.04928526589078716,-0.04928526589078716,-0.04928526589078716,-0.04928526589078716,-0.04928526589078716,-0.04928526589078716,-0.04928526589078716,-0.04928526589078716,-0.04928526589078716,-0.04928526589078716,-0.04928526589078716
-0.049812499743734716,-0.049812499743734716,-0.049812499743734716,-0.049812499743734716,-0.049812499743734716,-0.049812499743734716,-0.049812499743734716,-0.049812499743734716,-0.049812499743734716,-0.049812499743734716,-0.049812499743734716,-0.049812499743734716,-0.049812499743734716,-0.049812499743734716
-0.049777016227952595,-0.049777016227952595,-0.049777016227952595,-0.049777016227952595,-0.049777016227952595,-0.049777016227952595,-0.049777016227952595,-0.049777016227952595,-0.049777016227952595,-0.049777016227952595,-0.049777016227952595,-0.049777016227952595,-0.049777016227952595,-0.049777016227952595
-0.04953649371257079,-0.04953649371257079,-0.04953649371257079,-0.04953649371257079,-0.04953649371257079,-0.04953649371257079,-0.04953649371257079,-0.04953649371257079,-0.04953649371257079,-0.04953649371257079,-0.04953649371257079,-0.04953649371257079,-0.04953649371257079,-0.04953649371257079
-0.04994438072351774,-0.04994438072351774,-0.04994438072351774,-0.04994438072351774,-0.04994438072351774,-0.04994438072351774,-0.04994438072351774,-0.04994438072351774,-0.04994438072351774,-0.04994438072351774,-0.04994438072351774,-0.04994438072351774,-0.04994438072351774,-0.04994438072351774
-0.04976306336442674,-0.04976306336442674,-0.04976306336442674,-0.04976306336442674,-0.04976306336442674,-0.04976306336442674,-0.04976306336442674,-0.04976306336442674,-0.04976306336442674,-0.04976306336442674,-0.04976306336442674,-0.04976306336442674,-0.04976306336442674,-0.04976306336442674
-0.04925232217633287,-0.04925232217633287,-0.04925232217633287,-0.04925232217633287,-0.04925232217633287,-0.04925232217633287,-0.04925232217633287,-0.04925232217633287,-0.04925232217633287,-0.04925232217633287,-0.04925232217633287,-0.04925232217633287,-0.04925232217633287,-0.04925232217633287
-0.04774782056964198,-0.04774782056964198,-0.04774782056964198,-0.04774782056964198,-0.04774782056964198,-0.04774782056964198,-0.04774782056964198,-0.04774782056964198,-0.04774782056964198,-0.04774782056964198,-0.04774782056964198,-0.04774782056964198,-0.04774782056964198,-0.04774782056964198
-0.04665069165626857,-0.04665069165626857,-0.04665069165626857,-0.04665069165626857,-0.04665069165626857,-0.04665069165626857,-0.04665069165626857,-0.04665069165626857,-0.04665069165626857,-0.04665069165626857,-0.04665069165626857,-0.04665069165626857,-0.04665069165626857,-0.04665069165626857
-0.04581776663625927,-0.04581776663625927,-0.04581776663625927,-0.04581776663625927,-0.04581776663625927,-0.04581776663625927,-0.04581776663625927,-0.04581776663625927,-0.04581776663625927,-0.04581776663625927,-0.04581776663625927,-0.04581776663625927,-0.04581776663625927,-0.04581776663625927
-0.04656949479854952,-0.04656949479854952,-0.04656949479854952,-0.04656949479854952,-0.04656949479854952,-0.04656949479854952,-0.04656949479854952,-0.04656949479854952,-0.04656949479854952,-0.04656949479854952,-0.04656949479854952,-0.04656949479854952,-0.04656949479854952,-0.04656949479854952
-0.047038799423958916,-0.047038799423958916,-0.047038799423958916,-0.047038799423958916,-0.047038799423958916,-0.047038799423958916,-0.047038799423958916,-0.047038799423958916,-0.047038799423958916,-0.047038799423958916,-0.047038799423958916,-0.047038799423958916,-0.047038799423958916,-0.047038799423958916
-0.047914351119320124,-0.047914351119320124,-0.047914351119320124,-0.047914351119320124,-0.047914351119320124,-0.047914351119320124,-0.047914351119320124,-0.047914351119320124,-0.047914351119320124,-0.047914351119320124,-0.047914351119320124,-0.047914351119320124,-0.047914351119320124,-0.047914351119320124
-0.050165085605234486,-0.050165085605234486,-0.050165085605234486,-0.050165085605234486,-0.050165085605234486,-0.050165085605234486,-0.050165085605234486,-0.050165085605234486,-0.050165085605234486,-0.050165085605234486,-0.050165085605234486,-0.050165085605234486,-0.050165085605234486,-0.050165085605234486
-0.05227603377985346,-0.05227603377985346,-0.05227603377985346,-0.05227603377985346,-0.05227603377985346,-0.05227603377985346,-0.05227603377985346,-0.05227603377985346,-0.05227603377985346,-0.05227603377985346,-0.05227603377985346,-0.05227603377985346,-0.05227603377985346,-0.05227603377985346
-0.05362530811238027,-0.05362530811238027,-0.05362530811238027,-0.05362530811238027,-0.05362530811238027,-0.05362530811238027,-0.05362530811238027,-0.05362530811238027,-0.05362530811238027,-0.05362530811238027,-0.05362530811238027,-0.05362530811238027,-0.05362530811238027,-0.05362530811238027
-0.054408186695836316,-0.054408186695836316,-0.054408186695836316,-0.054408186695836316,-0.054408186695836316,-0.054408186695836316,-0.054408186695836316,-0.054408186695836316,-0.054408186695836316,-0.054408186695836316,-0.054408186695836316,-0.054408186695836316,-0.054408186695836316,-0.054408186695836316
-0.05521591180909609,-0.05521591180909609,-0.05521591180909609,-0.05521591180909609,-0.05521591180909609,-0.05521591180909609,-0.05521591180909609,-0.05521591180909609,-0.05521591180909609,-0.05521591180909609,-0.05521591180909609,-0.05521591180909609,-0.05521591180909609,-0.05521591180909609
-0.05699261627525676,-0.05699261627525676,-0.05699261627525676,-0.05699261627525676,-0.05699261627525676,-0.05699261627525676,-0.05699261627525676,-0.05699261627525676,-0.05699261627525676,-0.05699261627525676,-0.05699261627525676,-0.05699261627525676,-0.05699261627525676,-0.05699261627525676
-0.058709323696737925,-0.058709323696737925,-0.058709323696737925,-0.058709323696737925,-0.058709323696737925,-0.058709323696737925,-0.058709323696737925,-0.058709323696737925,-0.058709323696737925,-0.058709323696737925,-0.058709323696737925,-0.058709323696737925,-0.058709323696737925,-0.058709323696737925
-0.060573805684105426,-0.060573805684105426,-0.060573805684105426,-0.060573805684105426,-0.060573805684105426,-0.060573805684105426,-0.060573805684105426,-0.060573805684105426,-0.060573805684105426,-0.060573805684105426,-0.060573805684105426,-0.060573805684105426,-0.060573805684105426,-0.060573805684105426
-0.06165231705651867,-0.06165231705651867,-0.06165231705651867,-0.06165231705651867,-0.06165231705651867,-0.06165231705651867,-0.06165231705651867,-0.06165231705651867,-0.06165231705651867,-0.06165231705651867,-0.06165231705651867,-0.06165231705651867,-0.06165231705651867,-0.06165231705651867
-0.062120465170717114,-0.062120465170717114,-0.062120465170717114,-0.062120465170717114,-0.062120465170717114,-0.062120465170717114,-0.062120465170717114,-0.062120465170717114,-0.062120465170717114,-0.062120465170717114,-0.062120465170717114,-0.062120465170717114,-0.062120465170717114,-0.062120465170717114
-0.06277906097853052,-0.06277906097853052,-0.06277906097853052,-0.06277906097853052,-0.06277906097853052,-0.06277906097853052,-0.06277906097853052,-0.06277906097853052,-0.06277906097853052,-0.06277906097853052,-0.06277906097853052,-0.06277906097853052,-0.06277906097853052,-0.06277906097853052
-0.06344196118679835,-0.06344196118679835,-0.06344196118679835,-0.06344196118679835,-0.06344196118679835,-0.06344196118679835,-0.06344196118679835,-0.06344196118679835,-0.06344196118679835,-0.06344196118679835,-0.06344196118679835,-0.06344196118679835,-0.06344196118679835,-0.06344196118679835
-0.06433597279038472,-0.06433597279038472,-0.06433597279038472,-0.06433597279038472,-0.06433597279038472,-0.06433597279038472,-0.06433597279038472,-0.06433597279038472,-0.06433597279038472,-0.06433597279038472,-0.06433597279038472,-0.06433597279038472,-0.06433597279038472,-0.06433597279038472
-0.06503630730704849,-0.06503630730704849,-0.06503630730704849,-0.06503630730704849,-0.06503630730704849,-0.06503630730704849,-0.06503630730704849,-0.06503630730704849,-0.06503630730704849,-0.06503630730704849,-0.06503630730704849,-0.06503630730704849,-0.06503630730704849,-0.06503630730704849
-0.06639101819564407,-0.06639101819564407,-0.06639101819564407,-0.06639101819564407,-0.06639101819564407,-0.06639101819564407,-0.06639101819564407,-0.06639101819564407,-0.06639101819564407,-0.06639101819564407,-0.06639101819564407,-0.06639101819564407,-0.06639101819564407,-0.06639101819564407
-0.06837905147355974,-0.06837905147355974,-0.06837905147355974,-0.06837905147355974,-0.06837905147355974,-0.06837905147355974,-0.06837905147355974,-0.06837905147355974,-0.06837905147355974,-0.06837905147355974,-0.06837905147355974,-0.06837905147355974,-0.06837905147355974,-0.06837905147355974
-0.07015785893277739,-0.07015785893277739,-0.07015785893277739,-0.07015785893277739,-0.07015785893277739,-0.07015785893277739,-0.07015785893277739,-0.07015785893277739,-0.07015785893277739,-0.07015785893277739,-0.07015785893277739,-0.07015785893277739,-0.07015785893277739,-0.07015785893277739
-0.07169357452142348,-0.07169357452142348,-0.07169357452142348,-0.07169357452142348,-0.07169357452142348,-0.07169357452142348,-0.07169357452142348,-0.07169357452142348,-0.07169357452142348,-0.07169357452142348,-0.07169357452142348,-0.07169357452142348,-0.07169357452142348,-0.07169357452142348
-0.07325036948936246,-0.07325036948936246,-0.07325036948936246,-0.07325036948936246,-0.07325036948936246,-0.07325036948936246,-0.07325036948936246,-0.07325036948936246,-0.07325036948936246,-0.07325036948936246,-0.07325036948936246,-0.07325036948936246,-0.07325036948936246,-0.07325036948936246
-0.0758856676694862,-0.0758856676694862,-0.0758856676694862,-0.0758856676694862,-0.0758856676694862,-0.0758856676694862,-0.0758856676694862,-0.0758856676694862,-0.0758856676694862,-0.0758856676694862,-0.0758856676694862,-0.0758856676694862,-0.0758856676694862,-0.0758856676694862
-0.0790134446640044,-0.0790134446640044,-0.0790134446640044,-0.0790134446640044,-0.0790134446640044,-0.0790134446640044,-0.0790134446640044,-0.0790134446640044,-0.0790134446640044,-0.0790134446640044,-0.0790134446640044,-0.0790134446640044,-0.0790134446640044,-0.0790134446640044
-0.0816884965086578,-0.0816884965086578,-0.0816884965086578,-0.0816884965086578,-0.0816884965086578,-0.0816884965086578,-0.0816884965086578,-0.0816884965086578,-0.0816884965086578,-0.0816884965086578,-0.0816884965086578,-0.0816884965086578,-0.0816884965086578,-0.0816884965086578
-0.08382358103873751,-0.08382358103873751,-0.08382358103873751,-0.08382358103873751,-0.08382358103873751,-0.08382358103873751,-0.08382358103873751,-0.08382358103873751,-0.08382358103873751,-0.08382358103873751,-0.08382358103873751,-0.08382358103873751,-0.08382358103873751,-0.08382358103873751
-0.08528117403788994,-0.08528117403788994,-0.08528117403788994,-0.08528117403788994,-0.08528117403788994,-0.08528117403788994,-0.08528117403788994,-0.08528117403788994,-0.08528117403788994,-0.08528117403788994,-0.08528117403788994,-0.08528117403788994,-0.08528117403788994,-0.08528117403788994
-0.0863598233748154,-0.0863598233748154,-0.0863598233748154,-0.0863598233748154,-0.0863598233748154,-0.0863598233748154,-0.0863598233748154,-0.0863598233748154,-0.0863598233748154,-0.0863598233748154,-0.0863598233748154,-0.0863598233748154,-0.0863598233748154,-0.0863598233748154
-0.08654825104671642,-0.08654825104671642,-0.08654825104671642,-0.08654825104671642,-0.08654825104671642,-0.08654825104671642,-0.08654825104671642,-0.08654825104671642,-0.08654825104671642,-0.08654825104671642,-0.08654825104671642,-0.08654825104671642,-0.08654825104671642,-0.08654825104671642
-0.08695286744501488,-0.08695286744501488,-0.08695286744501488,-0.08695286744501488,-0.08695286744501488,-0.08695286744501488,-0.08695286744501488,-0.08695286744501488,-0.08695286744501488,-0.08695286744501488,-0.08695286744501488,-0.08695286744501488,-0.08695286744501488,-0.08695286744501488
-0.08660634656277313,-0.08660634656277313,-0.08660634656277313,-0.08660634656277313,-0.08660634656277313,-0.08660634656277313,-0.08660634656277313,-0.08660634656277313,-0.08660634656277313,-0.08660634656277313,-0.08660634656277313,-0.08660634656277313,-0.08660634656277313,-0.08660634656277313
-0.08629780261587913,-0.08629780261587913,-0.08629780261587913,-0.08629780261587913,-0.08629780261587913,-0.08629780261587913,-0.08629780261587913,-0.08629780261587913,-0.08629780261587913,-0.08629780261587913,-0.08629780261587913,-0.08629780261587913,-0.08629780261587913,-0.08629780261587913
-0.08744449943325847,-0.08744449943325847,-0.08744449943325847,-0.08744449943325847,-0.08744449943325847,-0.08744449943325847,-0.08744449943325847,-0.08744449943325847,-0.08744449943325847,-0.08744449943325847,-0.08744449943325847,-0.08744449943325847,-0.08744449943325847,-0.08744449943325847
-0.08819925404809158,-0.08819925404809158,-0.08819925404809158,-0.08819925404809158,-0.08819925404809158,-0.08819925404809158,-0.08819925404809158,-0.08819925404809158,-0.08819925404809158,-0.08819925404809158,-0.08819925404809158,-0.08819925404809158,-0.08819925404809158,-0.08819925404809158
-0.08867386992536268,-0.08867386992536268,-0.08867386992536268,-0.08867386992536268,-0.08867386992536268,-0.08867386992536268,-0.08867386992536268,-0.08867386992536268,-0.08867386992536268,-0.08867386992536268,-0.08867386992536268,-0.08867386992536268,-0.08867386992536268,-0.08867386992536268
-0.08810831091879194,-0.08810831091879194,-0.08810831091879194,-0.08810831091879194,-0.08810831091879194,-0.08810831091879194,-0.08810831091879194,-0.08810831091879194,-0.08810831091879194,-0.08810831091879194,-0.08810831091879194,-0.08810831091879194,-0.08810831091879194,-0.08810831091879194
-0.08807485378299212,-0.08807485378299212,-0.08807485378299212,-0.08807485378299212,-0.08807485378299212,-0.08807485378299212,-0.08807485378299212,-0.08807485378299212,-0.08807485378299212,-0.08807485378299212,-0.08807485378299212,-0.08807485378299212,-0.08807485378299212,-0.08807485378299212
-0.08911702974329948,-0.08911702974329948,-0.08911702974329948,-0.08911702974329948,-0.08911702974329948,-0.08911702974329948,-0.08911702974329948,-0.08911702974329948,-0.08911702974329948,-0.08911702974329948,-0.08911702974329948,-0.08911702974329948,-0.08911702974329948,-0.08911702974329948
-0.09112304139471583,-0.09112304139471583,-0.09112304139471583,-0.09112304139471583,-0.09112304139471583,-0.09112304139471583,-0.09112304139471583,-0.09112304139471583,-0.09112304139471583,-0.09112304139471583,-0.09112304139471583,-0.09112304139471583,-0.09112304139471583,-0.09112304139471583
-0.09313275630642129,-0.09313275630642129,-0.09313275630642129,-0.09313275630642129,-0.09313275630642129,-0.09313275630642129,-0.09313275630642129,-0.09313275630642129,-0.09313275630642129,-0.09313275630642129,-0.09313275630642129,-0.09313275630642129,-0.09313275630642129,-0.09313275630642129
-0.09493398145467473,-0.09493398145467473,-0.09493398145467473,-0.09493398145467473,-0.09493398145467473,-0.09493398145467473,-0.09493398145467473,-0.09493398145467473,-0.09493398145467473,-0.09493398145467473,-0.09493398145467473,-0.09493398145467473,-0.09493398145467473,-0.09493398145467473
-0.09670513566225876,-0.09670513566225876,-0.09670513566225876,-0.09670513566225876,-0.09670513566225876,-0.09670513566225876,-0.09670513566225876,-0.09670513566225876,-0.09670513566225876,-0.09670513566225876,-0.09670513566225876,-0.09670513566225876,-0.09670513566225876,-0.09670513566225876
-0.09845223254369719,-0.09845223254369719,-0.09845223254369719,-0.09845223254369719,-0.09845223254369719,-0.09845223254369719,-0.09845223254369719,-0.09845223254369719,-0.09845223254369719,-0.09845223254369719,-0.09845223254369719,-0.09845223254369719,-0.09845223254369719,-0.09845223254369719
-0.09963584304304757,-0.09963584304304757,-0.09963584304304757,-0.09963584304304757,-0.09963584304304757,-0.09963584304304757,-0.09963584304304757,-0.09963584304304757,-0.09963584304304757,-0.09963584304304757,-0.09963584304304757,-0.09963584304304757,-0.09963584304304757,-0.09963584304304757
-0.10060481044514172,-0.10060481044514172,-0.10060481044514172,-0.10060481044514172,-0.10060481044514172,-0.10060481044514172,-0.10060481044514172,-0.10060481044514172,-0.10060481044514172,-0.10060481044514172,-0.10060481044514172,-0.10060481044514172,-0.10060481044514172,-0.10060481044514172
-0.10076732120297317,-0.10076732120297317,-0.10076732120297317,-0.10076732120297317,-0.10076732120297317,-0.10076732120297317,-0.10076732120297317,-0.10076732120297317,-0.10076732120297317,-0.10076732120297317,-0.10076732120297317,-0.10076732120297317,-0.10076732120297317,-0.10076732120297317
-0.10154649805188869,-0.10154649805188869,-0.10154649805188869,-0.10154649805188869,-0.10154649805188869,-0.10154649805188869,-0.10154649805188869,-0.10154649805188869,-0.10154649805188869,-0.10154649805188869,-0.10154649805188869,-0.10154649805188869,-0.10154649805188869,-0.10154649805188869
-0.1022628567510107,-0.1022628567510107,-0.1022628567510107,-0.1022628567510107,-0.1022628567510107,-0.1022628567510107,-0.1022628567510107,-0.1022628567510107,-0.1022628567510107,-0.1022628567510107,-0.1022628567510107,-0.1022628567510107,-0.1022628567510107,-0.1022628567510107
-0.10531436255006746,-0.10531436255006746,-0.10531436255006746,-0.10531436255006746,-0.10531436255006746,-0.10531436255006746,-0.10531436255006746,-0.10531436255006746,-0.10531436255006746,-0.10531436255006746,-0.10531436255006746,-0.10531436255006746,-0.10531436255006746,-0.10531436255006746
-0.1078382039326077,-0.1078382039326077,-0.1078382039326077,-0.1078382039326077,-0.1078382039326077,-0.1078382039326077,-0.1078382039326077,-0.1078382039326077,-0.1078382039326077,-0.1078382039326077,-0.1078382039326077,-0.1078382039326077,-0.1078382039326077,-0.1078382039326077
-0.11033104625357666,-0.11033104625357666,-0.11033104625357666,-0.11033104625357666,-0.11033104625357666,-0.11033104625357666,-0.11033104625357666,-0.11033104625357666,-0.11033104625357666,-0.11033104625357666,-0.11033104625357666,-0.11033104625357666,-0.11033104625357666,-0.11033104625357666
-0.1125990248985673,-0.1125990248985673,-0.1125990248985673,-0.1125990248985673,-0.1125990248985673,-0.1125990248985673,-0.1125990248985673,-0.1125990248985673,-0.1125990248985673,-0.1125990248985673,-0.1125990248985673,-0.1125990248985673,-0.1125990248985673,-0.1125990248985673
-0.11456603149841176,-0.11456603149841176,-0.11456603149841176,-0.11456603149841176,-0.11456603149841176,-0.11456603149841176,-0.11456603149841176,-0.11456603149841176,-0.11456603149841176,-0.11456603149841176,-0.11456603149841176,-0.11456603149841176,-0.11456603149841176,-0.11456603149841176
-0.11514986540622,-0.11514986540622,-0.11514986540622,-0.11514986540622,-0.11514986540622,-0.11514986540622,-0.11514986540622,-0.11514986540622,-0.11514986540622,-0.11514986540622,-0.11514986540622,-0.11514986540622,-0.11514986540622,-0.11514986540622
-0.11593163602049937,-0.11593163602049937,-0.11593163602049937,-0.11593163602049937,-0.11593163602049937,-0.11593163602049937,-0.11593163602049937,-0.11593163602049937,-0.11593163602049937,-0.11593163602049937,-0.11593163602049937,-0.11593163602049937,-0.11593163602049937,-0.11593163602049937
-0.11726114109666746,-0.11726114109666746,-0.11726114109666746,-0.11726114109666746,-0.11726114109666746,-0.11726114109666746,-0.11726114109666746,-0.11726114109666746,-0.11726114109666746,-0.11726114109666746,-0.11726114109666746,-0.11726114109666746,-0.11726114109666746,-0.11726114109666746
-0.1182437413369283,-0.1182437413369283,-0.1182437413369283,-0.1182437413369283,-0.1182437413369283,-0.1182437413369283,-0.1182437413369283,-0.1182437413369283,-0.1182437413369283,-0.1182437413369283,-0.1182437413369283,-0.1182437413369283,-0.1182437413369283,-0.1182437413369283
-0.11838950285700844,-0.11838950285700844,-0.11838950285700844,-0.11838950285700844,-0.11838950285700844,-0.11838950285700844,-0.11838950285700844,-0.11838950285700844,-0.11838950285700844,-0.11838950285700844,-0.11838950285700844,-0.11838950285700844,-0.11838950285700844,-0.11838950285700844
-0.11925560230836214,-0.11925560230836214,-0.11925560230836214,-0.11925560230836214,-0.11925560230836214,-0.11925560230836214,-0.11925560230836214,-0.11925560230836214,-0.11925560230836214,-0.11925560230836214,-0.11925560230836214,-0.11925560230836214,-0.11925560230836214,-0.11925560230836214
-0.11942440162625363,-0.11942440162625363,-0.11942440162625363,-0.11942440162625363,-0.11942440162625363,-0.11942440162625363,-0.11942440162625363,-0.11942440162625363,-0.11942440162625363,-0.11942440162625363,-0.11942440162625363,-0.11942440162625363,-0.11942440162625363,-0.11942440162625363
-0.11861294160600523,-0.11861294160600523,-0.11861294160600523,-0.11861294160600523,-0.11861294160600523,-0.11861294160600523,-0.11861294160600523,-0.11861294160600523,-0.11861294160600523,-0.11861294160600523,-0.11861294160600523,-0.11861294160600523,-0.11861294160600523,-0.11861294160600523
-0.11738715274005236,-0.11738715274005236,-0.11738715274005236,-0.11738715274005236,-0.11738715274005236,-0.11738715274005236,-0.11738715274005236,-0.11738715274005236,-0.11738715274005236,-0.11738715274005236,-0.11738715274005236,-0.11738715274005236,-0.11738715274005236,-0.11738715274005236
-0.11716554569036657,-0.11716554569036657,-0.11716554569036657,-0.11716554569036657,-0.11716554569036657,-0.11716554569036657,-0.11716554569036657,-0.11716554569036657,-0.11716554569036657,-0.11716554569036657,-0.11716554569036657,-0.11716554569036657,-0.11716554569036657,-0.11716554569036657
-0.11650177470108795,-0.11650177470108795,-0.11650177470108795,-0.11650177470108795,-0.11650177470108795,-0.11650177470108795,-0.11650177470108795,-0.11650177470108795,-0.11650177470108795,-0.11650177470108795,-0.11650177470108795,-0.11650177470108795,-0.11650177470108795,-0.11650177470108795
-0.11607809007867527,-0.11607809007867527,-0.11607809007867527,-0.11607809007867527,-0.11607809007867527,-0.11607809007867527,-0.11607809007867527,-0.11607809007867527,-0.11607809007867527,-0.11607809007867527,-0.11607809007867527,-0.11607809007867527,-0.11607809007867527,-0.11607809007867527
-0.11625533862367013,-0.11625533862367013,-0.11625533862367013,-0.11625533862367013,-0.11625533862367013,-0.11625533862367013,-0.11625533862367013,-0.11625533862367013,-0.11625533862367013,-0.11625533862367013,-0.11625533862367013,-0.11625533862367013,-0.11625533862367013,-0.11625533862367013
-0.11643414236714673,-0.11643414236714673,-0.11643414236714673,-0.11643414236714673,-0.11643414236714673,-0.11643414236714673,-0.11643414236714673,-0.11643414236714673,-0.11643414236714673,-0.11643414236714673,-0.11643414236714673,-0.11643414236714673,-0.11643414236714673,-0.11643414236714673
-0.11761203268075014,-0.11761203268075014,-0.11761203268075014,-0.11761203268075014,-0.11761203268075014,-0.11761203268075014,-0.11761203268075014,-0.11761203268075014,-0.11761203268075014,-0.11761203268075014,-0.11761203268075014,-0.11761203268075014,-0.11761203268075014,-0.11761203268075014
-0.11910608538473567,-0.11910608538473567,-0.11910608538473567,-0.11910608538473567,-0.11910608538473567,-0.11910608538473567,-0.11910608538473567,-0.11910608538473567,-0.11910608538473567,-0.11910608538473567,-0.11910608538473567,-0.11910608538473567,-0.11910608538473567,-0.11910608538473567
-0.12069060475081564,-0.12069060475081564,-0.12069060475081564,-0.12069060475081564,-0.12069060475081564,-0.12069060475081564,-0.12069060475081564,-0.12069060475081564,-0.12069060475081564,-0.12069060475081564,-0.12069060475081564,-0.12069060475081564,-0.12069060475081564,-0.12069060475081564
-0.12193160123574286,-0.12193160123574286,-0.12193160123574286,-0.12193160123574286,-0.12193160123574286,-0.12193160123574286,-0.12193160123574286,-0.12193160123574286,-0.12193160123574286,-0.12193160123574286,-0.12193160123574286,-0.12193160123574286,-0.12193160123574286,-0.12193160123574286
-0.12392722381574324,-0.12392722381574324,-0.12392722381574324,-0.12392722381574324,-0.12392722381574324,-0.12392722381574324,-0.12392722381574324,-0.12392722381574324,-0.12392722381574324,-0.12392722381574324,-0.12392722381574324,-0.12392722381574324,-0.12392722381574324,-0.12392722381574324
-0.12567205426814085,-0.12567205426814085,-0.12567205426814085,-0.12567205426814085,-0.12567205426814085,-0.12567205426814085,-0.12567205426814085,-0.12567205426814085,-0.12567205426814085,-0.12567205426814085,-0.12567205426814085,-0.12567205426814085,-0.12567205426814085,-0.12567205426814085
-0.1282339727329522,-0.1282339727329522,-0.1282339727329522,-0.1282339727329522,-0.1282339727329522,-0.1282339727329522,-0.1282339727329522,-0.1282339727329522,-0.1282339727329522,-0.1282339727329522,-0.1282339727329522,-0.1282339727329522,-0.1282339727329522,-0.1282339727329522
-0.1303693113450668,-0.1303693113450668,-0.1303693113450668,-0.1303693113450668,-0.1303693113450668,-0.1303693113450668,-0.1303693113450668,-0.1303693113450668,-0.1303693113450668,-0.1303693113450668,-0.1303693113450668,-0.1303693113450668,-0.1303693113450668,-0.1303693113450668
-0.13239560442382298,-0.13239560442382298,-0.13239560442382298,-0.13239560442382298,-0.13239560442382298,-0.13239560442382298,-0.13239560442382298,-0.13239560442382298,-0.13239560442382298,-0.13239560442382298,-0.13239560442382298,-0.13239560442382298,-0.13239560442382298,-0.13239560442382298
-0.13400864320920264,-0.13400864320920264,-0.13400864320920264,-0.13400864320920264,-0.13400864320920264,-0.13400864320920264,-0.13400864320920264,-0.13400864320920264,-0.13400864320920264,-0.13400864320920264,-0.13400864320920264,-0.13400864320920264,-0.13400864320920264,-0.13400864320920264
-0.13679755902242338,-0.13679755902242338,-0.13679755902242338,-0.13679755902242338,-0.13679755902242338,-0.13679755902242338,-0.13679755902242338,-0.13679755902242338,-0.13679755902242338,-0.13679755902242338,-0.13679755902242338,-0.13679755902242338,-0.13679755902242338,-0.13679755902242338
-0.13822908315211754,-0.13822908315211754,-0.13822908315211754,-0.13822908315211754,-0.13822908315211754,-0.13822908315211754,-0.13822908315211754,-0.13822908315211754,-0.13822908315211754,-0.13822908315211754,-0.13822908315211754,-0.13822908315211754,-0.13822908315211754,-0.13822908315211754
-0.14031654355466072,-0.14031654355466072,-0.14031654355466072,-0.14031654355466072,-0.14031654355466072,-0.14031654355466072,-0.14031654355466072,-0.14031654355466072,-0.14031654355466072,-0.14031654355466072,-0.14031654355466072,-0.14031654355466072,-0.14031654355466072,-0.14031654355466072
-0.14215516229467,-0.14215516229467,-0.14215516229467,-0.14215516229467,-0.14215516229467,-0.14215516229467,-0.14215516229467,-0.14215516229467,-0.14215516229467,-0.14215516229467,-0.14215516229467,-0.14215516229467,-0.14215516229467,-0.14215516229467
-0.1432084096099018,-0.1432084096099018,-0.1432084096099018,-0.1432084096099018,-0.1432084096099018,-0.1432084096099018,-0.1432084096099018,-0.1432084096099018,-0.1432084096099018,-0.1432084096099018,-0.1432084096099018,-0.1432084096099018,-0.1432084096099018,-0.1432084096099018
-0.14357774416552846,-0.14357774416552846,-0.14357774416552846,-0.14357774416552846,-0.14357774416552846,-0.14357774416552846,-0.14357774416552846,-0.14357774416552846,-0.14357774416552846,-0.14357774416552846,-0.14357774416552846,-0.14357774416552846,-0.14357774416552846,-0.14357774416552846
-0.14426570562954025,-0.14426570562954025,-0.14426570562954025,-0.14426570562954025,-0.14426570562954025,-0.14426570562954025,-0.14426570562954025,-0.14426570562954025,-0.14426570562954025,-0.14426570562954025,-0.14426570562954025,-0.14426570562954025,-0.14426570562954025,-0.14426570562954025
-0.1450076487979189,-0.1450076487979189,-0.1450076487979189,-0.1450076487979189,-0.1450076487979189,-0.1450076487979189,-0.1450076487979189,-0.1450076487979189,-0.1450076487979189,-0.1450076487979189,-0.1450076487979189,-0.1450076487979189,-0.1450076487979189,-0.1450076487979189
-0.14491750689977595,-0.14491750689977595,-0.14491750689977595,-0.14491750689977595,-0.14491750689977595,-0.14491750689977595,-0.14491750689977595,-0.14491750689977595,-0.14491750689977595,-0.14491750689977595,-0.14491750689977595,-0.14491750689977595,-0.14491750689977595,-0.14491750689977595
-0.1442852869553615,-0.1442852869553615,-0.1442852869553615,-0.1442852869553615,-0.1442852869553615,-0.1442852869553615,-0.1442852869553615,-0.1442852869553615,-0.1442852869553615,-0.1442852869553615,-0.1442852869553615,-0.1442852869553615,-0.1442852869553615,-0.1442852869553615
-0.1434421229392086,-0.1434421229392086,-0.1434421229392086,-0.1434421229392086,-0.1434421229392086,-0.1434421229392086,-0.1434421229392086,-0.1434421229392086,-0.1434421229392086,-0.1434421229392086,-0.1434421229392086,-0.1434421229392086,-0.1434421229392086,-0.1434421229392086
-0.14226109815432542,-0.14226109815432542,-0.14226109815432542,-0.14226109815432542,-0.14226109815432542,-0.14226109815432542,-0.14226109815432542,-0.14226109815432542,-0.14226109815432542,-0.14226109815432542,-0.14226109815432542,-0.14226109815432542,-0.14226109815432542,-0.14226109815432542
-0.14191337801022513,-0.14191337801022513,-0.14191337801022513,-0.14191337801022513,-0.14191337801022513,-0.14191337801022513,-0.14191337801022513,-0.14191337801022513,-0.14191337801022513,-0.14191337801022513,-0.14191337801022513,-0.14191337801022513,-0.14191337801022513,-0.14191337801022513
-0.14084761677054566,-0.14084761677054566,-0.14084761677054566,-0.14084761677054566,-0.14084761677054566,-0.14084761677054566,-0.14084761677054566,-0.14084761677054566,-0.14084761677054566,-0.14084761677054566,-0.14084761677054566,-0.14084761677054566,-0.14084761677054566,-0.14084761677054566
-0.14086903755592586,-0.14086903755592586,-0.14086903755592586,-0.14086903755592586,-0.14086903755592586,-0.14086903755592586,-0.14086903755592586,-0.14086903755592586,-0.14086903755592586,-0.14086903755592586,-0.14086903755592586,-0.14086903755592586,-0.14086903755592586,-0.14086903755592586
-0.1410496414703429,-0.1410496414703429,-0.1410496414703429,-0.1410496414703429,-0.1410496414703429,-0.1410496414703429,-0.1410496414703429,-0.1410496414703429,-0.1410496414703429,-0.1410496414703429,-0.1410496414703429,-0.1410496414703429,-0.1410496414703429,-0.1410496414703429
-0.1410290863219232,-0.1410290863219232,-0.1410290863219232,-0.1410290863219232,-0.1410290863219232,-0.1410290863219232,-0.1410290863219232,-0.1410290863219232,-0.1410290863219232,-0.1410290863219232,-0.1410290863219232,-0.1410290863219232,-0.1410290863219232,-0.1410290863219232
-0.14032716285485058,-0.14032716285485058,-0.14032716285485058,-0.14032716285485058,-0.14032716285485058,-0.14032716285485058,-0.14032716285485058,-0.14032716285485058,-0.14032716285485058,-0.14032716285485058,-0.14032716285485058,-0.14032716285485058,-0.14032716285485058,-0.14032716285485058
-0.1397319394748061,-0.1397319394748061,-0.1397319394748061,-0.1397319394748061,-0.1397319394748061,-0.1397319394748061,-0.1397319394748061,-0.1397319394748061,-0.1397319394748061,-0.1397319394748061,-0.1397319394748061,-0.1397319394748061,-0.1397319394748061,-0.1397319394748061
-0.13971289010488414,-0.13971289010488414,-0.13971289010488414,-0.13971289010488414,-0.13971289010488414,-0.13971289010488414,-0.13971289010488414,-0.13971289010488414,-0.13971289010488414,-0.13971289010488414,-0.13971289010488414,-0.13971289010488414,-0.13971289010488414,-0.13971289010488414
-0.14112366076361454,-0.14112366076361454,-0.14112366076361454,-0.14112366076361454,-0.14112366076361454,-0.14112366076361454,-0.14112366076361454,-0.14112366076361454,-0.14112366076361454,-0.14112366076361454,-0.14112366076361454,-0.14112366076361454,-0.14112366076361454,-0.14112366076361454
-0.1423272057134508,-0.1423272057134508,-0.1423272057134508,-0.1423272057134508,-0.1423272057134508,-0.1423272057134508,-0.1423272057134508,-0.1423272057134508,-0.1423272057134508,-0.1423272057134508,-0.1423272057134508,-0.1423272057134508,-0.1423272057134508,-0.1423272057134508
-0.14291544260095884,-0.14291544260095884,-0.14291544260095884,-0.14291544260095884,-0.14291544260095884,-0.14291544260095884,-0.14291544260095884,-0.14291544260095884,-0.14291544260095884,-0.14291544260095884,-0.14291544260095884,-0.14291544260095884,-0.14291544260095884,-0.14291544260095884
-0.14414470761963066,-0.14414470761963066,-0.14414470761963066,-0.14414470761963066,-0.14414470761963066,-0.14414470761963066,-0.14414470761963066,-0.14414470761963066,-0.14414470761963066,-0.14414470761963066,-0.14414470761963066,-0.14414470761963066,-0.14414470761963066,-0.14414470761963066
-0.145146979810043,-0.145146979810043,-0.145146979810043,-0.145146979810043,-0.145146979810043,-0.145146979810043,-0.145146979810043,-0.145146979810043,-0.145146979810043,-0.145146979810043,-0.145146979810043,-0.145146979810043,-0.145146979810043,-0.145146979810043
-0.14624227675492074,-0.14624227675492074,-0.14624227675492074,-0.14624227675492074,-0.14624227675492074,-0.14624227675492074,-0.14624227675492074,-0.14624227675492074,-0.14624227675492074,-0.14624227675492074,-0.14624227675492074,-0.14624227675492074,-0.14624227675492074,-0.14624227675492074
-0.14663147236073257,-0.14663147236073257,-0.14663147236073257,-0.14663147236073257,-0.14663147236073257,-0.14663147236073257,-0.14663147236073257,-0.14663147236073257,-0.14663147236073257,-0.14663147236073257,-0.14663147236073257,-0.14663147236073257,-0.14663147236073257,-0.14663147236073257
-0.14780295323753134,-0.14780295323753134,-0.14780295323753134,-0.14780295323753134,-0.14780295323753134,-0.14780295323753134,-0.14780295323753134,-0.14780295323753134,-0.14780295323753134,-0.14780295323753134,-0.14780295323753134,-0.14780295323753134,-0.14780295323753134,-0.14780295323753134
-0.14849963759164847,-0.14849963759164847,-0.14849963759164847,-0.14849963759164847,-0.14849963759164847,-0.14849963759164847,-0.14849963759164847,-0.14849963759164847,-0.14849963759164847,-0.14849963759164847,-0.14849963759164847,-0.14849963759164847,-0.14849963759164847,-0.14849963759164847
-0.148884491091805,-0.148884491091805,-0.148884491091805,-0.148884491091805,-0.148884491091805,-0.148884491091805,-0.148884491091805,-0.148884491091805,-0.148884491091805,-0.148884491091805,-0.148884491091805,-0.148884491091805,-0.148884491091805,-0.148884491091805
-0.1490149470108857,-0.1490149470108857,-0.1490149470108857,-0.1490149470108857,-0.1490149470108857,-0.1490149470108857,-0.1490149470108857,-0.1490149470108857,-0.1490149470108857,-0.1490149470108857,-0.1490149470108857,-0.1490149470108857,-0.1490149470108857,-0.1490149470108857
-0.14908034675894155,-0.14908034675894155,-0.14908034675894155,-0.14908034675894155,-0.14908034675894155,-0.14908034675894155,-0.14908034675894155,-0.14908034675894155,-0.14908034675894155,-0.14908034675894155,-0.14908034675894155,-0.14908034675894155,-0.14908034675894155,-0.14908034675894155
-0.14864633370847688,-0.14864633370847688,-0.14864633370847688,-0.14864633370847688,-0.14864633370847688,-0.14864633370847688,-0.14864633370847688,-0.14864633370847688,-0.14864633370847688,-0.14864633370847688,-0.14864633370847688,-0.14864633370847688,-0.14864633370847688,-0.14864633370847688
-0.14874975759961348,-0.14874975759961348,-0.14874975759961348,-0.14874975759961348,-0.14874975759961348,-0.14874975759961348,-0.14874975759961348,-0.14874975759961348,-0.14874975759961348,-0.14874975759961348,-0.14874975759961348,-0.14874975759961348,-0.14874975759961348,-0.14874975759961348
-0.1476729366112919,-0.1476729366112919,-0.1476729366112919,-0.1476729366112919,-0.1476729366112919,-0.1476729366112919,-0.1476729366112919,-0.1476729366112919,-0.1476729366112919,-0.1476729366112919,-0.1476729366112919,-0.1476729366112919,-0.1476729366112919,-0.1476729366112919
-0.1465893029510678,-0.1465893029510678,-0.1465893029510678,-0.1465893029510678,-0.1465893029510678,-0.1465893029510678,-0.1465893029510678,-0.1465893029510678,-0.1465893029510678,-0.1465893029510678,-0.1465893029510678,-0.1465893029510678,-0.1465893029510678,-0.1465893029510678
-0.14457217605902978,-0.14457217605902978,-0.14457217605902978,-0.14457217605902978,-0.14457217605902978,-0.14457217605902978,-0.14457217605902978,-0.14457217605902978,-0.14457217605902978,-0.14457217605902978,-0.14457217605902978,-0.14457217605902978,-0.14457217605902978,-0.14457217605902978
-0.1434926891204942,-0.1434926891204942,-0.1434926891204942,-0.1434926891204942,-0.1434926891204942,-0.1434926891204942,-0.1434926891204942,-0.1434926891204942,-0.1434926891204942,-0.1434926891204942,-0.1434926891204942,-0.1434926891204942,-0.1434926891204942,-0.1434926891204942
-0.14142100347153724,-0.14142100347153724,-0.14142100347153724,-0.14142100347153724,-0.14142100347153724,-0.14142100347153724,-0.14142100347153724,-0.14142100347153724,-0.14142100347153724,-0.14142100347153724,-0.14142100347153724,-0.14142100347153724,-0.14142100347153724,-0.14142100347153724
-0.13986428596884765,-0.13986428596884765,-0.13986428596884765,-0.13986428596884765,-0.13986428596884765,-0.13986428596884765,-0.13986428596884765,-0.13986428596884765,-0.13986428596884765,-0.13986428596884765,-0.13986428596884765,-0.13986428596884765,-0.13986428596884765,-0.13986428596884765
-0.13882217863279875,-0.13882217863279875,-0.13882217863279875,-0.13882217863279875,-0.13882217863279875,-0.13882217863279875,-0.13882217863279875,-0.13882217863279875,-0.13882217863279875,-0.13882217863279875,-0.13882217863279875,-0.13882217863279875,-0.13882217863279875,-0.13882217863279875
-0.13806139269598183,-0.13806139269598183,-0.13806139269598183,-0.13806139269598183,-0.13806139269598183,-0.13806139269598183,-0.13806139269598183,-0.13806139269598183,-0.13806139269598183,-0.13806139269598183,-0.13806139269598183,-0.13806139269598183,-0.13806139269598183,-0.13806139269598183
-0.13736874104972388,-0.13736874104972388,-0.13736874104972388,-0.13736874104972388,-0.13736874104972388,-0.13736874104972388,-0.13736874104972388,-0.13736874104972388,-0.13736874104972388,-0.13736874104972388,-0.13736874104972388,-0.13736874104972388,-0.13736874104972388,-0.13736874104972388
-0.13829899190757308,-0.13829899190757308,-0.13829899190757308,-0.13829899190757308,-0.13829899190757308,-0.13829899190757308,-0.13829899190757308,-0.13829899190757308,-0.13829899190757308,-0.13829899190757308,-0.13829899190757308,-0.13829899190757308,-0.13829899190757308,-0.13829899190757308
-0.13940800399210537,-0.13940800399210537,-0.13940800399210537,-0.13940800399210537,-0.13940800399210537,-0.13940800399210537,-0.13940800399210537,-0.13940800399210537,-0.13940800399210537,-0.13940800399210537,-0.13940800399210537,-0.13940800399210537,-0.13940800399210537,-0.13940800399210537
-0.1395566718826015,-0.1395566718826015,-0.1395566718826015,-0.1395566718826015,-0.1395566718826015,-0.1395566718826015,-0.1395566718826015,-0.1395566718826015,-0.1395566718826015,-0.1395566718826015,-0.1395566718826015,-0.1395566718826015,-0.1395566718826015,-0.1395566718826015
-0.13974979715866281,-0.13974979715866281,-0.13974979715866281,-0.13974979715866281,-0.13974979715866281,-0.13974979715866281,-0.13974979715866281,-0.13974979715866281,-0.13974979715866281,-0.13974979715866281,-0.13974979715866281,-0.13974979715866281,-0.13974979715866281,-0.13974979715866281
-0.13914147154097992,-0.13914147154097992,-0.13914147154097992,-0.13914147154097992,-0.13914147154097992,-0.13914147154097992,-0.13914147154097992,-0.13914147154097992,-0.13914147154097992,-0.13914147154097992,-0.13914147154097992,-0.13914147154097992,-0.13914147154097992,-0.13914147154097992
-0.13859280427260032,-0.13859280427260032,-0.13859280427260032,-0.13859280427260032,-0.13859280427260032,-0.13859280427260032,-0.13859280427260032,-0.13859280427260032,-0.13859280427260032,-0.13859280427260032,-0.13859280427260032,-0.13859280427260032,-0.13859280427260032,-0.13859280427260032
-0.13737961170310117,-0.13737961170310117,-0.13737961170310117,-0.13737961170310117,-0.13737961170310117,-0.13737961170310117,-0.13737961170310117,-0.13737961170310117,-0.13737961170310117,-0.13737961170310117,-0.13737961170310117,-0.13737961170310117,-0.13737961170310117,-0.13737961170310117
-0.13688956288629733,-0.13688956288629733,-0.13688956288629733,-0.13688956288629733,-0.13688956288629733,-0.13688956288629733,-0.13688956288629733,-0.13688956288629733,-0.13688956288629733,-0.13688956288629733,-0.13688956288629733,-0.13688956288629733,-0.13688956288629733,-0.13688956288629733
-0.13619656260511379,-0.13619656260511379,-0.13619656260511379,-0.13619656260511379,-0.13619656260511379,-0.13619656260511379,-0.13619656260511379,-0.13619656260511379,-0.13619656260511379,-0.13619656260511379,-0.13619656260511379,-0.13619656260511379,-0.13619656260511379,-0.13619656260511379
-0.13520766557594538,-0.13520766557594538,-0.13520766557594538,-0.13520766557594538,-0.13520766557594538,-0.13520766557594538,-0.13520766557594538,-0.13520766557594538,-0.13520766557594538,-0.13520766557594538,-0.13520766557594538,-0.13520766557594538,-0.13520766557594538,-0.13520766557594538
-0.13400931511108216,-0.13400931511108216,-0.13400931511108216,-0.13400931511108216,-0.13400931511108216,-0.13400931511108216,-0.13400931511108216,-0.13400931511108216,-0.13400931511108216,-0.13400931511108216,-0.13400931511108216,-0.13400931511108216,-0.13400931511108216,-0.13400931511108216
-0.13304263855681628,-0.13304263855681628,-0.13304263855681628,-0.13304263855681628,-0.13304263855681628,-0.13304263855681628,-0.13304263855681628,-0.13304263855681628,-0.13304263855681628,-0.13304263855681628,-0.13304263855681628,-0.13304263855681628,-0.13304263855681628,-0.13304263855681628
-0.13153675440666052,-0.13153675440666052,-0.13153675440666052,-0.13153675440666052,-0.13153675440666052,-0.13153675440666052,-0.13153675440666052,-0.13153675440666052,-0.13153675440666052,-0.13153675440666052,-0.13153675440666052,-0.13153675440666052,-0.13153675440666052,-0.13153675440666052
-0.1293756727181903,-0.1293756727181903,-0.1293756727181903,-0.1293756727181903,-0.1293756727181903,-0.1293756727181903,-0.1293756727181903,-0.1293756727181903,-0.1293756727181903,-0.1293756727181903,-0.1293756727181903,-0.1293756727181903,-0.1293756727181903,-0.1293756727181903
-0.12773485716783856,-0.12773485716783856,-0.12773485716783856,-0.12773485716783856,-0.12773485716783856,-0.12773485716783856,-0.12773485716783856,-0.12773485716783856,-0.12773485716783856,-0.12773485716783856,-0.12773485716783856,-0.12773485716783856,-0.12773485716783856,-0.12773485716783856
-0.12571250269914339,-0.12571250269914339,-0.12571250269914339,-0.12571250269914339,-0.12571250269914339,-0.12571250269914339,-0.12571250269914339,-0.12571250269914339,-0.12571250269914339,-0.12571250269914339,-0.12571250269914339,-0.12571250269914339,-0.12571250269914339,-0.12571250269914339
-0.12431333969697386,-0.12431333969697386,-0.12431333969697386,-0.12431333969697386,-0.12431333969697386,-0.12431333969697386,-0.12431333969697386,-0.12431333969697386,-0.12431333969697386,-0.12431333969697386,-0.12431333969697386,-0.12431333969697386,-0.12431333969697386,-0.12431333969697386
-0.12323352234216858,-0.12323352234216858,-0.12323352234216858,-0.12323352234216858,-0.12323352234216858,-0.12323352234216858,-0.12323352234216858,-0.12323352234216858,-0.12323352234216858,-0.12323352234216858,-0.12323352234216858,-0.12323352234216858,-0.12323352234216858,-0.12323352234216858
-0.12120862764119211,-0.12120862764119211,-0.12120862764119211,-0.12120862764119211,-0.12120862764119211,-0.12120862764119211,-0.12120862764119211,-0.12120862764119211,-0.12120862764119211,-0.12120862764119211,-0.12120862764119211,-0.12120862764119211,-0.12120862764119211,-0.12120862764119211
-0.12037202298387535,-0.12037202298387535,-0.12037202298387535,-0.12037202298387535,-0.12037202298387535,-0.12037202298387535,-0.12037202298387535,-0.12037202298387535,-0.12037202298387535,-0.12037202298387535,-0.12037202298387535,-0.12037202298387535,-0.12037202298387535,-0.12037202298387535
-0.11956926802849524,-0.11956926802849524,-0.11956926802849524,-0.11956926802849524,-0.11956926802849524,-0.11956926802849524,-0.11956926802849524,-0.11956926802849524,-0.11956926802849524,-0.11956926802849524,-0.11956926802849524,-0.11956926802849524,-0.11956926802849524,-0.11956926802849524
-0.11907399524121155,-0.11907399524121155,-0.11907399524121155,-0.11907399524121155,-0.11907399524121155,-0.11907399524121155,-0.11907399524121155,-0.11907399524121155,-0.11907399524121155,-0.11907399524121155,-0.11907399524121155,-0.11907399524121155,-0.11907399524121155,-0.11907399524121155
-0.11878725107303105,-0.11878725107303105,-0.11878725107303105,-0.11878725107303105,-0.11878725107303105,-0.11878725107303105,-0.11878725107303105,-0.11878725107303105,-0.11878725107303105,-0.11878725107303105,-0.11878725107303105,-0.11878725107303105,-0.11878725107303105,-0.11878725107303105
-0.11809185319251772,-0.11809185319251772,-0.11809185319251772,-0.11809185319251772,-0.11809185319251772,-0.11809185319251772,-0.11809185319251772,-0.11809185319251772,-0.11809185319251772,-0.11809185319251772,-0.11809185319251772,-0.11809185319251772,-0.11809185319251772,-0.11809185319251772
-0.11695858460811312,-0.11695858460811312,-0.11695858460811312,-0.11695858460811312,-0.11695858460811312,-0.11695858460811312,-0.11695858460811312,-0.11695858460811312,-0.11695858460811312,-0.11695858460811312,-0.11695858460811312,-0.11695858460811312,-0.11695858460811312,-0.11695858460811312
-0.11485240609695603,-0.11485240609695603,-0.11485240609695603,-0.11485240609695603,-0.11485240609695603,-0.11485240609695603,-0.11485240609695603,-0.11485240609695603,-0.11485240609695603,-0.11485240609695603,-0.11485240609695603,-0.11485240609695603,-0.11485240609695603,-0.11485240609695603
-0.11380169429935508,-0.11380169429935508,-0.11380169429935508,-0.11380169429935508,-0.11380169429935508,-0.11380169429935508,-0.11380169429935508,-0.11380169429935508,-0.11380169429935508,-0.11380169429935508,-0.11380169429935508,-0.11380169429935508,-0.11380169429935508,-0.11380169429935508
-0.11194338606044638,-0.11194338606044638,-0.11194338606044638,-0.11194338606044638,-0.11194338606044638,-0.11194338606044638,-0.11194338606044638,-0.11194338606044638,-0.11194338606044638,-0.11194338606044638,-0.11194338606044638,-0.11194338606044638,-0.11194338606044638,-0.11194338606044638
-0.10967969739449639,-0.10967969739449639,-0.10967969739449639,-0.10967969739449639,-0.10967969739449639,-0.10967969739449639,-0.10967969739449639,-0.10967969739449639,-0.10967969739449639,-0.10967969739449639,-0.10967969739449639,-0.10967969739449639,-0.10967969739449639,-0.10967969739449639
-0.10601855222905482,-0.10601855222905482,-0.10601855222905482,-0.10601855222905482,-0.10601855222905482,-0.10601855222905482,-0.10601855222905482,-0.10601855222905482,-0.10601855222905482,-0.10601855222905482,-0.10601855222905482,-0.10601855222905482,-0.10601855222905482,-0.10601855222905482
-0.10146348726076794,-0.10146348726076794,-0.10146348726076794,-0.10146348726076794,-0.10146348726076794,-0.10146348726076794,-0.10146348726076794,-0.10146348726076794,-0.10146348726076794,-0.10146348726076794,-0.10146348726076794,-0.10146348726076794,-0.10146348726076794,-0.10146348726076794
-0.09635005073874511,-0.09635005073874511,-0.09635005073874511,-0.09635005073874511,-0.09635005073874511,-0.09635005073874511,-0.09635005073874511,-0.09635005073874511,-0.09635005073874511,-0.09635005073874511,-0.09635005073874511,-0.09635005073874511,-0.09635005073874511,-0.09635005073874511
-0.0921136267601803,-0.0921136267601803,-0.0921136267601803,-0.0921136267601803,-0.0921136267601803,-0.0921136267601803,-0.0921136267601803,-0.0921136267601803,-0.0921136267601803,-0.0921136267601803,-0.0921136267601803,-0.0921136267601803,-0.0921136267601803,-0.0921136267601803
-0.08585433294560525,-0.08585433294560525,-0.08585433294560525,-0.08585433294560525,-0.08585433294560525,-0.08585433294560525,-0.08585433294560525,-0.08585433294560525,-0.08585433294560525,-0.08585433294560525,-0.08585433294560525,-0.08585433294560525,-0.08585433294560525,-0.08585433294560525
-0.07956640039963599,-0.07956640039963599,-0.07956640039963599,-0.07956640039963599,-0.07956640039963599,-0.07956640039963599,-0.07956640039963599,-0.07956640039963599,-0.07956640039963599,-0.07956640039963599,-0.07956640039963599,-0.07956640039963599,-0.07956640039963599,-0.07956640039963599
-0.07357957939674886,-0.07357957939674886,-0.07357957939674886,-0.07357957939674886,-0.07357957939674886,-0.07357957939674886,-0.07357957939674886,-0.07357957939674886,-0.07357957939674886,-0.07357957939674886,-0.07357957939674886,-0.07357957939674886,-0.07357957939674886,-0.07357957939674886
-0.06532364316903858,-0.06532364316903858,-0.06532364316903858,-0.06532364316903858,-0.06532364316903858,-0.06532364316903858,-0.06532364316903858,-0.06532364316903858,-0.06532364316903858,-0.06532364316903858,-0.06532364316903858,-0.06532364316903858,-0.06532364316903858,-0.06532364316903858
-0.0587786461775243,-0.0587786461775243,-0.0587786461775243,-0.0587786461775243,-0.0587786461775243,-0.0587786461775243,-0.0587786461775243,-0.0587786461775243,-0.0587786461775243,-0.0587786461775243,-0.0587786461775243,-0.0587786461775243,-0.0587786461775243,-0.0587786461775243
-0.052352087368055675,-0.052352087368055675,-0.052352087368055675,-0.052352087368055675,-0.052352087368055675,-0.052352087368055675,-0.052352087368055675,-0.052352087368055675,-0.052352087368055675,-0.052352087368055675,-0.052352087368055675,-0.052352087368055675,-0.052352087368055675,-0.052352087368055675
-0.045998373773492696,-0.045998373773492696,-0.045998373773492696,-0.045998373773492696,-0.045998373773492696,-0.045998373773492696,-0.045998373773492696,-0.045998373773492696,-0.045998373773492696,-0.045998373773492696,-0.045998373773492696,-0.045998373773492696,-0.045998373773492696,-0.045998373773492696
-0.03940675752709509,-0.03940675752709509,-0.03940675752709509,-0.03940675752709509,-0.03940675752709509,-0.03940675752709509,-0.03940675752709509,-0.03940675752709509,-0.03940675752709509,-0.03940675752709509,-0.03940675752709509,-0.03940675752709509,-0.03940675752709509,-0.03940675752709509
-0.03234386346468807,-0.03234386346468807,-0.03234386346468807,-0.03234386346468807,-0.03234386346468807,-0.03234386346468807,-0.03234386346468807,-0.03234386346468807,-0.03234386346468807,-0.03234386346468807,-0.03234386346468807,-0.03234386346468807,-0.03234386346468807,-0.03234386346468807
-0.0246670145775666,-0.0246670145775666,-0.0246670145775666,-0.0246670145775666,-0.0246670145775666,-0.0246670145775666,-0.0246670145775666,-0.0246670145775666,-0.0246670145775666,-0.0246670145775666,-0.0246670145775666,-0.0246670145775666,-0.0246670145775666,-0.0246670145775666
-0.01771268111055454,-0.01771268111055454,-0.01771268111055454,-0.01771268111055454,-0.01771268111055454,-0.01771268111055454,-0.01771268111055454,-0.01771268111055454,-0.01771268111055454,-0.01771268111055454,-0.01771268111055454,-0.01771268111055454,-0.01771268111055454,-0.01771268111055454
-0.011225849134190044,-0.011225849134190044,-0.011225849134190044,-0.011225849134190044,-0.011225849134190044,-0.011225849134190044,-0.011225849134190044,-0.011225849134190044,-0.011225849134190044,-0.011225849134190044,-0.011225849134190044,-0.011225849134190044,-0.011225849134190044,-0.011225849134190044
-0.006216379330168036,-0.006216379330168036,-0.006216379330168036,-0.006216379330168036,-0.006216379330168036,-0.006216379330168036,-0.006216379330168036,-0.006216379330168036,-0.006216379330168036,-0.006216379330168036,-0.006216379330168036,-0.006216379330168036,-0.006216379330168036,-0.006216379330168036
-0.002870557733497584,-0.002870557733497584,-0.002870557733497584,-0.002870557733497584,-0.002870557733497584,-0.002870557733497584,-0.002870557733497584,-0.002870557733497584,-0.002870557733497584,-0.002870557733497584,-0.002870557733497584,-0.002870557733497584,-0.002870557733497584,-0.002870557733497584
0.00036598768706196105,0.00036598768706196105,0.00036598768706196105,0.00036598768706196105,0.00036598768706196105,0.00036598768706196105,0.00036598768706196105,0.00036598768706196105,0.00036598768706196105,0.00036598768706196105,0.00036598768706196105,0.00036598768706196105,0.00036598768706196105,0.00036598768706196105
0.003510446192731176,0.003510446192731176,0.003510446192731176,0.003510446192731176,0.003510446192731176,0.003510446192731176,0.003510446192731176,0.003510446192731176,0.003510446192731176,0.003510446192731176,0.003510446192731176,0.003510446192731176,0.003510446192731176,0.003510446192731176
0.006274579552128835,0.006274579552128835,0.006274579552128835,0.006274579552128835,0.006274579552128835,0.006274579552128835,0.006274579552128835,0.006274579552128835,0.006274579552128835,0.006274579552128835,0.006274579552128835,0.006274579552128835,0.006274579552128835,0.006274579552128835
0.010057280453723347,0.010057280453723347,0.010057280453723347,0.010057280453723347,0.010057280453723347,0.010057280453723347,0.010057280453723347,0.010057280453723347,0.010057280453723347,0.010057280453723347,0.010057280453723347,0.010057280453723347,0.010057280453723347,0.010057280453723347
0.014291892486614038,0.014291892486614038,0.014291892486614038,0.014291892486614038,0.014291892486614038,0.014291892486614038,0.014291892486614038,0.014291892486614038,0.014291892486614038,0.014291892486614038,0.014291892486614038,0.014291892486614038,0.014291892486614038,0.014291892486614038
0.017724906053425298,0.017724906053425298,0.017724906053425298,0.017724906053425298,0.017724906053425298,0.017724906053425298,0.017724906053425298,0.017724906053425298,0.017724906053425298,0.017724906053425298,0.017724906053425298,0.017724906053425298,0.017724906053425298,0.017724906053425298
0.021152944296825887,0.021152944296825887,0.021152944296825887,0.021152944296825887,0.021152944296825887,0.021152944296825887,0.021152944296825887,0.021152944296825887,0.021152944296825887,0.021152944296825887,0.021152944296825887,0.021152944296825887,0.021152944296825887,0.021152944296825887
0.024486944828078772,0.024486944828078772,0.024486944828078772,0.024486944828078772,0.024486944828078772,0.024486944828078772,0.024486944828078772,0.024486944828078772,0.024486944828078772,0.024486944828078772,0.024486944828078772,0.024486944828078772,0.024486944828078772,0.024486944828078772
0.02674818871878904,0.02674818871878904,0.02674818871878904,0.02674818871878904,0.02674818871878904,0.02674818871878904,0.02674818871878904,0.02674818871878904,0.02674818871878904,0.02674818871878904,0.02674818871878904,0.02674818871878904,0.02674818871878904,0.02674818871878904
0.02807076880044958,0.02807076880044958,0.02807076880044958,0.02807076880044958,0.02807076880044958,0.02807076880044958,0.02807076880044958,0.02807076880044958,0.02807076880044958,0.02807076880044958,0.02807076880044958,0.02807076880044958,0.02807076880044958,0.02807076880044958
0.028891905608698372,0.028891905608698372,0.028891905608698372,0.028891905608698372,0.028891905608698372,0.028891905608698372,0.028891905608698372,0.028891905608698372,0.028891905608698372,0.028891905608698372,0.028891905608698372,0.028891905608698372,0.028891905608698372,0.028891905608698372
0.02811416422502816,0.02811416422502816,0.02811416422502816,0.02811416422502816,0.02811416422502816,0.02811416422502816,0.02811416422502816,0.02811416422502816,0.02811416422502816,0.02811416422502816,0.02811416422502816,0.02811416422502816,0.02811416422502816,0.02811416422502816
0.02775742591314048,0.02775742591314048,0.02775742591314048,0.02775742591314048,0.02775742591314048,0.02775742591314048,0.02775742591314048,0.02775742591314048,0.02775742591314048,0.02775742591314048,0.02775742591314048,0.02775742591314048,0.02775742591314048,0.02775742591314048
0.026995010274086604,0.026995010274086604,0.026995010274086604,0.026995010274086604,0.026995010274086604,0.026995010274086604,0.026995010274086604,0.026995010274086604,0.026995010274086604,0.026995010274086604,0.026995010274086604,0.026995010274086604,0.026995010274086604,0.026995010274086604
0.025705563530237067,0.025705563530237067,0.025705563530237067,0.025705563530237067,0.025705563530237067,0.025705563530237067,0.025705563530237067,0.025705563530237067,0.025705563530237067,0.025705563530237067,0.025705563530237067,0.025705563530237067,0.025705563530237067,0.025705563530237067
0.022574372134712552,0.022574372134712552,0.022574372134712552,0.022574372134712552,0.022574372134712552,0.022574372134712552,0.022574372134712552,0.022574372134712552,0.022574372134712552,0.022574372134712552,0.022574372134712552,0.022574372134712552,0.022574372134712552,0.022574372134712552
0.019688004330675857,0.019688004330675857,0.019688004330675857,0.019688004330675857,0.019688004330675857,0.019688004330675857,0.019688004330675857,0.019688004330675857,0.019688004330675857,0.019688004330675857,0.019688004330675857,0.019688004330675857,0.019688004330675857,0.019688004330675857
0.01659533812507396,0.01659533812507396,0.01659533812507396,0.01659533812507396,0.01659533812507396,0.01659533812507396,0.01659533812507396,0.01659533812507396,0.01659533812507396,0.01659533812507396,0.01659533812507396,0.01659533812507396,0.01659533812507396,0.01659533812507396
0.012846583985272674,0.012846583985272674,0.012846583985272674,0.012846583985272674,0.012846583985272674,0.012846583985272674,0.012846583985272674,0.012846583985272674,0.012846583985272674,0.012846583985272674,0.012846583985272674,0.012846583985272674,0.012846583985272674,0.012846583985272674
0.008373225116755253,0.008373225116755253,0.008373225116755253,0.008373225116755253,0.008373225116755253,0.008373225116755253,0.008373225116755253,0.008373225116755253,0.008373225116755253,0.008373225116755253,0.008373225116755253,0.008373225116755253,0.008373225116755253,0.008373225116755253
0.004091601602420815,0.004091601602420815,0.004091601602420815,0.004091601602420815,0.004091601602420815,0.004091601602420815,0.004091601602420815,0.004091601602420815,0.004091601602420815,0.004091601602420815,0.004091601602420815,0.004091601602420815,0.004091601602420815,0.004091601602420815
0.000381528589282339,0.000381528589282339,0.000381528589282339,0.000381528589282339,0.000381528589282339,0.000381528589282339,0.000381528589282339,0.000381528589282339,0.000381528589282339,0.000381528589282339,0.000381528589282339,0.000381528589282339,0.000381528589282339,0.000381528589282339
-0.003548651955123195,-0.003548651955123195,-0.003548651955123195,-0.003548651955123195,-0.003548651955123195,-0.003548651955123195,-0.003548651955123195,-0.003548651955123195,-0.003548651955123195,-0.003548651955123195,-0.003548651955123195,-0.003548651955123195,-0.003548651955123195,-0.003548651955123195
-0.006416049199916627,-0.006416049199916627,-0.006416049199916627,-0.006416049199916627,-0.006416049199916627,-0.006416049199916627,-0.006416049199916627,-0.006416049199916627,-0.006416049199916627,-0.006416049199916627,-0.006416049199916627,-0.006416049199916627,-0.006416049199916627,-0.006416049199916627
-0.00968469446521515,-0.00968469446521515,-0.00968469446521515,-0.00968469446521515,-0.00968469446521515,-0.00968469446521515,-0.00968469446521515,-0.00968469446521515,-0.00968469446521515,-0.00968469446521515,-0.00968469446521515,-0.00968469446521515,-0.00968469446521515,-0.00968469446521515
-0.013440746174214764,-0.013440746174214764,-0.013440746174214764,-0.013440746174214764,-0.013440746174214764,-0.013440746174214764,-0.013440746174214764,-0.013440746174214764,-0.013440746174214764,-0.013440746174214764,-0.013440746174214764,-0.013440746174214764,-0.013440746174214764,-0.013440746174214764
-0.01695647295888327,-0.01695647295888327,-0.01695647295888327,-0.01695647295888327,-0.01695647295888327,-0.01695647295888327,-0.01695647295888327,-0.01695647295888327,-0.01695647295888327,-0.01695647295888327,-0.01695647295888327,-0.01695647295888327,-0.01695647295888327,-0.01695647295888327
-0.01986722736723903,-0.01986722736723903,-0.01986722736723903,-0.01986722736723903,-0.01986722736723903,-0.01986722736723903,-0.01986722736723903,-0.01986722736723903,-0.01986722736723903,-0.01986722736723903,-0.01986722736723903,-0.01986722736723903,-0.01986722736723903,-0.01986722736723903
-0.02414686942867551,-0.02414686942867551,-0.02414686942867551,-0.02414686942867551,-0.02414686942867551,-0.02414686942867551,-0.02414686942867551,-0.02414686942867551,-0.02414686942867551,-0.02414686942867551,-0.02414686942867551,-0.02414686942867551,-0.02414686942867551,-0.02414686942867551
-0.02653435486413736,-0.02653435486413736,-0.02653435486413736,-0.02653435486413736,-0.02653435486413736,-0.02653435486413736,-0.02653435486413736,-0.02653435486413736,-0.02653435486413736,-0.02653435486413736,-0.02653435486413736,-0.02653435486413736,-0.02653435486413736,-0.02653435486413736
-0.029982724860221653,-0.029982724860221653,-0.029982724860221653,-0.029982724860221653,-0.029982724860221653,-0.029982724860221653,-0.029982724860221653,-0.029982724860221653,-0.029982724860221653,-0.029982724860221653,-0.029982724860221653,-0.029982724860221653,-0.029982724860221653,-0.029982724860221653
-0.03285985018180253,-0.03285985018180253,-0.03285985018180253,-0.03285985018180253,-0.03285985018180253,-0.03285985018180253,-0.03285985018180253,-0.03285985018180253,-0.03285985018180253,-0.03285985018180253,-0.03285985018180253,-0.03285985018180253,-0.03285985018180253,-0.03285985018180253
-0.03466908831956283,-0.03466908831956283,-0.03466908831956283,-0.03466908831956283,-0.03466908831956283,-0.03466908831956283,-0.03466908831956283,-0.03466908831956283,-0.03466908831956283,-0.03466908831956283,-0.03466908831956283,-0.03466908831956283,-0.03466908831956283,-0.03466908831956283
-0.03471012871180203,-0.03471012871180203,-0.03471012871180203,-0.03471012871180203,-0.03471012871180203,-0.03471012871180203,-0.03471012871180203,-0.03471012871180203,-0.03471012871180203,-0.03471012871180203,-0.03471012871180203,-0.03471012871180203,-0.03471012871180203,-0.03471012871180203
-0.03586189492704696,-0.03586189492704696,-0.03586189492704696,-0.03586189492704696,-0.03586189492704696,-0.03586189492704696,-0.03586189492704696,-0.03586189492704696,-0.03586189492704696,-0.03586189492704696,-0.03586189492704696,-0.03586189492704696,-0.03586189492704696,-0.03586189492704696
-0.037923967211061727,-0.037923967211061727,-0.037923967211061727,-0.037923967211061727,-0.037923967211061727,-0.037923967211061727,-0.037923967211061727,-0.037923967211061727,-0.037923967211061727,-0.037923967211061727,-0.037923967211061727,-0.037923967211061727,-0.037923967211061727,-0.037923967211061727
-0.03980715066105585,-0.03980715066105585,-0.03980715066105585,-0.03980715066105585,-0.03980715066105585,-0.03980715066105585,-0.03980715066105585,-0.03980715066105585,-0.03980715066105585,-0.03980715066105585,-0.03980715066105585,-0.03980715066105585,-0.03980715066105585,-0.03980715066105585
-0.04234822904361076,-0.04234822904361076,-0.04234822904361076,-0.04234822904361076,-0.04234822904361076,-0.04234822904361076,-0.04234822904361076,-0.04234822904361076,-0.04234822904361076,-0.04234822904361076,-0.04234822904361076,-0.04234822904361076,-0.04234822904361076,-0.04234822904361076
-0.04537247558052923,-0.04537247558052923,-0.04537247558052923,-0.04537247558052923,-0.04537247558052923,-0.04537247558052923,-0.04537247558052923,-0.04537247558052923,-0.04537247558052923,-0.04537247558052923,-0.04537247558052923,-0.04537247558052923,-0.04537247558052923,-0.04537247558052923
-0.04813340122951711,-0.04813340122951711,-0.04813340122951711,-0.04813340122951711,-0.04813340122951711,-0.04813340122951711,-0.04813340122951711,-0.04813340122951711,-0.04813340122951711,-0.04813340122951711,-0.04813340122951711,-0.04813340122951711,-0.04813340122951711,-0.04813340122951711
-0.051297117958742464,-0.051297117958742464,-0.051297117958742464,-0.051297117958742464,-0.051297117958742464,-0.051297117958742464,-0.051297117958742464,-0.051297117958742464,-0.051297117958742464,-0.051297117958742464,-0.051297117958742464,-0.051297117958742464,-0.051297117958742464,-0.051297117958742464
-0.054668799156196345,-0.054668799156196345,-0.054668799156196345,-0.054668799156196345,-0.054668799156196345,-0.054668799156196345,-0.054668799156196345,-0.054668799156196345,-0.054668799156196345,-0.054668799156196345,-0.054668799156196345,-0.054668799156196345,-0.054668799156196345,-0.054668799156196345
-0.055900348446417676,-0.055900348446417676,-0.055900348446417676,-0.055900348446417676,-0.055900348446417676,-0.055900348446417676,-0.055900348446417676,-0.055900348446417676,-0.055900348446417676,-0.055900348446417676,-0.055900348446417676,-0.055900348446417676,-0.055900348446417676,-0.055900348446417676
-0.05917765376602127,-0.05917765376602127,-0.05917765376602127,-0.05917765376602127,-0.05917765376602127,-0.05917765376602127,-0.05917765376602127,-0.05917765376602127,-0.05917765376602127,-0.05917765376602127,-0.05917765376602127,-0.05917765376602127,-0.05917765376602127,-0.05917765376602127
-0.060963177760813184,-0.060963177760813184,-0.060963177760813184,-0.060963177760813184,-0.060963177760813184,-0.060963177760813184,-0.060963177760813184,-0.060963177760813184,-0.060963177760813184,-0.060963177760813184,-0.060963177760813184,-0.060963177760813184,-0.060963177760813184,-0.060963177760813184
-0.06321876489666939,-0.06321876489666939,-0.06321876489666939,-0.06321876489666939,-0.06321876489666939,-0.06321876489666939,-0.06321876489666939,-0.06321876489666939,-0.06321876489666939,-0.06321876489666939,-0.06321876489666939,-0.06321876489666939,-0.06321876489666939,-0.06321876489666939
-0.0647524131088498,-0.0647524131088498,-0.0647524131088498,-0.0647524131088498,-0.0647524131088498,-0.0647524131088498,-0.0647524131088498,-0.0647524131088498,-0.0647524131088498,-0.0647524131088498,-0.0647524131088498,-0.0647524131088498,-0.0647524131088498,-0.0647524131088498
-0.06551152174456856,-0.06551152174456856,-0.06551152174456856,-0.06551152174456856,-0.06551152174456856,-0.06551152174456856,-0.06551152174456856,-0.06551152174456856,-0.06551152174456856,-0.06551152174456856,-0.06551152174456856,-0.06551152174456856,-0.06551152174456856,-0.06551152174456856
-0.06603036078856925,-0.06603036078856925,-0.06603036078856925,-0.06603036078856925,-0.06603036078856925,-0.06603036078856925,-0.06603036078856925,-0.06603036078856925,-0.06603036078856925,-0.06603036078856925,-0.06603036078856925,-0.06603036078856925,-0.06603036078856925,-0.06603036078856925
-0.0673531438878391,-0.0673531438878391,-0.0673531438878391,-0.0673531438878391,-0.0673531438878391,-0.0673531438878391,-0.0673531438878391,-0.0673531438878391,-0.0673531438878391,-0.0673531438878391,-0.0673531438878391,-0.0673531438878391,-0.0673531438878391,-0.0673531438878391
-0.06809010760939187,-0.06809010760939187,-0.06809010760939187,-0.06809010760939187,-0.06809010760939187,-0.06809010760939187,-0.06809010760939187,-0.06809010760939187,-0.06809010760939187,-0.06809010760939187,-0.06809010760939187,-0.06809010760939187,-0.06809010760939187,-0.06809010760939187
-0.06861956798831252,-0.06861956798831252,-0.06861956798831252,-0.06861956798831252,-0.06861956798831252,-0.06861956798831252,-0.06861956798831252,-0.06861956798831252,-0.06861956798831252,-0.06861956798831252,-0.06861956798831252,-0.06861956798831252,-0.06861956798831252,-0.06861956798831252
-0.06919692611769332,-0.06919692611769332,-0.06919692611769332,-0.06919692611769332,-0.06919692611769332,-0.06919692611769332,-0.06919692611769332,-0.06919692611769332,-0.06919692611769332,-0.06919692611769332,-0.06919692611769332,-0.06919692611769332,-0.06919692611769332,-0.06919692611769332
-0.07141192108222019,-0.07141192108222019,-0.07141192108222019,-0.07141192108222019,-0.07141192108222019,-0.07141192108222019,-0.07141192108222019,-0.07141192108222019,-0.07141192108222019,-0.07141192108222019,-0.07141192108222019,-0.07141192108222019,-0.07141192108222019,-0.07141192108222019
-0.07381903717551025,-0.07381903717551025,-0.07381903717551025,-0.07381903717551025,-0.07381903717551025,-0.07381903717551025,-0.07381903717551025,-0.07381903717551025,-0.07381903717551025,-0.07381903717551025,-0.07381903717551025,-0.07381903717551025,-0.07381903717551025,-0.07381903717551025
-0.07743175690961981,-0.07743175690961981,-0.07743175690961981,-0.07743175690961981,-0.07743175690961981,-0.07743175690961981,-0.07743175690961981,-0.07743175690961981,-0.07743175690961981,-0.07743175690961981,-0.07743175690961981,-0.07743175690961981,-0.07743175690961981,-0.07743175690961981
-0.08005110212546312,-0.08005110212546312,-0.08005110212546312,-0.08005110212546312,-0.08005110212546312,-0.08005110212546312,-0.08005110212546312,-0.08005110212546312,-0.08005110212546312,-0.08005110212546312,-0.08005110212546312,-0.08005110212546312,-0.08005110212546312,-0.08005110212546312
-0.08126528401969588,-0.08126528401969588,-0.08126528401969588,-0.08126528401969588,-0.08126528401969588,-0.08126528401969588,-0.08126528401969588,-0.08126528401969588,-0.08126528401969588,-0.08126528401969588,-0.08126528401969588,-0.08126528401969588,-0.08126528401969588,-0.08126528401969588
-0.08352289569505472,-0.08352289569505472,-0.08352289569505472,-0.08352289569505472,-0.08352289569505472,-0.08352289569505472,-0.08352289569505472,-0.08352289569505472,-0.08352289569505472,-0.08352289569505472,-0.08352289569505472,-0.08352289569505472,-0.08352289569505472,-0.08352289569505472
-0.08606819723565982,-0.08606819723565982,-0.08606819723565982,-0.08606819723565982,-0.08606819723565982,-0.08606819723565982,-0.08606819723565982,-0.08606819723565982,-0.08606819723565982,-0.08606819723565982,-0.08606819723565982,-0.08606819723565982,-0.08606819723565982,-0.08606819723565982
-0.09033752932497842,-0.09033752932497842,-0.09033752932497842,-0.09033752932497842,-0.09033752932497842,-0.09033752932497842,-0.09033752932497842,-0.09033752932497842,-0.09033752932497842,-0.09033752932497842,-0.09033752932497842,-0.09033752932497842,-0.09033752932497842,-0.09033752932497842
-0.09493538404654646,-0.09493538404654646,-0.09493538404654646,-0.09493538404654646,-0.09493538404654646,-0.09493538404654646,-0.09493538404654646,-0.09493538404654646,-0.09493538404654646,-0.09493538404654646,-0.09493538404654646,-0.09493538404654646,-0.09493538404654646,-0.09493538404654646
-0.09866034625052292,-0.09866034625052292,-0.09866034625052292,-0.09866034625052292,-0.09866034625052292,-0.09866034625052292,-0.09866034625052292,-0.09866034625052292,-0.09866034625052292,-0.09866034625052292,-0.09866034625052292,-0.09866034625052292,-0.09866034625052292,-0.09866034625052292
-0.10290955880080675,-0.10290955880080675,-0.10290955880080675,-0.10290955880080675,-0.10290955880080675,-0.10290955880080675,-0.10290955880080675,-0.10290955880080675,-0.10290955880080675,-0.10290955880080675,-0.10290955880080675,-0.10290955880080675,-0.10290955880080675,-0.10290955880080675
-0.10693888269928273,-0.10693888269928273,-0.10693888269928273,-0.10693888269928273,-0.10693888269928273,-0.10693888269928273,-0.10693888269928273,-0.10693888269928273,-0.10693888269928273,-0.10693888269928273,-0.10693888269928273,-0.10693888269928273,-0.10693888269928273,-0.10693888269928273
-0.1097101033957964,-0.1097101033957964,-0.1097101033957964,-0.1097101033957964,-0.1097101033957964,-0.1097101033957964,-0.1097101033957964,-0.1097101033957964,-0.1097101033957964,-0.1097101033957964,-0.1097101033957964,-0.1097101033957964,-0.1097101033957964,-0.1097101033957964
-0.11251260085547635,-0.11251260085547635,-0.11251260085547635,-0.11251260085547635,-0.11251260085547635,-0.11251260085547635,-0.11251260085547635,-0.11251260085547635,-0.11251260085547635,-0.11251260085547635,-0.11251260085547635,-0.11251260085547635,-0.11251260085547635,-0.11251260085547635
-0.115155907937654,-0.115155907937654,-0.115155907937654,-0.115155907937654,-0.115155907937654,-0.115155907937654,-0.115155907937654,-0.115155907937654,-0.115155907937654,-0.115155907937654,-0.115155907937654,-0.115155907937654,-0.115155907937654,-0.115155907937654
-0.11775169183933536,-0.11775169183933536,-0.11775169183933536,-0.11775169183933536,-0.11775169183933536,-0.11775169183933536,-0.11775169183933536,-0.11775169183933536,-0.11775169183933536,-0.11775169183933536,-0.11775169183933536,-0.11775169183933536,-0.11775169183933536,-0.11775169183933536
-0.12016399360484972,-0.12016399360484972,-0.12016399360484972,-0.12016399360484972,-0.12016399360484972,-0.12016399360484972,-0.12016399360484972,-0.12016399360484972,-0.12016399360484972,-0.12016399360484972,-0.12016399360484972,-0.12016399360484972,-0.12016399360484972,-0.12016399360484972
-0.12174965815697904,-0.12174965815697904,-0.12174965815697904,-0.12174965815697904,-0.12174965815697904,-0.12174965815697904,-0.12174965815697904,-0.12174965815697904,-0.12174965815697904,-0.12174965815697904,-0.12174965815697904,-0.12174965815697904,-0.12174965815697904,-0.12174965815697904
-0.12327078923105653,-0.12327078923105653,-0.12327078923105653,-0.12327078923105653,-0.12327078923105653,-0.12327078923105653,-0.12327078923105653,-0.12327078923105653,-0.12327078923105653,-0.12327078923105653,-0.12327078923105653,-0.12327078923105653,-0.12327078923105653,-0.12327078923105653
-0.12401761140871427,-0.12401761140871427,-0.12401761140871427,-0.12401761140871427,-0.12401761140871427,-0.12401761140871427,-0.12401761140871427,-0.12401761140871427,-0.12401761140871427,-0.12401761140871427,-0.12401761140871427,-0.12401761140871427,-0.12401761140871427,-0.12401761140871427
-0.12430279592752744,-0.12430279592752744,-0.12430279592752744,-0.12430279592752744,-0.12430279592752744,-0.12430279592752744,-0.12430279592752744,-0.12430279592752744,-0.12430279592752744,-0.12430279592752744,-0.12430279592752744,-0.12430279592752744,-0.12430279592752744,-0.12430279592752744
-0.12410518202520894,-0.12410518202520894,-0.12410518202520894,-0.12410518202520894,-0.12410518202520894,-0.12410518202520894,-0.12410518202520894,-0.12410518202520894,-0.12410518202520894,-0.12410518202520894,-0.12410518202520894,-0.12410518202520894,-0.12410518202520894,-0.12410518202520894
-0.12427778552682422,-0.12427778552682422,-0.12427778552682422,-0.12427778552682422,-0.12427778552682422,-0.12427778552682422,-0.12427778552682422,-0.12427778552682422,-0.12427778552682422,-0.12427778552682422,-0.12427778552682422,-0.12427778552682422,-0.12427778552682422,-0.12427778552682422
-0.12479425365725946,-0.12479425365725946,-0.12479425365725946,-0.12479425365725946,-0.12479425365725946,-0.12479425365725946,-0.12479425365725946,-0.12479425365725946,-0.12479425365725946,-0.12479425365725946,-0.12479425365725946,-0.12479425365725946,-0.12479425365725946,-0.12479425365725946
-0.12513044925782685,-0.12513044925782685,-0.12513044925782685,-0.12513044925782685,-0.12513044925782685,-0.12513044925782685,-0.12513044925782685,-0.12513044925782685,-0.12513044925782685,-0.12513044925782685,-0.12513044925782685,-0.12513044925782685,-0.12513044925782685,-0.12513044925782685
-0.12591473768483435,-0.12591473768483435,-0.12591473768483435,-0.12591473768483435,-0.12591473768483435,-0.12591473768483435,-0.12591473768483435,-0.12591473768483435,-0.12591473768483435,-0.12591473768483435,-0.12591473768483435,-0.12591473768483435,-0.12591473768483435,-0.12591473768483435
-0.12664729592617577,-0.12664729592617577,-0.12664729592617577,-0.12664729592617577,-0.12664729592617577,-0.12664729592617577,-0.12664729592617577,-0.12664729592617577,-0.12664729592617577,-0.12664729592617577,-0.12664729592617577,-0.12664729592617577,-0.12664729592617577,-0.12664729592617577
-0.12849267433796102,-0.12849267433796102,-0.12849267433796102,-0.12849267433796102,-0.12849267433796102,-0.12849267433796102,-0.12849267433796102,-0.12849267433796102,-0.12849267433796102,-0.12849267433796102,-0.12849267433796102,-0.12849267433796102,-0.12849267433796102,-0.12849267433796102
-0.1304132578293197,-0.1304132578293197,-0.1304132578293197,-0.1304132578293197,-0.1304132578293197,-0.1304132578293197,-0.1304132578293197,-0.1304132578293197,-0.1304132578293197,-0.1304132578293197,-0.1304132578293197,-0.1304132578293197,-0.1304132578293197,-0.1304132578293197
-0.13149597698001805,-0.13149597698001805,-0.13149597698001805,-0.13149597698001805,-0.13149597698001805,-0.13149597698001805,-0.13149597698001805,-0.13149597698001805,-0.13149597698001805,-0.13149597698001805,-0.13149597698001805,-0.13149597698001805,-0.13149597698001805,-0.13149597698001805
-0.13287534686000027,-0.13287534686000027,-0.13287534686000027,-0.13287534686000027,-0.13287534686000027,-0.13287534686000027,-0.13287534686000027,-0.13287534686000027,-0.13287534686000027,-0.13287534686000027,-0.13287534686000027,-0.13287534686000027,-0.13287534686000027,-0.13287534686000027
-0.13423649724157263,-0.13423649724157263,-0.13423649724157263,-0.13423649724157263,-0.13423649724157263,-0.13423649724157263,-0.13423649724157263,-0.13423649724157263,-0.13423649724157263,-0.13423649724157263,-0.13423649724157263,-0.13423649724157263,-0.13423649724157263,-0.13423649724157263
-0.13642164739135654,-0.13642164739135654,-0.13642164739135654,-0.13642164739135654,-0.13642164739135654,-0.13642164739135654,-0.13642164739135654,-0.13642164739135654,-0.13642164739135654,-0.13642164739135654,-0.13642164739135654,-0.13642164739135654,-0.13642164739135654,-0.13642164739135654
-0.13822897480254315,-0.13822897480254315,-0.13822897480254315,-0.13822897480254315,-0.13822897480254315,-0.13822897480254315,-0.13822897480254315,-0.13822897480254315,-0.13822897480254315,-0.13822897480254315,-0.13822897480254315,-0.13822897480254315,-0.13822897480254315,-0.13822897480254315
-0.1407287426988936,-0.1407287426988936,-0.1407287426988936,-0.1407287426988936,-0.1407287426988936,-0.1407287426988936,-0.1407287426988936,-0.1407287426988936,-0.1407287426988936,-0.1407287426988936,-0.1407287426988936,-0.1407287426988936,-0.1407287426988936,-0.1407287426988936
-0.14293315489986014,-0.14293315489986014,-0.14293315489986014,-0.14293315489986014,-0.14293315489986014,-0.14293315489986014,-0.14293315489986014,-0.14293315489986014,-0.14293315489986014,-0.14293315489986014,-0.14293315489986014,-0.14293315489986014,-0.14293315489986014,-0.14293315489986014
-0.14445597307173325,-0.14445597307173325,-0.14445597307173325,-0.14445597307173325,-0.14445597307173325,-0.14445597307173325,-0.14445597307173325,-0.14445597307173325,-0.14445597307173325,-0.14445597307173325,-0.14445597307173325,-0.14445597307173325,-0.14445597307173325,-0.14445597307173325
-0.1458649456755172,-0.1458649456755172,-0.1458649456755172,-0.1458649456755172,-0.1458649456755172,-0.1458649456755172,-0.1458649456755172,-0.1458649456755172,-0.1458649456755172,-0.1458649456755172,-0.1458649456755172,-0.1458649456755172,-0.1458649456755172,-0.1458649456755172
-0.146146998755997,-0.146146998755997,-0.146146998755997,-0.146146998755997,-0.146146998755997,-0.146146998755997,-0.146146998755997,-0.146146998755997,-0.146146998755997,-0.146146998755997,-0.146146998755997,-0.146146998755997,-0.146146998755997,-0.146146998755997
-0.1478964176732791,-0.1478964176732791,-0.1478964176732791,-0.1478964176732791,-0.1478964176732791,-0.1478964176732791,-0.1478964176732791,-0.1478964176732791,-0.1478964176732791,-0.1478964176732791,-0.1478964176732791,-0.1478964176732791,-0.1478964176732791,-0.1478964176732791
-0.14903677433378207,-0.14903677433378207,-0.14903677433378207,-0.14903677433378207,-0.14903677433378207,-0.14903677433378207,-0.14903677433378207,-0.14903677433378207,-0.14903677433378207,-0.14903677433378207,-0.14903677433378207,-0.14903677433378207,-0.14903677433378207,-0.14903677433378207
-0.1495808536944838,-0.1495808536944838,-0.1495808536944838,-0.1495808536944838,-0.1495808536944838,-0.1495808536944838,-0.1495808536944838,-0.1495808536944838,-0.1495808536944838,-0.1495808536944838,-0.1495808536944838,-0.1495808536944838,-0.1495808536944838,-0.1495808536944838
-0.14851063974349102,-0.14851063974349102,-0.14851063974349102,-0.14851063974349102,-0.14851063974349102,-0.14851063974349102,-0.14851063974349102,-0.14851063974349102,-0.14851063974349102,-0.14851063974349102,-0.14851063974349102,-0.14851063974349102,-0.14851063974349102,-0.14851063974349102
-0.14751956426515386,-0.14751956426515386,-0.14751956426515386,-0.14751956426515386,-0.14751956426515386,-0.14751956426515386,-0.14751956426515386,-0.14751956426515386,-0.14751956426515386,-0.14751956426515386,-0.14751956426515386,-0.14751956426515386,-0.14751956426515386,-0.14751956426515386
-0.1460579666820689,-0.1460579666820689,-0.1460579666820689,-0.1460579666820689,-0.1460579666820689,-0.1460579666820689,-0.1460579666820689,-0.1460579666820689,-0.1460579666820689,-0.1460579666820689,-0.1460579666820689,-0.1460579666820689,-0.1460579666820689,-0.1460579666820689
-0.14489497378249244,-0.14489497378249244,-0.14489497378249244,-0.14489497378249244,-0.14489497378249244,-0.14489497378249244,-0.14489497378249244,-0.14489497378249244,-0.14489497378249244,-0.14489497378249244,-0.14489497378249244,-0.14489497378249244,-0.14489497378249244,-0.14489497378249244
-0.14409028707749305,-0.14409028707749305,-0.14409028707749305,-0.14409028707749305,-0.14409028707749305,-0.14409028707749305,-0.14409028707749305,-0.14409028707749305,-0.14409028707749305,-0.14409028707749305,-0.14409028707749305,-0.14409028707749305,-0.14409028707749305,-0.14409028707749305
-0.14235235325739637,-0.14235235325739637,-0.14235235325739637,-0.14235235325739637,-0.14235235325739637,-0.14235235325739637,-0.14235235325739637,-0.14235235325739637,-0.14235235325739637,-0.14235235325739637,-0.14235235325739637,-0.14235235325739637,-0.14235235325739637,-0.14235235325739637
-0.140826231879126,-0.140826231879126,-0.140826231879126,-0.140826231879126,-0.140826231879126,-0.140826231879126,-0.140826231879126,-0.140826231879126,-0.140826231879126,-0.140826231879126,-0.140826231879126,-0.140826231879126,-0.140826231879126,-0.140826231879126
-0.1400175387770646,-0.1400175387770646,-0.1400175387770646,-0.1400175387770646,-0.1400175387770646,-0.1400175387770646,-0.1400175387770646,-0.1400175387770646,-0.1400175387770646,-0.1400175387770646,-0.1400175387770646,-0.1400175387770646,-0.1400175387770646,-0.1400175387770646
-0.13920059578910343,-0.13920059578910343,-0.13920059578910343,-0.13920059578910343,-0.13920059578910343,-0.13920059578910343,-0.13920059578910343,-0.13920059578910343,-0.13920059578910343,-0.13920059578910343,-0.13920059578910343,-0.13920059578910343,-0.13920059578910343,-0.13920059578910343
-0.1376714725174382,-0.1376714725174382,-0.1376714725174382,-0.1376714725174382,-0.1376714725174382,-0.1376714725174382,-0.1376714725174382,-0.1376714725174382,-0.1376714725174382,-0.1376714725174382,-0.1376714725174382,-0.1376714725174382,-0.1376714725174382,-0.1376714725174382
-0.13616393681029942,-0.13616393681029942,-0.13616393681029942,-0.13616393681029942,-0.13616393681029942,-0.13616393681029942,-0.13616393681029942,-0.13616393681029942,-0.13616393681029942,-0.13616393681029942,-0.13616393681029942,-0.13616393681029942,-0.13616393681029942,-0.13616393681029942
-0.13435705308612383,-0.13435705308612383,-0.13435705308612383,-0.13435705308612383,-0.13435705308612383,-0.13435705308612383,-0.13435705308612383,-0.13435705308612383,-0.13435705308612383,-0.13435705308612383,-0.13435705308612383,-0.13435705308612383,-0.13435705308612383,-0.13435705308612383
-0.13353505598241,-0.13353505598241,-0.13353505598241,-0.13353505598241,-0.13353505598241,-0.13353505598241,-0.13353505598241,-0.13353505598241,-0.13353505598241,-0.13353505598241,-0.13353505598241,-0.13353505598241,-0.13353505598241,-0.13353505598241
-0.13175033639577213,-0.13175033639577213,-0.13175033639577213,-0.13175033639577213,-0.13175033639577213,-0.13175033639577213,-0.13175033639577213,-0.13175033639577213,-0.13175033639577213,-0.13175033639577213,-0.13175033639577213,-0.13175033639577213,-0.13175033639577213,-0.13175033639577213
-0.12985586991974316,-0.12985586991974316,-0.12985586991974316,-0.12985586991974316,-0.12985586991974316,-0.12985586991974316,-0.12985586991974316,-0.12985586991974316,-0.12985586991974316,-0.12985586991974316,-0.12985586991974316,-0.12985586991974316,-0.12985586991974316,-0.12985586991974316
-0.12847537460103498,-0.12847537460103498,-0.12847537460103498,-0.12847537460103498,-0.12847537460103498,-0.12847537460103498,-0.12847537460103498,-0.12847537460103498,-0.12847537460103498,-0.12847537460103498,-0.12847537460103498,-0.12847537460103498,-0.12847537460103498,-0.12847537460103498
-0.12806185416160598,-0.12806185416160598,-0.12806185416160598,-0.12806185416160598,-0.12806185416160598,-0.12806185416160598,-0.12806185416160598,-0.12806185416160598,-0.12806185416160598,-0.12806185416160598,-0.12806185416160598,-0.12806185416160598,-0.12806185416160598,-0.12806185416160598
-0.12821386440436394,-0.12821386440436394,-0.12821386440436394,-0.12821386440436394,-0.12821386440436394,-0.12821386440436394,-0.12821386440436394,-0.12821386440436394,-0.12821386440436394,-0.12821386440436394,-0.12821386440436394,-0.12821386440436394,-0.12821386440436394,-0.12821386440436394
-0.12665951589516314,-0.12665951589516314,-0.12665951589516314,-0.12665951589516314,-0.12665951589516314,-0.12665951589516314,-0.12665951589516314,-0.12665951589516314,-0.12665951589516314,-0.12665951589516314,-0.12665951589516314,-0.12665951589516314,-0.12665951589516314,-0.12665951589516314
-0.12420287499856192,-0.12420287499856192,-0.12420287499856192,-0.12420287499856192,-0.12420287499856192,-0.12420287499856192,-0.12420287499856192,-0.12420287499856192,-0.12420287499856192,-0.12420287499856192,-0.12420287499856192,-0.12420287499856192,-0.12420287499856192,-0.12420287499856192
-0.12157317342913801,-0.12157317342913801,-0.12157317342913801,-0.12157317342913801,-0.12157317342913801,-0.12157317342913801,-0.12157317342913801,-0.12157317342913801,-0.12157317342913801,-0.12157317342913801,-0.12157317342913801,-0.12157317342913801,-0.12157317342913801,-0.12157317342913801
-0.1187281125277328,-0.1187281125277328,-0.1187281125277328,-0.1187281125277328,-0.1187281125277328,-0.1187281125277328,-0.1187281125277328,-0.1187281125277328,-0.1187281125277328,-0.1187281125277328,-0.1187281125277328,-0.1187281125277328,-0.1187281125277328,-0.1187281125277328
-0.11588526339743108,-0.11588526339743108,-0.11588526339743108,-0.11588526339743108,-0.11588526339743108,-0.11588526339743108,-0.11588526339743108,-0.11588526339743108,-0.11588526339743108,-0.11588526339743108,-0.11588526339743108,-0.11588526339743108,-0.11588526339743108,-0.11588526339743108
-0.11235421096733457,-0.11235421096733457,-0.11235421096733457,-0.11235421096733457,-0.11235421096733457,-0.11235421096733457,-0.11235421096733457,-0.11235421096733457,-0.11235421096733457,-0.11235421096733457,-0.11235421096733457,-0.11235421096733457,-0.11235421096733457,-0.11235421096733457
-0.10901073095836587,-0.10901073095836587,-0.10901073095836587,-0.10901073095836587,-0.10901073095836587,-0.10901073095836587,-0.10901073095836587,-0.10901073095836587,-0.10901073095836587,-0.10901073095836587,-0.10901073095836587,-0.10901073095836587,-0.10901073095836587,-0.10901073095836587
-0.10632225255087185,-0.10632225255087185,-0.10632225255087185,-0.10632225255087185,-0.10632225255087185,-0.10632225255087185,-0.10632225255087185,-0.10632225255087185,-0.10632225255087185,-0.10632225255087185,-0.10632225255087185,-0.10632225255087185,-0.10632225255087185,-0.10632225255087185
-0.10290251975999848,-0.10290251975999848,-0.10290251975999848,-0.10290251975999848,-0.10290251975999848,-0.10290251975999848,-0.10290251975999848,-0.10290251975999848,-0.10290251975999848,-0.10290251975999848,-0.10290251975999848,-0.10290251975999848,-0.10290251975999848,-0.10290251975999848
-0.10069588873295691,-0.10069588873295691,-0.10069588873295691,-0.10069588873295691,-0.10069588873295691,-0.10069588873295691,-0.10069588873295691,-0.10069588873295691,-0.10069588873295691,-0.10069588873295691,-0.10069588873295691,-0.10069588873295691,-0.10069588873295691,-0.10069588873295691
-0.09768536846424856,-0.09768536846424856,-0.09768536846424856,-0.09768536846424856,-0.09768536846424856,-0.09768536846424856,-0.09768536846424856,-0.09768536846424856,-0.09768536846424856,-0.09768536846424856,-0.09768536846424856,-0.09768536846424856,-0.09768536846424856,-0.09768536846424856
-0.09560834594980794,-0.09560834594980794,-0.09560834594980794,-0.09560834594980794,-0.09560834594980794,-0.09560834594980794,-0.09560834594980794,-0.09560834594980794,-0.09560834594980794,-0.09560834594980794,-0.09560834594980794,-0.09560834594980794,-0.09560834594980794,-0.09560834594980794
-0.09282559541872136,-0.09282559541872136,-0.09282559541872136,-0.09282559541872136,-0.09282559541872136,-0.09282559541872136,-0.09282559541872136,-0.09282559541872136,-0.09282559541872136,-0.09282559541872136,-0.09282559541872136,-0.09282559541872136,-0.09282559541872136,-0.09282559541872136
-0.08893481126606542,-0.08893481126606542,-0.08893481126606542,-0.08893481126606542,-0.08893481126606542,-0.08893481126606542,-0.08893481126606542,-0.08893481126606542,-0.08893481126606542,-0.08893481126606542,-0.08893481126606542,-0.08893481126606542,-0.08893481126606542,-0.08893481126606542
-0.08512457483513138,-0.08512457483513138,-0.08512457483513138,-0.08512457483513138,-0.08512457483513138,-0.08512457483513138,-0.08512457483513138,-0.08512457483513138,-0.08512457483513138,-0.08512457483513138,-0.08512457483513138,-0.08512457483513138,-0.08512457483513138,-0.08512457483513138
-0.08245719863810982,-0.08245719863810982,-0.08245719863810982,-0.08245719863810982,-0.08245719863810982,-0.08245719863810982,-0.08245719863810982,-0.08245719863810982,-0.08245719863810982,-0.08245719863810982,-0.08245719863810982,-0.08245719863810982,-0.08245719863810982,-0.08245719863810982
-0.08004712287891783,-0.08004712287891783,-0.08004712287891783,-0.08004712287891783,-0.08004712287891783,-0.08004712287891783,-0.08004712287891783,-0.08004712287891783,-0.08004712287891783,-0.08004712287891783,-0.08004712287891783,-0.08004712287891783,-0.08004712287891783,-0.08004712287891783
-0.07862169320540251,-0.07862169320540251,-0.07862169320540251,-0.07862169320540251,-0.07862169320540251,-0.07862169320540251,-0.07862169320540251,-0.07862169320540251,-0.07862169320540251,-0.07862169320540251,-0.07862169320540251,-0.07862169320540251,-0.07862169320540251,-0.07862169320540251
-0.07657684097639988,-0.07657684097639988,-0.07657684097639988,-0.07657684097639988,-0.07657684097639988,-0.07657684097639988,-0.07657684097639988,-0.07657684097639988,-0.07657684097639988,-0.07657684097639988,-0.07657684097639988,-0.07657684097639988,-0.07657684097639988,-0.07657684097639988
-0.07497158923372405,-0.07497158923372405,-0.07497158923372405,-0.07497158923372405,-0.07497158923372405,-0.07497158923372405,-0.07497158923372405,-0.07497158923372405,-0.07497158923372405,-0.07497158923372405,-0.07497158923372405,-0.07497158923372405,-0.07497158923372405,-0.07497158923372405
-0.07391349921246163,-0.07391349921246163,-0.07391349921246163,-0.07391349921246163,-0.07391349921246163,-0.07391349921246163,-0.07391349921246163,-0.07391349921246163,-0.07391349921246163,-0.07391349921246163,-0.07391349921246163,-0.07391349921246163,-0.07391349921246163,-0.07391349921246163
-0.07272031088394644,-0.07272031088394644,-0.07272031088394644,-0.07272031088394644,-0.07272031088394644,-0.07272031088394644,-0.07272031088394644,-0.07272031088394644,-0.07272031088394644,-0.07272031088394644,-0.07272031088394644,-0.07272031088394644,-0.07272031088394644,-0.07272031088394644
-0.07182913081884204,-0.07182913081884204,-0.07182913081884204,-0.07182913081884204,-0.07182913081884204,-0.07182913081884204,-0.07182913081884204,-0.07182913081884204,-0.07182913081884204,-0.07182913081884204,-0.07182913081884204,-0.07182913081884204,-0.07182913081884204,-0.07182913081884204
-0.07115705888272728,-0.07115705888272728,-0.07115705888272728,-0.07115705888272728,-0.07115705888272728,-0.07115705888272728,-0.07115705888272728,-0.07115705888272728,-0.07115705888272728,-0.07115705888272728,-0.07115705888272728,-0.07115705888272728,-0.07115705888272728,-0.07115705888272728
-0.07086470214101154,-0.07086470214101154,-0.07086470214101154,-0.07086470214101154,-0.07086470214101154,-0.07086470214101154,-0.07086470214101154,-0.07086470214101154,-0.07086470214101154,-0.07086470214101154,-0.07086470214101154,-0.07086470214101154,-0.07086470214101154,-0.07086470214101154
-0.06963257146842927,-0.06963257146842927,-0.06963257146842927,-0.06963257146842927,-0.06963257146842927,-0.06963257146842927,-0.06963257146842927,-0.06963257146842927,-0.06963257146842927,-0.06963257146842927,-0.06963257146842927,-0.06963257146842927,-0.06963257146842927,-0.06963257146842927
-0.06685589883409829,-0.06685589883409829,-0.06685589883409829,-0.06685589883409829,-0.06685589883409829,-0.06685589883409829,-0.06685589883409829,-0.06685589883409829,-0.06685589883409829,-0.06685589883409829,-0.06685589883409829,-0.06685589883409829,-0.06685589883409829,-0.06685589883409829
-0.06256271802276718,-0.06256271802276718,-0.06256271802276718,-0.06256271802276718,-0.06256271802276718,-0.06256271802276718,-0.06256271802276718,-0.06256271802276718,-0.06256271802276718,-0.06256271802276718,-0.06256271802276718,-0.06256271802276718,-0.06256271802276718,-0.06256271802276718
-0.05977432057604004,-0.05977432057604004,-0.05977432057604004,-0.05977432057604004,-0.05977432057604004,-0.05977432057604004,-0.05977432057604004,-0.05977432057604004,-0.05977432057604004,-0.05977432057604004,-0.05977432057604004,-0.05977432057604004,-0.05977432057604004,-0.05977432057604004
-0.05858602345243154,-0.05858602345243154,-0.05858602345243154,-0.05858602345243154,-0.05858602345243154,-0.05858602345243154,-0.05858602345243154,-0.05858602345243154,-0.05858602345243154,-0.05858602345243154,-0.05858602345243154,-0.05858602345243154,-0.05858602345243154,-0.05858602345243154
-0.058231757349475693,-0.058231757349475693,-0.058231757349475693,-0.058231757349475693,-0.058231757349475693,-0.058231757349475693,-0.058231757349475693,-0.058231757349475693,-0.058231757349475693,-0.058231757349475693,-0.058231757349475693,-0.058231757349475693,-0.058231757349475693,-0.058231757349475693
-0.058889010424844034,-0.058889010424844034,-0.058889010424844034,-0.058889010424844034,-0.058889010424844034,-0.058889010424844034,-0.058889010424844034,-0.058889010424844034,-0.058889010424844034,-0.058889010424844034,-0.058889010424844034,-0.058889010424844034,-0.058889010424844034,-0.058889010424844034
-0.06048635898632062,-0.06048635898632062,-0.06048635898632062,-0.06048635898632062,-0.06048635898632062,-0.06048635898632062,-0.06048635898632062,-0.06048635898632062,-0.06048635898632062,-0.06048635898632062,-0.06048635898632062,-0.06048635898632062,-0.06048635898632062,-0.06048635898632062
-0.06233481321856555,-0.06233481321856555,-0.06233481321856555,-0.06233481321856555,-0.06233481321856555,-0.06233481321856555,-0.06233481321856555,-0.06233481321856555,-0.06233481321856555,-0.06233481321856555,-0.06233481321856555,-0.06233481321856555,-0.06233481321856555,-0.06233481321856555
-0.0648304573068041,-0.0648304573068041,-0.0648304573068041,-0.0648304573068041,-0.0648304573068041,-0.0648304573068041,-0.0648304573068041,-0.0648304573068041,-0.0648304573068041,-0.0648304573068041,-0.0648304573068041,-0.0648304573068041,-0.0648304573068041,-0.0648304573068041
-0.06611407104483669,-0.06611407104483669,-0.06611407104483669,-0.06611407104483669,-0.06611407104483669,-0.06611407104483669,-0.06611407104483669,-0.06611407104483669,-0.06611407104483669,-0.06611407104483669,-0.06611407104483669,-0.06611407104483669,-0.06611407104483669,-0.06611407104483669
-0.0677380111924476,-0.0677380111924476,-0.0677380111924476,-0.0677380111924476,-0.0677380111924476,-0.0677380111924476,-0.0677380111924476,-0.0677380111924476,-0.0677380111924476,-0.0677380111924476,-0.0677380111924476,-0.0677380111924476,-0.0677380111924476,-0.0677380111924476
-0.06955920060161144,-0.06955920060161144,-0.06955920060161144,-0.06955920060161144,-0.06955920060161144,-0.06955920060161144,-0.06955920060161144,-0.06955920060161144,-0.06955920060161144,-0.06955920060161144,-0.06955920060161144,-0.06955920060161144,-0.06955920060161144,-0.06955920060161144
-0.07044011325077969,-0.07044011325077969,-0.07044011325077969,-0.07044011325077969,-0.07044011325077969,-0.07044011325077969,-0.07044011325077969,-0.07044011325077969,-0.07044011325077969,-0.07044011325077969,-0.07044011325077969,-0.07044011325077969,-0.07044011325077969,-0.07044011325077969
-0.07092188457210725,-0.07092188457210725,-0.07092188457210725,-0.07092188457210725,-0.07092188457210725,-0.07092188457210725,-0.07092188457210725,-0.07092188457210725,-0.07092188457210725,-0.07092188457210725,-0.07092188457210725,-0.07092188457210725,-0.07092188457210725,-0.07092188457210725
-0.07183708755921786,-0.07183708755921786,-0.07183708755921786,-0.07183708755921786,-0.07183708755921786,-0.07183708755921786,-0.07183708755921786,-0.07183708755921786,-0.07183708755921786,-0.07183708755921786,-0.07183708755921786,-0.07183708755921786,-0.07183708755921786,-0.07183708755921786
-0.07338223625761302,-0.07338223625761302,-0.07338223625761302,-0.07338223625761302,-0.07338223625761302,-0.07338223625761302,-0.07338223625761302,-0.07338223625761302,-0.07338223625761302,-0.07338223625761302,-0.07338223625761302,-0.07338223625761302,-0.07338223625761302,-0.07338223625761302
-0.07445425353390653,-0.07445425353390653,-0.07445425353390653,-0.07445425353390653,-0.07445425353390653,-0.07445425353390653,-0.07445425353390653,-0.07445425353390653,-0.07445425353390653,-0.07445425353390653,-0.07445425353390653,-0.07445425353390653,-0.07445425353390653,-0.07445425353390653
-0.07640332477985266,-0.07640332477985266,-0.07640332477985266,-0.07640332477985266,-0.07640332477985266,-0.07640332477985266,-0.07640332477985266,-0.07640332477985266,-0.07640332477985266,-0.07640332477985266,-0.07640332477985266,-0.07640332477985266,-0.07640332477985266,-0.07640332477985266
-0.07648665405566395,-0.07648665405566395,-0.07648665405566395,-0.07648665405566395,-0.07648665405566395,-0.07648665405566395,-0.07648665405566395,-0.07648665405566395,-0.07648665405566395,-0.07648665405566395,-0.07648665405566395,-0.07648665405566395,-0.07648665405566395,-0.07648665405566395
-0.07552891225272601,-0.07552891225272601,-0.07552891225272601,-0.07552891225272601,-0.07552891225272601,-0.07552891225272601,-0.07552891225272601,-0.07552891225272601,-0.07552891225272601,-0.07552891225272601,-0.07552891225272601,-0.07552891225272601,-0.07552891225272601,-0.07552891225272601
-0.07389365451292713,-0.07389365451292713,-0.07389365451292713,-0.07389365451292713,-0.07389365451292713,-0.07389365451292713,-0.07389365451292713,-0.07389365451292713,-0.07389365451292713,-0.07389365451292713,-0.07389365451292713,-0.07389365451292713,-0.07389365451292713,-0.07389365451292713
-0.0728419235220641,-0.0728419235220641,-0.0728419235220641,-0.0728419235220641,-0.0728419235220641,-0.0728419235220641,-0.0728419235220641,-0.0728419235220641,-0.0728419235220641,-0.0728419235220641,-0.0728419235220641,-0.0728419235220641,-0.0728419235220641,-0.0728419235220641
-0.07224193230444664,-0.07224193230444664,-0.07224193230444664,-0.07224193230444664,-0.07224193230444664,-0.07224193230444664,-0.07224193230444664,-0.07224193230444664,-0.07224193230444664,-0.07224193230444664,-0.07224193230444664,-0.07224193230444664,-0.07224193230444664,-0.07224193230444664
-0.07107743722440918,-0.07107743722440918,-0.07107743722440918,-0.07107743722440918,-0.07107743722440918,-0.07107743722440918,-0.07107743722440918,-0.07107743722440918,-0.07107743722440918,-0.07107743722440918,-0.07107743722440918,-0.07107743722440918,-0.07107743722440918,-0.07107743722440918
-0.06876784960003572,-0.06876784960003572,-0.06876784960003572,-0.06876784960003572,-0.06876784960003572,-0.06876784960003572,-0.06876784960003572,-0.06876784960003572,-0.06876784960003572,-0.06876784960003572,-0.06876784960003572,-0.06876784960003572,-0.06876784960003572,-0.06876784960003572
-0.06556401881068491,-0.06556401881068491,-0.06556401881068491,-0.06556401881068491,-0.06556401881068491,-0.06556401881068491,-0.06556401881068491,-0.06556401881068491,-0.06556401881068491,-0.06556401881068491,-0.06556401881068491,-0.06556401881068491,-0.06556401881068491,-0.06556401881068491
-0.06272804147518475,-0.06272804147518475,-0.06272804147518475,-0.06272804147518475,-0.06272804147518475,-0.06272804147518475,-0.06272804147518475,-0.06272804147518475,-0.06272804147518475,-0.06272804147518475,-0.06272804147518475,-0.06272804147518475,-0.06272804147518475,-0.06272804147518475
-0.06038053717744873,-0.06038053717744873,-0.06038053717744873,-0.06038053717744873,-0.06038053717744873,-0.06038053717744873,-0.06038053717744873,-0.06038053717744873,-0.06038053717744873,-0.06038053717744873,-0.06038053717744873,-0.06038053717744873,-0.06038053717744873,-0.06038053717744873
-0.05781823425270188,-0.05781823425270188,-0.05781823425270188,-0.05781823425270188,-0.05781823425270188,-0.05781823425270188,-0.05781823425270188,-0.05781823425270188,-0.05781823425270188,-0.05781823425270188,-0.05781823425270188,-0.05781823425270188,-0.05781823425270188,-0.05781823425270188
-0.05677600663385686,-0.05677600663385686,-0.05677600663385686,-0.05677600663385686,-0.05677600663385686,-0.05677600663385686,-0.05677600663385686,-0.05677600663385686,-0.05677600663385686,-0.05677600663385686,-0.05677600663385686,-0.05677600663385686,-0.05677600663385686,-0.05677600663385686
-0.05681793103218335,-0.05681793103218335,-0.05681793103218335,-0.05681793103218335,-0.05681793103218335,-0.05681793103218335,-0.05681793103218335,-0.05681793103218335,-0.05681793103218335,-0.05681793103218335,-0.05681793103218335,-0.05681793103218335,-0.05681793103218335,-0.05681793103218335
-0.057417846709792206,-0.057417846709792206,-0.057417846709792206,-0.057417846709792206,-0.057417846709792206,-0.057417846709792206,-0.057417846709792206,-0.057417846709792206,-0.057417846709792206,-0.057417846709792206,-0.057417846709792206,-0.057417846709792206,-0.057417846709792206,-0.057417846709792206
-0.05839130134448057,-0.05839130134448057,-0.05839130134448057,-0.05839130134448057,-0.05839130134448057,-0.05839130134448057,-0.05839130134448057,-0.05839130134448057,-0.05839130134448057,-0.05839130134448057,-0.05839130134448057,-0.05839130134448057,-0.05839130134448057,-0.05839130134448057
-0.0594293179942843,-0.0594293179942843,-0.0594293179942843,-0.0594293179942843,-0.0594293179942843,-0.0594293179942843,-0.0594293179942843,-0.0594293179942843,-0.0594293179942843,-0.0594293179942843,-0.0594293179942843,-0.0594293179942843,-0.0594293179942843,-0.0594293179942843
-0.0592748002318055,-0.0592748002318055,-0.0592748002318055,-0.0592748002318055,-0.0592748002318055,-0.0592748002318055,-0.0592748002318055,-0.0592748002318055,-0.0592748002318055,-0.0592748002318055,-0.0592748002318055,-0.0592748002318055,-0.0592748002318055,-0.0592748002318055
-0.05984776669423157,-0.05984776669423157,-0.05984776669423157,-0.05984776669423157,-0.05984776669423157,-0.05984776669423157,-0.05984776669423157,-0.05984776669423157,-0.05984776669423157,-0.05984776669423157,-0.05984776669423157,-0.05984776669423157,-0.05984776669423157,-0.05984776669423157
-0.06036182637125695,-0.06036182637125695,-0.06036182637125695,-0.06036182637125695,-0.06036182637125695,-0.06036182637125695,-0.06036182637125695,-0.06036182637125695,-0.06036182637125695,-0.06036182637125695,-0.06036182637125695,-0.06036182637125695,-0.06036182637125695,-0.06036182637125695
-0.06190040486245404,-0.06190040486245404,-0.06190040486245404,-0.06190040486245404,-0.06190040486245404,-0.06190040486245404,-0.06190040486245404,-0.06190040486245404,-0.06190040486245404,-0.06190040486245404,-0.06190040486245404,-0.06190040486245404,-0.06190040486245404,-0.06190040486245404
-0.06301176905591559,-0.06301176905591559,-0.06301176905591559,-0.06301176905591559,-0.06301176905591559,-0.06301176905591559,-0.06301176905591559,-0.06301176905591559,-0.06301176905591559,-0.06301176905591559,-0.06301176905591559,-0.06301176905591559,-0.06301176905591559,-0.06301176905591559
-0.06386906098880926,-0.06386906098880926,-0.06386906098880926,-0.06386906098880926,-0.06386906098880926,-0.06386906098880926,-0.06386906098880926,-0.06386906098880926,-0.06386906098880926,-0.06386906098880926,-0.06386906098880926,-0.06386906098880926,-0.06386906098880926,-0.06386906098880926
-0.06492281029623145,-0.06492281029623145,-0.06492281029623145,-0.06492281029623145,-0.06492281029623145,-0.06492281029623145,-0.06492281029623145,-0.06492281029623145,-0.06492281029623145,-0.06492281029623145,-0.06492281029623145,-0.06492281029623145,-0.06492281029623145,-0.06492281029623145
-0.06547076476367142,-0.06547076476367142,-0.06547076476367142,-0.06547076476367142,-0.06547076476367142,-0.06547076476367142,-0.06547076476367142,-0.06547076476367142,-0.06547076476367142,-0.06547076476367142,-0.06547076476367142,-0.06547076476367142,-0.06547076476367142,-0.06547076476367142
-0.06620513752734117,-0.06620513752734117,-0.06620513752734117,-0.06620513752734117,-0.06620513752734117,-0.06620513752734117,-0.06620513752734117,-0.06620513752734117,-0.06620513752734117,-0.06620513752734117,-0.06620513752734117,-0.06620513752734117,-0.06620513752734117,-0.06620513752734117
-0.06552324988070055,-0.06552324988070055,-0.06552324988070055,-0.06552324988070055,-0.06552324988070055,-0.06552324988070055,-0.06552324988070055,-0.06552324988070055,-0.06552324988070055,-0.06552324988070055,-0.06552324988070055,-0.06552324988070055,-0.06552324988070055,-0.06552324988070055
-0.06520897216021435,-0.06520897216021435,-0.06520897216021435,-0.06520897216021435,-0.06520897216021435,-0.06520897216021435,-0.06520897216021435,-0.06520897216021435,-0.06520897216021435,-0.06520897216021435,-0.06520897216021435,-0.06520897216021435,-0.06520897216021435,-0.06520897216021435
-0.06538706765491482,-0.06538706765491482,-0.06538706765491482,-0.06538706765491482,-0.06538706765491482,-0.06538706765491482,-0.06538706765491482,-0.06538706765491482,-0.06538706765491482,-0.06538706765491482,-0.06538706765491482,-0.06538706765491482,-0.06538706765491482,-0.06538706765491482
-0.06434131497392762,-0.06434131497392762,-0.06434131497392762,-0.06434131497392762,-0.06434131497392762,-0.06434131497392762,-0.06434131497392762,-0.06434131497392762,-0.06434131497392762,-0.06434131497392762,-0.06434131497392762,-0.06434131497392762,-0.06434131497392762,-0.06434131497392762
-0.06419125443136695,-0.06419125443136695,-0.06419125443136695,-0.06419125443136695,-0.06419125443136695,-0.06419125443136695,-0.06419125443136695,-0.06419125443136695,-0.06419125443136695,-0.06419125443136695,-0.06419125443136695,-0.06419125443136695,-0.06419125443136695,-0.06419125443136695
-0.0634608850535691,-0.0634608850535691,-0.0634608850535691,-0.0634608850535691,-0.0634608850535691,-0.0634608850535691,-0.0634608850535691,-0.0634608850535691,-0.0634608850535691,-0.0634608850535691,-0.0634608850535691,-0.0634608850535691,-0.0634608850535691,-0.0634608850535691
-0.06280415637471727,-0.06280415637471727,-0.06280415637471727,-0.06280415637471727,-0.06280415637471727,-0.06280415637471727,-0.06280415637471727,-0.06280415637471727,-0.06280415637471727,-0.06280415637471727,-0.06280415637471727,-0.06280415637471727,-0.06280415637471727,-0.06280415637471727
-0.06113185339027877,-0.06113185339027877,-0.06113185339027877,-0.06113185339027877,-0.06113185339027877,-0.06113185339027877,-0.06113185339027877,-0.06113185339027877,-0.06113185339027877,-0.06113185339027877,-0.06113185339027877,-0.06113185339027877,-0.06113185339027877,-0.06113185339027877
-0.060303166542845614,-0.060303166542845614,-0.060303166542845614,-0.060303166542845614,-0.060303166542845614,-0.060303166542845614,-0.060303166542845614,-0.060303166542845614,-0.060303166542845614,-0.060303166542845614,-0.060303166542845614,-0.060303166542845614,-0.060303166542845614,-0.060303166542845614
-0.05910183813672396,-0.05910183813672396,-0.05910183813672396,-0.05910183813672396,-0.05910183813672396,-0.05910183813672396,-0.05910183813672396,-0.05910183813672396,-0.05910183813672396,-0.05910183813672396,-0.05910183813672396,-0.05910183813672396,-0.05910183813672396,-0.05910183813672396
-0.05890877922987674,-0.05890877922987674,-0.05890877922987674,-0.05890877922987674,-0.05890877922987674,-0.05890877922987674,-0.05890877922987674,-0.05890877922987674,-0.05890877922987674,-0.05890877922987674,-0.05890877922987674,-0.05890877922987674,-0.05890877922987674,-0.05890877922987674
-0.05943906835079252,-0.05943906835079252,-0.05943906835079252,-0.05943906835079252,-0.05943906835079252,-0.05943906835079252,-0.05943906835079252,-0.05943906835079252,-0.05943906835079252,-0.05943906835079252,-0.05943906835079252,-0.05943906835079252,-0.05943906835079252,-0.05943906835079252
-0.0599510027395222,-0.0599510027395222,-0.0599510027395222,-0.0599510027395222,-0.0599510027395222,-0.0599510027395222,-0.0599510027395222,-0.0599510027395222,-0.0599510027395222,-0.0599510027395222,-0.0599510027395222,-0.0599510027395222,-0.0599510027395222,-0.0599510027395222
-0.06067965881105016,-0.06067965881105016,-0.06067965881105016,-0.06067965881105016,-0.06067965881105016,-0.06067965881105016,-0.06067965881105016,-0.06067965881105016,-0.06067965881105016,-0.06067965881105016,-0.06067965881105016,-0.06067965881105016,-0.06067965881105016,-0.06067965881105016
-0.062640183655033,-0.062640183655033,-0.062640183655033,-0.062640183655033,-0.062640183655033,-0.062640183655033,-0.062640183655033,-0.062640183655033,-0.062640183655033,-0.062640183655033,-0.062640183655033,-0.062640183655033,-0.062640183655033,-0.062640183655033
-0.06432848679641122,-0.06432848679641122,-0.06432848679641122,-0.06432848679641122,-0.06432848679641122,-0.06432848679641122,-0.06432848679641122,-0.06432848679641122,-0.06432848679641122,-0.06432848679641122,-0.06432848679641122,-0.06432848679641122,-0.06432848679641122,-0.06432848679641122
-0.06644053281533308,-0.06644053281533308,-0.06644053281533308,-0.06644053281533308,-0.06644053281533308,-0.06644053281533308,-0.06644053281533308,-0.06644053281533308,-0.06644053281533308,-0.06644053281533308,-0.06644053281533308,-0.06644053281533308,-0.06644053281533308,-0.06644053281533308
-0.06752194983365847,-0.06752194983365847,-0.06752194983365847,-0.06752194983365847,-0.06752194983365847,-0.06752194983365847,-0.06752194983365847,-0.06752194983365847,-0.06752194983365847,-0.06752194983365847,-0.06752194983365847,-0.06752194983365847,-0.06752194983365847,-0.06752194983365847
-0.06861972949156965,-0.06861972949156965,-0.06861972949156965,-0.06861972949156965,-0.06861972949156965,-0.06861972949156965,-0.06861972949156965,-0.06861972949156965,-0.06861972949156965,-0.06861972949156965,-0.06861972949156965,-0.06861972949156965,-0.06861972949156965,-0.06861972949156965
-0.06848391667365328,-0.06848391667365328,-0.06848391667365328,-0.06848391667365328,-0.06848391667365328,-0.06848391667365328,-0.06848391667365328,-0.06848391667365328,-0.06848391667365328,-0.06848391667365328,-0.06848391667365328,-0.06848391667365328,-0.06848391667365328,-0.06848391667365328
-0.06975471699581731,-0.06975471699581731,-0.06975471699581731,-0.06975471699581731,-0.06975471699581731,-0.06975471699581731,-0.06975471699581731,-0.06975471699581731,-0.06975471699581731,-0.06975471699581731,-0.06975471699581731,-0.06975471699581731,-0.06975471699581731,-0.06975471699581731
-0.06998310680479125,-0.06998310680479125,-0.06998310680479125,-0.06998310680479125,-0.06998310680479125,-0.06998310680479125,-0.06998310680479125,-0.06998310680479125,-0.06998310680479125,-0.06998310680479125,-0.06998310680479125,-0.06998310680479125,-0.06998310680479125,-0.06998310680479125
-0.06947075988152172,-0.06947075988152172,-0.06947075988152172,-0.06947075988152172,-0.06947075988152172,-0.06947075988152172,-0.06947075988152172,-0.06947075988152172,-0.06947075988152172,-0.06947075988152172,-0.06947075988152172,-0.06947075988152172,-0.06947075988152172,-0.06947075988152172
-0.06772207059277376,-0.06772207059277376,-0.06772207059277376,-0.06772207059277376,-0.06772207059277376,-0.06772207059277376,-0.06772207059277376,-0.06772207059277376,-0.06772207059277376,-0.06772207059277376,-0.06772207059277376,-0.06772207059277376,-0.06772207059277376,-0.06772207059277376
-0.06643204620947647,-0.06643204620947647,-0.06643204620947647,-0.06643204620947647,-0.06643204620947647,-0.06643204620947647,-0.06643204620947647,-0.06643204620947647,-0.06643204620947647,-0.06643204620947647,-0.06643204620947647,-0.06643204620947647,-0.06643204620947647,-0.06643204620947647
-0.06486778754264824,-0.06486778754264824,-0.06486778754264824,-0.06486778754264824,-0.06486778754264824,-0.06486778754264824,-0.06486778754264824,-0.06486778754264824,-0.06486778754264824,-0.06486778754264824,-0.06486778754264824,-0.06486778754264824,-0.06486778754264824,-0.06486778754264824
-0.06373619256073144,-0.06373619256073144,-0.06373619256073144,-0.06373619256073144,-0.06373619256073144,-0.06373619256073144,-0.06373619256073144,-0.06373619256073144,-0.06373619256073144,-0.06373619256073144,-0.06373619256073144,-0.06373619256073144,-0.06373619256073144,-0.06373619256073144
-0.06425213417854286,-0.06425213417854286,-0.06425213417854286,-0.06425213417854286,-0.06425213417854286,-0.06425213417854286,-0.06425213417854286,-0.06425213417854286,-0.06425213417854286,-0.06425213417854286,-0.06425213417854286,-0.06425213417854286,-0.06425213417854286,-0.06425213417854286
-0.0669196384824084,-0.0669196384824084,-0.0669196384824084,-0.0669196384824084,-0.0669196384824084,-0.0669196384824084,-0.0669196384824084,-0.0669196384824084,-0.0669196384824084,-0.0669196384824084,-0.0669196384824084,-0.0669196384824084,-0.0669196384824084,-0.0669196384824084
-0.06926024085370529,-0.06926024085370529,-0.06926024085370529,-0.06926024085370529,-0.06926024085370529,-0.06926024085370529,-0.06926024085370529,-0.06926024085370529,-0.06926024085370529,-0.06926024085370529,-0.06926024085370529,-0.06926024085370529,-0.06926024085370529,-0.06926024085370529
-0.07131147112729755,-0.07131147112729755,-0.07131147112729755,-0.07131147112729755,-0.07131147112729755,-0.07131147112729755,-0.07131147112729755,-0.07131147112729755,-0.07131147112729755,-0.07131147112729755,-0.07131147112729755,-0.07131147112729755,-0.07131147112729755,-0.07131147112729755
-0.07375752459648523,-0.07375752459648523,-0.07375752459648523,-0.07375752459648523,-0.07375752459648523,-0.07375752459648523,-0.07375752459648523,-0.07375752459648523,-0.07375752459648523,-0.07375752459648523,-0.07375752459648523,-0.07375752459648523,-0.07375752459648523,-0.07375752459648523
-0.07719730846954279,-0.07719730846954279,-0.07719730846954279,-0.07719730846954279,-0.07719730846954279,-0.07719730846954279,-0.07719730846954279,-0.07719730846954279,-0.07719730846954279,-0.07719730846954279,-0.07719730846954279,-0.07719730846954279,-0.07719730846954279,-0.07719730846954279
-0.08055426219283413,-0.08055426219283413,-0.08055426219283413,-0.08055426219283413,-0.08055426219283413,-0.08055426219283413,-0.08055426219283413,-0.08055426219283413,-0.08055426219283413,-0.08055426219283413,-0.08055426219283413,-0.08055426219283413,-0.08055426219283413,-0.08055426219283413
-0.08421155984863198,-0.08421155984863198,-0.08421155984863198,-0.08421155984863198,-0.08421155984863198,-0.08421155984863198,-0.08421155984863198,-0.08421155984863198,-0.08421155984863198,-0.08421155984863198,-0.08421155984863198,-0.08421155984863198,-0.08421155984863198,-0.08421155984863198
-0.088089820322781,-0.088089820322781,-0.088089820322781,-0.088089820322781,-0.088089820322781,-0.088089820322781,-0.088089820322781,-0.088089820322781,-0.088089820322781,-0.088089820322781,-0.088089820322781,-0.088089820322781,-0.088089820322781,-0.088089820322781
-0.0922046059670053,-0.0922046059670053,-0.0922046059670053,-0.0922046059670053,-0.0922046059670053,-0.0922046059670053,-0.0922046059670053,-0.0922046059670053,-0.0922046059670053,-0.0922046059670053,-0.0922046059670053,-0.0922046059670053,-0.0922046059670053,-0.0922046059670053
-0.09556237532548872,-0.09556237532548872,-0.09556237532548872,-0.09556237532548872,-0.09556237532548872,-0.09556237532548872,-0.09556237532548872,-0.09556237532548872,-0.09556237532548872,-0.09556237532548872,-0.09556237532548872,-0.09556237532548872,-0.09556237532548872,-0.09556237532548872
-0.09805704077038375,-0.09805704077038375,-0.09805704077038375,-0.09805704077038375,-0.09805704077038375,-0.09805704077038375,-0.09805704077038375,-0.09805704077038375,-0.09805704077038375,-0.09805704077038375,-0.09805704077038375,-0.09805704077038375,-0.09805704077038375,-0.09805704077038375
-0.09887917110807999,-0.09887917110807999,-0.09887917110807999,-0.09887917110807999,-0.09887917110807999,-0.09887917110807999,-0.09887917110807999,-0.09887917110807999,-0.09887917110807999,-0.09887917110807999,-0.09887917110807999,-0.09887917110807999,-0.09887917110807999,-0.09887917110807999
-0.09885469880127595,-0.09885469880127595,-0.09885469880127595,-0.09885469880127595,-0.09885469880127595,-0.09885469880127595,-0.09885469880127595,-0.09885469880127595,-0.09885469880127595,-0.09885469880127595,-0.09885469880127595,-0.09885469880127595,-0.09885469880127595,-0.09885469880127595
-0.10038050626772822,-0.10038050626772822,-0.10038050626772822,-0.10038050626772822,-0.10038050626772822,-0.10038050626772822,-0.10038050626772822,-0.10038050626772822,-0.10038050626772822,-0.10038050626772822,-0.10038050626772822,-0.10038050626772822,-0.10038050626772822,-0.10038050626772822
-0.10161415281037711,-0.10161415281037711,-0.10161415281037711,-0.10161415281037711,-0.10161415281037711,-0.10161415281037711,-0.10161415281037711,-0.10161415281037711,-0.10161415281037711,-0.10161415281037711,-0.10161415281037711,-0.10161415281037711,-0.10161415281037711,-0.10161415281037711
-0.10288987217780013,-0.10288987217780013,-0.10288987217780013,-0.10288987217780013,-0.10288987217780013,-0.10288987217780013,-0.10288987217780013,-0.10288987217780013,-0.10288987217780013,-0.10288987217780013,-0.10288987217780013,-0.10288987217780013,-0.10288987217780013,-0.10288987217780013
-0.10317309579947995,-0.10317309579947995,-0.10317309579947995,-0.10317309579947995,-0.10317309579947995,-0.10317309579947995,-0.10317309579947995,-0.10317309579947995,-0.10317309579947995,-0.10317309579947995,-0.10317309579947995,-0.10317309579947995,-0.10317309579947995,-0.10317309579947995
-0.10353362090939566,-0.10353362090939566,-0.10353362090939566,-0.10353362090939566,-0.10353362090939566,-0.10353362090939566,-0.10353362090939566,-0.10353362090939566,-0.10353362090939566,-0.10353362090939566,-0.10353362090939566,-0.10353362090939566,-0.10353362090939566,-0.10353362090939566
-0.10373661867399081,-0.10373661867399081,-0.10373661867399081,-0.10373661867399081,-0.10373661867399081,-0.10373661867399081,-0.10373661867399081,-0.10373661867399081,-0.10373661867399081,-0.10373661867399081,-0.10373661867399081,-0.10373661867399081,-0.10373661867399081,-0.10373661867399081
-0.10393836011746041,-0.10393836011746041,-0.10393836011746041,-0.10393836011746041,-0.10393836011746041,-0.10393836011746041,-0.10393836011746041,-0.10393836011746041,-0.10393836011746041,-0.10393836011746041,-0.10393836011746041,-0.10393836011746041,-0.10393836011746041,-0.10393836011746041
-0.10375977601531268,-0.10375977601531268,-0.10375977601531268,-0.10375977601531268,-0.10375977601531268,-0.10375977601531268,-0.10375977601531268,-0.10375977601531268,-0.10375977601531268,-0.10375977601531268,-0.10375977601531268,-0.10375977601531268,-0.10375977601531268,-0.10375977601531268
-0.10396563991620719,-0.10396563991620719,-0.10396563991620719,-0.10396563991620719,-0.10396563991620719,-0.10396563991620719,-0.10396563991620719,-0.10396563991620719,-0.10396563991620719,-0.10396563991620719,-0.10396563991620719,-0.10396563991620719,-0.10396563991620719,-0.10396563991620719
-0.1054461260546389,-0.1054461260546389,-0.1054461260546389,-0.1054461260546389,-0.1054461260546389,-0.1054461260546389,-0.1054461260546389,-0.1054461260546389,-0.1054461260546389,-0.1054461260546389,-0.1054461260546389,-0.1054461260546389,-0.1054461260546389,-0.1054461260546389
-0.10708249118448021,-0.10708249118448021,-0.10708249118448021,-0.10708249118448021,-0.10708249118448021,-0.10708249118448021,-0.10708249118448021,-0.10708249118448021,-0.10708249118448021,-0.10708249118448021,-0.10708249118448021,-0.10708249118448021,-0.10708249118448021,-0.10708249118448021
-0.10996398212300727,-0.10996398212300727,-0.10996398212300727,-0.10996398212300727,-0.10996398212300727,-0.10996398212300727,-0.10996398212300727,-0.10996398212300727,-0.10996398212300727,-0.10996398212300727,-0.10996398212300727,-0.10996398212300727,-0.10996398212300727,-0.10996398212300727
-0.11259677455692094,-0.11259677455692094,-0.11259677455692094,-0.11259677455692094,-0.11259677455692094,-0.11259677455692094,-0.11259677455692094,-0.11259677455692094,-0.11259677455692094,-0.11259677455692094,-0.11259677455692094,-0.11259677455692094,-0.11259677455692094,-0.11259677455692094
-0.11547458341759212,-0.11547458341759212,-0.11547458341759212,-0.11547458341759212,-0.11547458341759212,-0.11547458341759212,-0.11547458341759212,-0.11547458341759212,-0.11547458341759212,-0.11547458341759212,-0.11547458341759212,-0.11547458341759212,-0.11547458341759212,-0.11547458341759212
-0.11942916353580893,-0.11942916353580893,-0.11942916353580893,-0.11942916353580893,-0.11942916353580893,-0.11942916353580893,-0.11942916353580893,-0.11942916353580893,-0.11942916353580893,-0.11942916353580893,-0.11942916353580893,-0.11942916353580893,-0.11942916353580893,-0.11942916353580893
-0.12216960071858571,-0.12216960071858571,-0.12216960071858571,-0.12216960071858571,-0.12216960071858571,-0.12216960071858571,-0.12216960071858571,-0.12216960071858571,-0.12216960071858571,-0.12216960071858571,-0.12216960071858571,-0.12216960071858571,-0.12216960071858571,-0.12216960071858571
-0.12391112392090625,-0.12391112392090625,-0.12391112392090625,-0.12391112392090625,-0.12391112392090625,-0.12391112392090625,-0.12391112392090625,-0.12391112392090625,-0.12391112392090625,-0.12391112392090625,-0.12391112392090625,-0.12391112392090625,-0.12391112392090625,-0.12391112392090625
-0.1254577260815061,-0.1254577260815061,-0.1254577260815061,-0.1254577260815061,-0.1254577260815061,-0.1254577260815061,-0.1254577260815061,-0.1254577260815061,-0.1254577260815061,-0.1254577260815061,-0.1254577260815061,-0.1254577260815061,-0.1254577260815061,-0.1254577260815061
-0.12672637423787858,-0.12672637423787858,-0.12672637423787858,-0.12672637423787858,-0.12672637423787858,-0.12672637423787858,-0.12672637423787858,-0.12672637423787858,-0.12672637423787858,-0.12672637423787858,-0.12672637423787858,-0.12672637423787858,-0.12672637423787858,-0.12672637423787858
-0.12729920529123329,-0.12729920529123329,-0.12729920529123329,-0.12729920529123329,-0.12729920529123329,-0.12729920529123329,-0.12729920529123329,-0.12729920529123329,-0.12729920529123329,-0.12729920529123329,-0.12729920529123329,-0.12729920529123329,-0.12729920529123329,-0.12729920529123329
-0.12811831887807854,-0.12811831887807854,-0.12811831887807854,-0.12811831887807854,-0.12811831887807854,-0.12811831887807854,-0.12811831887807854,-0.12811831887807854,-0.12811831887807854,-0.12811831887807854,-0.12811831887807854,-0.12811831887807854,-0.12811831887807854,-0.12811831887807854
-0.1285292319093791,-0.1285292319093791,-0.1285292319093791,-0.1285292319093791,-0.1285292319093791,-0.1285292319093791,-0.1285292319093791,-0.1285292319093791,-0.1285292319093791,-0.1285292319093791,-0.1285292319093791,-0.1285292319093791,-0.1285292319093791,-0.1285292319093791
-0.12885647048120297,-0.12885647048120297,-0.12885647048120297,-0.12885647048120297,-0.12885647048120297,-0.12885647048120297,-0.12885647048120297,-0.12885647048120297,-0.12885647048120297,-0.12885647048120297,-0.12885647048120297,-0.12885647048120297,-0.12885647048120297,-0.12885647048120297
-0.1294007695284499,-0.1294007695284499,-0.1294007695284499,-0.1294007695284499,-0.1294007695284499,-0.1294007695284499,-0.1294007695284499,-0.1294007695284499,-0.1294007695284499,-0.1294007695284499,-0.1294007695284499,-0.1294007695284499,-0.1294007695284499,-0.1294007695284499
-0.12875497096290414,-0.12875497096290414,-0.12875497096290414,-0.12875497096290414,-0.12875497096290414,-0.12875497096290414,-0.12875497096290414,-0.12875497096290414,-0.12875497096290414,-0.12875497096290414,-0.12875497096290414,-0.12875497096290414,-0.12875497096290414,-0.12875497096290414
-0.1285185954204835,-0.1285185954204835,-0.1285185954204835,-0.1285185954204835,-0.1285185954204835,-0.1285185954204835,-0.1285185954204835,-0.1285185954204835,-0.1285185954204835,-0.1285185954204835,-0.1285185954204835,-0.1285185954204835,-0.1285185954204835,-0.1285185954204835
-0.12791215779759024,-0.12791215779759024,-0.12791215779759024,-0.12791215779759024,-0.12791215779759024,-0.12791215779759024,-0.12791215779759024,-0.12791215779759024,-0.12791215779759024,-0.12791215779759024,-0.12791215779759024,-0.12791215779759024,-0.12791215779759024,-0.12791215779759024
-0.1265753311317469,-0.1265753311317469,-0.1265753311317469,-0.1265753311317469,-0.1265753311317469,-0.1265753311317469,-0.1265753311317469,-0.1265753311317469,-0.1265753311317469,-0.1265753311317469,-0.1265753311317469,-0.1265753311317469,-0.1265753311317469,-0.1265753311317469
-0.12521895959702392,-0.12521895959702392,-0.12521895959702392,-0.12521895959702392,-0.12521895959702392,-0.12521895959702392,-0.12521895959702392,-0.12521895959702392,-0.12521895959702392,-0.12521895959702392,-0.12521895959702392,-0.12521895959702392,-0.12521895959702392,-0.12521895959702392
-0.12327635318030927,-0.12327635318030927,-0.12327635318030927,-0.12327635318030927,-0.12327635318030927,-0.12327635318030927,-0.12327635318030927,-0.12327635318030927,-0.12327635318030927,-0.12327635318030927,-0.12327635318030927,-0.12327635318030927,-0.12327635318030927,-0.12327635318030927
-0.12195692289893378,-0.12195692289893378,-0.12195692289893378,-0.12195692289893378,-0.12195692289893378,-0.12195692289893378,-0.12195692289893378,-0.12195692289893378,-0.12195692289893378,-0.12195692289893378,-0.12195692289893378,-0.12195692289893378,-0.12195692289893378,-0.12195692289893378
-0.12026673604256904,-0.12026673604256904,-0.12026673604256904,-0.12026673604256904,-0.12026673604256904,-0.12026673604256904,-0.12026673604256904,-0.12026673604256904,-0.12026673604256904,-0.12026673604256904,-0.12026673604256904,-0.12026673604256904,-0.12026673604256904,-0.12026673604256904
-0.11839852421435461,-0.11839852421435461,-0.11839852421435461,-0.11839852421435461,-0.11839852421435461,-0.11839852421435461,-0.11839852421435461,-0.11839852421435461,-0.11839852421435461,-0.11839852421435461,-0.11839852421435461,-0.11839852421435461,-0.11839852421435461,-0.11839852421435461
-0.11557967350893587,-0.11557967350893587,-0.11557967350893587,-0.11557967350893587,-0.11557967350893587,-0.11557967350893587,-0.11557967350893587,-0.11557967350893587,-0.11557967350893587,-0.11557967350893587,-0.11557967350893587,-0.11557967350893587,-0.11557967350893587,-0.11557967350893587
-0.11340611082875565,-0.11340611082875565,-0.11340611082875565,-0.11340611082875565,-0.11340611082875565,-0.11340611082875565,-0.11340611082875565,-0.11340611082875565,-0.11340611082875565,-0.11340611082875565,-0.11340611082875565,-0.11340611082875565,-0.11340611082875565,-0.11340611082875565
-0.11184002659432454,-0.11184002659432454,-0.11184002659432454,-0.11184002659432454,-0.11184002659432454,-0.11184002659432454,-0.11184002659432454,-0.11184002659432454,-0.11184002659432454,-0.11184002659432454,-0.11184002659432454,-0.11184002659432454,-0.11184002659432454,-0.11184002659432454
-0.11007935324560644,-0.11007935324560644,-0.11007935324560644,-0.11007935324560644,-0.11007935324560644,-0.11007935324560644,-0.11007935324560644,-0.11007935324560644,-0.11007935324560644,-0.11007935324560644,-0.11007935324560644,-0.11007935324560644,-0.11007935324560644,-0.11007935324560644
-0.1092065393654256,-0.1092065393654256,-0.1092065393654256,-0.1092065393654256,-0.1092065393654256,-0.1092065393654256,-0.1092065393654256,-0.1092065393654256,-0.1092065393654256,-0.1092065393654256,-0.1092065393654256,-0.1092065393654256,-0.1092065393654256,-0.1092065393654256
-0.10724914261721769,-0.10724914261721769,-0.10724914261721769,-0.10724914261721769,-0.10724914261721769,-0.10724914261721769,-0.10724914261721769,-0.10724914261721769,-0.10724914261721769,-0.10724914261721769,-0.10724914261721769,-0.10724914261721769,-0.10724914261721769,-0.10724914261721769
-0.10436224875884735,-0.10436224875884735,-0.10436224875884735,-0.10436224875884735,-0.10436224875884735,-0.10436224875884735,-0.10436224875884735,-0.10436224875884735,-0.10436224875884735,-0.10436224875884735,-0.10436224875884735,-0.10436224875884735,-0.10436224875884735,-0.10436224875884735
-0.10309713196981893,-0.10309713196981893,-0.10309713196981893,-0.10309713196981893,-0.10309713196981893,-0.10309713196981893,-0.10309713196981893,-0.10309713196981893,-0.10309713196981893,-0.10309713196981893,-0.10309713196981893,-0.10309713196981893,-0.10309713196981893,-0.10309713196981893
-0.10163459575266384,-0.10163459575266384,-0.10163459575266384,-0.10163459575266384,-0.10163459575266384,-0.10163459575266384,-0.10163459575266384,-0.10163459575266384,-0.10163459575266384,-0.10163459575266384,-0.10163459575266384,-0.10163459575266384,-0.10163459575266384,-0.10163459575266384
-0.0998250400953779,-0.0998250400953779,-0.0998250400953779,-0.0998250400953779,-0.0998250400953779,-0.0998250400953779,-0.0998250400953779,-0.0998250400953779,-0.0998250400953779,-0.0998250400953779,-0.0998250400953779,-0.0998250400953779,-0.0998250400953779,-0.0998250400953779
-0.09766245521290572,-0.09766245521290572,-0.09766245521290572,-0.09766245521290572,-0.09766245521290572,-0.09766245521290572,-0.09766245521290572,-0.09766245521290572,-0.09766245521290572,-0.09766245521290572,-0.09766245521290572,-0.09766245521290572,-0.09766245521290572,-0.09766245521290572
-0.09440500847589117,-0.09440500847589117,-0.09440500847589117,-0.09440500847589117,-0.09440500847589117,-0.09440500847589117,-0.09440500847589117,-0.09440500847589117,-0.09440500847589117,-0.09440500847589117,-0.09440500847589117,-0.09440500847589117,-0.09440500847589117,-0.09440500847589117
-0.09168775382664342,-0.09168775382664342,-0.09168775382664342,-0.09168775382664342,-0.09168775382664342,-0.09168775382664342,-0.09168775382664342,-0.09168775382664342,-0.09168775382664342,-0.09168775382664342,-0.09168775382664342,-0.09168775382664342,-0.09168775382664342,-0.09168775382664342
-0.0878632638046753,-0.0878632638046753,-0.0878632638046753,-0.0878632638046753,-0.0878632638046753,-0.0878632638046753,-0.0878632638046753,-0.0878632638046753,-0.0878632638046753,-0.0878632638046753,-0.0878632638046753,-0.0878632638046753,-0.0878632638046753,-0.0878632638046753
-0.08339723847737507,-0.08339723847737507,-0.08339723847737507,-0.08339723847737507,-0.08339723847737507,-0.08339723847737507,-0.08339723847737507,-0.08339723847737507,-0.08339723847737507,-0.08339723847737507,-0.08339723847737507,-0.08339723847737507,-0.08339723847737507,-0.08339723847737507
-0.07826127790765025,-0.07826127790765025,-0.07826127790765025,-0.07826127790765025,-0.07826127790765025,-0.07826127790765025,-0.07826127790765025,-0.07826127790765025,-0.07826127790765025,-0.07826127790765025,-0.07826127790765025,-0.07826127790765025,-0.07826127790765025,-0.07826127790765025
-0.0737751997209839,-0.0737751997209839,-0.0737751997209839,-0.0737751997209839,-0.0737751997209839,-0.0737751997209839,-0.0737751997209839,-0.0737751997209839,-0.0737751997209839,-0.0737751997209839,-0.0737751997209839,-0.0737751997209839,-0.0737751997209839,-0.0737751997209839
-0.06955045469349361,-0.06955045469349361,-0.06955045469349361,-0.06955045469349361,-0.06955045469349361,-0.06955045469349361,-0.06955045469349361,-0.06955045469349361,-0.06955045469349361,-0.06955045469349361,-0.06955045469349361,-0.06955045469349361,-0.06955045469349361,-0.06955045469349361
-0.06502361271936462,-0.06502361271936462,-0.06502361271936462,-0.06502361271936462,-0.06502361271936462,-0.06502361271936462,-0.06502361271936462,-0.06502361271936462,-0.06502361271936462,-0.06502361271936462,-0.06502361271936462,-0.06502361271936462,-0.06502361271936462,-0.06502361271936462
-0.059412571073493695,-0.059412571073493695,-0.059412571073493695,-0.059412571073493695,-0.059412571073493695,-0.059412571073493695,-0.059412571073493695,-0.059412571073493695,-0.059412571073493695,-0.059412571073493695,-0.059412571073493695,-0.059412571073493695,-0.059412571073493695,-0.059412571073493695
-0.05452587344191631,-0.05452587344191631,-0.05452587344191631,-0.05452587344191631,-0.05452587344191631,-0.05452587344191631,-0.05452587344191631,-0.05452587344191631,-0.05452587344191631,-0.05452587344191631,-0.05452587344191631,-0.05452587344191631,-0.05452587344191631,-0.05452587344191631
-0.04914707955450947,-0.04914707955450947,-0.04914707955450947,-0.04914707955450947,-0.04914707955450947,-0.04914707955450947,-0.04914707955450947,-0.04914707955450947,-0.04914707955450947,-0.04914707955450947,-0.04914707955450947,-0.04914707955450947,-0.04914707955450947,-0.04914707955450947
-0.04361538309649843,-0.04361538309649843,-0.04361538309649843,-0.04361538309649843,-0.04361538309649843,-0.04361538309649843,-0.04361538309649843,-0.04361538309649843,-0.04361538309649843,-0.04361538309649843,-0.04361538309649843,-0.04361538309649843,-0.04361538309649843,-0.04361538309649843
-0.03820272347332553,-0.03820272347332553,-0.03820272347332553,-0.03820272347332553,-0.03820272347332553,-0.03820272347332553,-0.03820272347332553,-0.03820272347332553,-0.03820272347332553,-0.03820272347332553,-0.03820272347332553,-0.03820272347332553,-0.03820272347332553,-0.03820272347332553
-0.03315575007343033,-0.03315575007343033,-0.03315575007343033,-0.03315575007343033,-0.03315575007343033,-0.03315575007343033,-0.03315575007343033,-0.03315575007343033,-0.03315575007343033,-0.03315575007343033,-0.03315575007343033,-0.03315575007343033,-0.03315575007343033,-0.03315575007343033
-0.027693990690055046,-0.027693990690055046,-0.027693990690055046,-0.027693990690055046,-0.027693990690055046,-0.027693990690055046,-0.027693990690055046,-0.027693990690055046,-0.027693990690055046,-0.027693990690055046,-0.027693990690055046,-0.027693990690055046,-0.027693990690055046,-0.027693990690055046
-0.02309659592423993,-0.02309659592423993,-0.02309659592423993,-0.02309659592423993,-0.02309659592423993,-0.02309659592423993,-0.02309659592423993,-0.02309659592423993,-0.02309659592423993,-0.02309659592423993,-0.02309659592423993,-0.02309659592423993,-0.02309659592423993,-0.02309659592423993
-0.019704699423119195,-0.019704699423119195,-0.019704699423119195,-0.019704699423119195,-0.019704699423119195,-0.019704699423119195,-0.019704699423119195,-0.019704699423119195,-0.019704699423119195,-0.019704699423119195,-0.019704699423119195,-0.019704699423119195,-0.019704699423119195,-0.019704699423119195
-0.01652315533880734,-0.01652315533880734,-0.01652315533880734,-0.01652315533880734,-0.01652315533880734,-0.01652315533880734,-0.01652315533880734,-0.01652315533880734,-0.01652315533880734,-0.01652315533880734,-0.01652315533880734,-0.01652315533880734,-0.01652315533880734,-0.01652315533880734
-0.0133171420028637,-0.0133171420028637,-0.0133171420028637,-0.0133171420028637,-0.0133171420028637,-0.0133171420028637,-0.0133171420028637,-0.0133171420028637,-0.0133171420028637,-0.0133171420028637,-0.0133171420028637,-0.0133171420028637,-0.0133171420028637,-0.0133171420028637
-0.00954527429650235,-0.00954527429650235,-0.00954527429650235,-0.00954527429650235,-0.00954527429650235,-0.00954527429650235,-0.00954527429650235,-0.00954527429650235,-0.00954527429650235,-0.00954527429650235,-0.00954527429650235,-0.00954527429650235,-0.00954527429650235,-0.00954527429650235
-0.006265287733122582,-0.006265287733122582,-0.006265287733122582,-0.006265287733122582,-0.006265287733122582,-0.006265287733122582,-0.006265287733122582,-0.006265287733122582,-0.006265287733122582,-0.006265287733122582,-0.006265287733122582,-0.006265287733122582,-0.006265287733122582,-0.006265287733122582
-0.00234969837356576,-0.00234969837356576,-0.00234969837356576,-0.00234969837356576,-0.00234969837356576,-0.00234969837356576,-0.00234969837356576,-0.00234969837356576,-0.00234969837356576,-0.00234969837356576,-0.00234969837356576,-0.00234969837356576,-0.00234969837356576,-0.00234969837356576
0.0024237101843030536,0.0024237101843030536,0.0024237101843030536,0.0024237101843030536,0.0024237101843030536,0.0024237101843030536,0.0024237101843030536,0.0024237101843030536,0.0024237101843030536,0.0024237101843030536,0.0024237101843030536,0.0024237101843030536,0.0024237101843030536,0.0024237101843030536
0.006979531084706647,0.006979531084706647,0.006979531084706647,0.006979531084706647,0.006979531084706647,0.006979531084706647,0.006979531084706647,0.006979531084706647,0.006979531084706647,0.006979531084706647,0.006979531084706647,0.006979531084706647,0.006979531084706647,0.006979531084706647
0.0115983146432141,0.0115983146432141,0.0115983146432141,0.0115983146432141,0.0115983146432141,0.0115983146432141,0.0115983146432141,0.0115983146432141,0.0115983146432141,0.0115983146432141,0.0115983146432141,0.0115983146432141,0.0115983146432141,0.0115983146432141
0.016649666114163384,0.016649666114163384,0.016649666114163384,0.016649666114163384,0.016649666114163384,0.016649666114163384,0.016649666114163384,0.016649666114163384,0.016649666114163384,0.016649666114163384,0.016649666114163384,0.016649666114163384,0.016649666114163384,0.016649666114163384
0.020659428735404738,0.020659428735404738,0.020659428735404738,0.020659428735404738,0.020659428735404738,0.020659428735404738,0.020659428735404738,0.020659428735404738,0.020659428735404738,0.020659428735404738,0.020659428735404738,0.020659428735404738,0.020659428735404738,0.020659428735404738
0.024120692935500537,0.024120692935500537,0.024120692935500537,0.024120692935500537,0.024120692935500537,0.024120692935500537,0.024120692935500537,0.024120692935500537,0.024120692935500537,0.024120692935500537,0.024120692935500537,0.024120692935500537,0.024120692935500537,0.024120692935500537
0.027994187787097606,0.027994187787097606,0.027994187787097606,0.027994187787097606,0.027994187787097606,0.027994187787097606,0.027994187787097606,0.027994187787097606,0.027994187787097606,0.027994187787097606,0.027994187787097606,0.027994187787097606,0.027994187787097606,0.027994187787097606
0.031257791444764635,0.031257791444764635,0.031257791444764635,0.031257791444764635,0.031257791444764635,0.031257791444764635,0.031257791444764635,0.031257791444764635,0.031257791444764635,0.031257791444764635,0.031257791444764635,0.031257791444764635,0.031257791444764635,0.031257791444764635
0.03522419822694436,0.03522419822694436,0.03522419822694436,0.03522419822694436,0.03522419822694436,0.03522419822694436,0.03522419822694436,0.03522419822694436,0.03522419822694436,0.03522419822694436,0.03522419822694436,0.03522419822694436,0.03522419822694436,0.03522419822694436
0.03844887269586687,0.03844887269586687,0.03844887269586687,0.03844887269586687,0.03844887269586687,0.03844887269586687,0.03844887269586687,0.03844887269586687,0.03844887269586687,0.03844887269586687,0.03844887269586687,0.03844887269586687,0.03844887269586687,0.03844887269586687
0.0387828408453329,0.0387828408453329,0.0387828408453329,0.0387828408453329,0.0387828408453329,0.0387828408453329,0.0387828408453329,0.0387828408453329,0.0387828408453329,0.0387828408453329,0.0387828408453329,0.0387828408453329,0.0387828408453329,0.0387828408453329
0.03925973651754678,0.03925973651754678,0.03925973651754678,0.03925973651754678,0.03925973651754678,0.03925973651754678,0.03925973651754678,0.03925973651754678,0.03925973651754678,0.03925973651754678,0.03925973651754678,0.03925973651754678,0.03925973651754678,0.03925973651754678
0.03904754374334963,0.03904754374334963,0.03904754374334963,0.03904754374334963,0.03904754374334963,0.03904754374334963,0.03904754374334963,0.03904754374334963,0.03904754374334963,0.03904754374334963,0.03904754374334963,0.03904754374334963,0.03904754374334963,0.03904754374334963
0.03913420586637184,0.03913420586637184,0.03913420586637184,0.03913420586637184,0.03913420586637184,0.03913420586637184,0.03913420586637184,0.03913420586637184,0.03913420586637184,0.03913420586637184,0.03913420586637184,0.03913420586637184,0.03913420586637184,0.03913420586637184
0.038738996539748834,0.038738996539748834,0.038738996539748834,0.038738996539748834,0.038738996539748834,0.038738996539748834,0.038738996539748834,0.038738996539748834,0.038738996539748834,0.038738996539748834,0.038738996539748834,0.038738996539748834,0.038738996539748834,0.038738996539748834
0.037414882027337996,0.037414882027337996,0.037414882027337996,0.037414882027337996,0.037414882027337996,0.037414882027337996,0.037414882027337996,0.037414882027337996,0.037414882027337996,0.037414882027337996,0.037414882027337996,0.037414882027337996,0.037414882027337996,0.037414882027337996
0.03712218578225464,0.03712218578225464,0.03712218578225464,0.03712218578225464,0.03712218578225464,0.03712218578225464,0.03712218578225464,0.03712218578225464,0.03712218578225464,0.03712218578225464,0.03712218578225464,0.03712218578225464,0.03712218578225464,0.03712218578225464
0.03722848644022333,0.03722848644022333,0.03722848644022333,0.03722848644022333,0.03722848644022333,0.03722848644022333,0.03722848644022333,0.03722848644022333,0.03722848644022333,0.03722848644022333,0.03722848644022333,0.03722848644022333,0.03722848644022333,0.03722848644022333
0.036312675903437786,0.036312675903437786,0.036312675903437786,0.036312675903437786,0.036312675903437786,0.036312675903437786,0.036312675903437786,0.036312675903437786,0.036312675903437786,0.036312675903437786,0.036312675903437786,0.036312675903437786,0.036312675903437786,0.036312675903437786
0.03578720300625819,0.03578720300625819,0.03578720300625819,0.03578720300625819,0.03578720300625819,0.03578720300625819,0.03578720300625819,0.03578720300625819,0.03578720300625819,0.03578720300625819,0.03578720300625819,0.03578720300625819,0.03578720300625819,0.03578720300625819
0.03585389072926038,0.03585389072926038,0.03585389072926038,0.03585389072926038,0.03585389072926038,0.03585389072926038,0.03585389072926038,0.03585389072926038,0.03585389072926038,0.03585389072926038,0.03585389072926038,0.03585389072926038,0.03585389072926038,0.03585389072926038
0.034790753931344086,0.034790753931344086,0.034790753931344086,0.034790753931344086,0.034790753931344086,0.034790753931344086,0.034790753931344086,0.034790753931344086,0.034790753931344086,0.034790753931344086,0.034790753931344086,0.034790753931344086,0.034790753931344086,0.034790753931344086
0.03411536534948711,0.03411536534948711,0.03411536534948711,0.03411536534948711,0.03411536534948711,0.03411536534948711,0.03411536534948711,0.03411536534948711,0.03411536534948711,0.03411536534948711,0.03411536534948711,0.03411536534948711,0.03411536534948711,0.03411536534948711
0.03442506586494111,0.03442506586494111,0.03442506586494111,0.03442506586494111,0.03442506586494111,0.03442506586494111,0.03442506586494111,0.03442506586494111,0.03442506586494111,0.03442506586494111,0.03442506586494111,0.03442506586494111,0.03442506586494111,0.03442506586494111
0.03545564261631563,0.03545564261631563,0.03545564261631563,0.03545564261631563,0.03545564261631563,0.03545564261631563,0.03545564261631563,0.03545564261631563,0.03545564261631563,0.03545564261631563,0.03545564261631563,0.03545564261631563,0.03545564261631563,0.03545564261631563
0.035538445216917215,0.035538445216917215,0.035538445216917215,0.035538445216917215,0.035538445216917215,0.035538445216917215,0.035538445216917215,0.035538445216917215,0.035538445216917215,0.035538445216917215,0.035538445216917215,0.035538445216917215,0.035538445216917215,0.035538445216917215
0.034873304369517945,0.034873304369517945,0.034873304369517945,0.034873304369517945,0.034873304369517945,0.034873304369517945,0.034873304369517945,0.034873304369517945,0.034873304369517945,0.034873304369517945,0.034873304369517945,0.034873304369517945,0.034873304369517945,0.034873304369517945
0.03391416127933073,0.03391416127933073,0.03391416127933073,0.03391416127933073,0.03391416127933073,0.03391416127933073,0.03391416127933073,0.03391416127933073,0.03391416127933073,0.03391416127933073,0.03391416127933073,0.03391416127933073,0.03391416127933073,0.03391416127933073
0.03194116171609432,0.03194116171609432,0.03194116171609432,0.03194116171609432,0.03194116171609432,0.03194116171609432,0.03194116171609432,0.03194116171609432,0.03194116171609432,0.03194116171609432,0.03194116171609432,0.03194116171609432,0.03194116171609432,0.03194116171609432
0.03071480405883879,0.03071480405883879,0.03071480405883879,0.03071480405883879,0.03071480405883879,0.03071480405883879,0.03071480405883879,0.03071480405883879,0.03071480405883879,0.03071480405883879,0.03071480405883879,0.03071480405883879,0.03071480405883879,0.03071480405883879
0.02837333457645304,0.02837333457645304,0.02837333457645304,0.02837333457645304,0.02837333457645304,0.02837333457645304,0.02837333457645304,0.02837333457645304,0.02837333457645304,0.02837333457645304,0.02837333457645304,0.02837333457645304,0.02837333457645304,0.02837333457645304
0.024463058258988018,0.024463058258988018,0.024463058258988018,0.024463058258988018,0.024463058258988018,0.024463058258988018,0.024463058258988018,0.024463058258988018,0.024463058258988018,0.024463058258988018,0.024463058258988018,0.024463058258988018,0.024463058258988018,0.024463058258988018
0.0209974059327808,0.0209974059327808,0.0209974059327808,0.0209974059327808,0.0209974059327808,0.0209974059327808,0.0209974059327808,0.0209974059327808,0.0209974059327808,0.0209974059327808,0.0209974059327808,0.0209974059327808,0.0209974059327808,0.0209974059327808
0.017345047067324457,0.017345047067324457,0.017345047067324457,0.017345047067324457,0.017345047067324457,0.017345047067324457,0.017345047067324457,0.017345047067324457,0.017345047067324457,0.017345047067324457,0.017345047067324457,0.017345047067324457,0.017345047067324457,0.017345047067324457
0.013311360005149816,0.013311360005149816,0.013311360005149816,0.013311360005149816,0.013311360005149816,0.013311360005149816,0.013311360005149816,0.013311360005149816,0.013311360005149816,0.013311360005149816,0.013311360005149816,0.013311360005149816,0.013311360005149816,0.013311360005149816
0.010857228263445595,0.010857228263445595,0.010857228263445595,0.010857228263445595,0.010857228263445595,0.010857228263445595,0.010857228263445595,0.010857228263445595,0.010857228263445595,0.010857228263445595,0.010857228263445595,0.010857228263445595,0.010857228263445595,0.010857228263445595
0.0081776320347995,0.0081776320347995,0.0081776320347995,0.0081776320347995,0.0081776320347995,0.0081776320347995,0.0081776320347995,0.0081776320347995,0.0081776320347995,0.0081776320347995,0.0081776320347995,0.0081776320347995,0.0081776320347995,0.0081776320347995
0.006252157227790758,0.006252157227790758,0.006252157227790758,0.006252157227790758,0.006252157227790758,0.006252157227790758,0.006252157227790758,0.006252157227790758,0.006252157227790758,0.006252157227790758,0.006252157227790758,0.006252157227790758,0.006252157227790758,0.006252157227790758
0.0062117444352856755,0.0062117444352856755,0.0062117444352856755,0.0062117444352856755,0.0062117444352856755,0.0062117444352856755,0.0062117444352856755,0.0062117444352856755,0.0062117444352856755,0.0062117444352856755,0.0062117444352856755,0.0062117444352856755,0.0062117444352856755,0.0062117444352856755
0.007082539795091982,0.007082539795091982,0.007082539795091982,0.007082539795091982,0.007082539795091982,0.007082539795091982,0.007082539795091982,0.007082539795091982,0.007082539795091982,0.007082539795091982,0.007082539795091982,0.007082539795091982,0.007082539795091982,0.007082539795091982
0.007631179767826343,0.007631179767826343,0.007631179767826343,0.007631179767826343,0.007631179767826343,0.007631179767826343,0.007631179767826343,0.007631179767826343,0.007631179767826343,0.007631179767826343,0.007631179767826343,0.007631179767826343,0.007631179767826343,0.007631179767826343
0.009229272309454105,0.009229272309454105,0.009229272309454105,0.009229272309454105,0.009229272309454105,0.009229272309454105,0.009229272309454105,0.009229272309454105,0.009229272309454105,0.009229272309454105,0.009229272309454105,0.009229272309454105,0.009229272309454105,0.009229272309454105
0.00949311066705035,0.00949311066705035,0.00949311066705035,0.00949311066705035,0.00949311066705035,0.00949311066705035,0.00949311066705035,0.00949311066705035,0.00949311066705035,0.00949311066705035,0.00949311066705035,0.00949311066705035,0.00949311066705035,0.00949311066705035
0.010032157712377294,0.010032157712377294,0.010032157712377294,0.010032157712377294,0.010032157712377294,0.010032157712377294,0.010032157712377294,0.010032157712377294,0.010032157712377294,0.010032157712377294,0.010032157712377294,0.010032157712377294,0.010032157712377294,0.010032157712377294
0.008938022084419812,0.008938022084419812,0.008938022084419812,0.008938022084419812,0.008938022084419812,0.008938022084419812,0.008938022084419812,0.008938022084419812,0.008938022084419812,0.008938022084419812,0.008938022084419812,0.008938022084419812,0.008938022084419812,0.008938022084419812
0.006860846762374811,0.006860846762374811,0.006860846762374811,0.006860846762374811,0.006860846762374811,0.006860846762374811,0.006860846762374811,0.006860846762374811,0.006860846762374811,0.006860846762374811,0.006860846762374811,0.006860846762374811,0.006860846762374811,0.006860846762374811
0.004104700273700019,0.004104700273700019,0.004104700273700019,0.004104700273700019,0.004104700273700019,0.004104700273700019,0.004104700273700019,0.004104700273700019,0.004104700273700019,0.004104700273700019,0.004104700273700019,0.004104700273700019,0.004104700273700019,0.004104700273700019
0.0014106066082579345,0.0014106066082579345,0.0014106066082579345,0.0014106066082579345,0.0014106066082579345,0.0014106066082579345,0.0014106066082579345,0.0014106066082579345,0.0014106066082579345,0.0014106066082579345,0.0014106066082579345,0.0014106066082579345,0.0014106066082579345,0.0014106066082579345
-0.001460709198574555,-0.001460709198574555,-0.001460709198574555,-0.001460709198574555,-0.001460709198574555,-0.001460709198574555,-0.001460709198574555,-0.001460709198574555,-0.001460709198574555,-0.001460709198574555,-0.001460709198574555,-0.001460709198574555,-0.001460709198574555,-0.001460709198574555
-0.003917333900038936,-0.003917333900038936,-0.003917333900038936,-0.003917333900038936,-0.003917333900038936,-0.003917333900038936,-0.003917333900038936,-0.003917333900038936,-0.003917333900038936,-0.003917333900038936,-0.003917333900038936,-0.003917333900038936,-0.003917333900038936,-0.003917333900038936
-0.006469044976100536,-0.006469044976100536,-0.006469044976100536,-0.006469044976100536,-0.006469044976100536,-0.006469044976100536,-0.006469044976100536,-0.006469044976100536,-0.006469044976100536,-0.006469044976100536,-0.006469044976100536,-0.006469044976100536,-0.006469044976100536,-0.006469044976100536
-0.009480779479665687,-0.009480779479665687,-0.009480779479665687,-0.009480779479665687,-0.009480779479665687,-0.009480779479665687,-0.009480779479665687,-0.009480779479665687,-0.009480779479665687,-0.009480779479665687,-0.009480779479665687,-0.009480779479665687,-0.009480779479665687,-0.009480779479665687
-0.011184181507302545,-0.011184181507302545,-0.011184181507302545,-0.011184181507302545,-0.011184181507302545,-0.011184181507302545,-0.011184181507302545,-0.011184181507302545,-0.011184181507302545,-0.011184181507302545,-0.011184181507302545,-0.011184181507302545,-0.011184181507302545,-0.011184181507302545
-0.012269990467842792,-0.012269990467842792,-0.012269990467842792,-0.012269990467842792,-0.012269990467842792,-0.012269990467842792,-0.012269990467842792,-0.012269990467842792,-0.012269990467842792,-0.012269990467842792,-0.012269990467842792,-0.012269990467842792,-0.012269990467842792,-0.012269990467842792
-0.013362988673517154,-0.013362988673517154,-0.013362988673517154,-0.013362988673517154,-0.013362988673517154,-0.013362988673517154,-0.013362988673517154,-0.013362988673517154,-0.013362988673517154,-0.013362988673517154,-0.013362988673517154,-0.013362988673517154,-0.013362988673517154,-0.013362988673517154
-0.013959814682848508,-0.013959814682848508,-0.013959814682848508,-0.013959814682848508,-0.013959814682848508,-0.013959814682848508,-0.013959814682848508,-0.013959814682848508,-0.013959814682848508,-0.013959814682848508,-0.013959814682848508,-0.013959814682848508,-0.013959814682848508,-0.013959814682848508
-0.013984978330500381,-0.013984978330500381,-0.013984978330500381,-0.013984978330500381,-0.013984978330500381,-0.013984978330500381,-0.013984978330500381,-0.013984978330500381,-0.013984978330500381,-0.013984978330500381,-0.013984978330500381,-0.013984978330500381,-0.013984978330500381,-0.013984978330500381
-0.014799854427437073,-0.014799854427437073,-0.014799854427437073,-0.014799854427437073,-0.014799854427437073,-0.014799854427437073,-0.014799854427437073,-0.014799854427437073,-0.014799854427437073,-0.014799854427437073,-0.014799854427437073,-0.014799854427437073,-0.014799854427437073,-0.014799854427437073
-0.015133392112713152,-0.015133392112713152,-0.015133392112713152,-0.015133392112713152,-0.015133392112713152,-0.015133392112713152,-0.015133392112713152,-0.015133392112713152,-0.015133392112713152,-0.015133392112713152,-0.015133392112713152,-0.015133392112713152,-0.015133392112713152,-0.015133392112713152
-0.014159223854616704,-0.014159223854616704,-0.014159223854616704,-0.014159223854616704,-0.014159223854616704,-0.014159223854616704,-0.014159223854616704,-0.014159223854616704,-0.014159223854616704,-0.014159223854616704,-0.014159223854616704,-0.014159223854616704,-0.014159223854616704,-0.014159223854616704
-0.013290789171866851,-0.013290789171866851,-0.013290789171866851,-0.013290789171866851,-0.013290789171866851,-0.013290789171866851,-0.013290789171866851,-0.013290789171866851,-0.013290789171866851,-0.013290789171866851,-0.013290789171866851,-0.013290789171866851,-0.013290789171866851,-0.013290789171866851
-0.011508242346374277,-0.011508242346374277,-0.011508242346374277,-0.011508242346374277,-0.011508242346374277,-0.011508242346374277,-0.011508242346374277,-0.011508242346374277,-0.011508242346374277,-0.011508242346374277,-0.011508242346374277,-0.011508242346374277,-0.011508242346374277,-0.011508242346374277
-0.009787035349210781,-0.009787035349210781,-0.009787035349210781,-0.009787035349210781,-0.009787035349210781,-0.009787035349210781,-0.009787035349210781,-0.009787035349210781,-0.009787035349210781,-0.009787035349210781,-0.009787035349210781,-0.009787035349210781,-0.009787035349210781,-0.009787035349210781
-0.008948026743457158,-0.008948026743457158,-0.008948026743457158,-0.008948026743457158,-0.008948026743457158,-0.008948026743457158,-0.008948026743457158,-0.008948026743457158,-0.008948026743457158,-0.008948026743457158,-0.008948026743457158,-0.008948026743457158,-0.008948026743457158,-0.008948026743457158
-0.007574500621597047,-0.007574500621597047,-0.007574500621597047,-0.007574500621597047,-0.007574500621597047,-0.007574500621597047,-0.007574500621597047,-0.007574500621597047,-0.007574500621597047,-0.007574500621597047,-0.007574500621597047,-0.007574500621597047,-0.007574500621597047,-0.007574500621597047
-0.0061645403912151606,-0.0061645403912151606,-0.0061645403912151606,-0.0061645403912151606,-0.0061645403912151606,-0.0061645403912151606,-0.0061645403912151606,-0.0061645403912151606,-0.0061645403912151606,-0.0061645403912151606,-0.0061645403912151606,-0.0061645403912151606,-0.0061645403912151606,-0.0061645403912151606
-0.004651117244301136,-0.004651117244301136,-0.004651117244301136,-0.004651117244301136,-0.004651117244301136,-0.004651117244301136,-0.004651117244301136,-0.004651117244301136,-0.004651117244301136,-0.004651117244301136,-0.004651117244301136,-0.004651117244301136,-0.004651117244301136,-0.004651117244301136
-0.0031657708953281424,-0.0031657708953281424,-0.0031657708953281424,-0.0031657708953281424,-0.0031657708953281424,-0.0031657708953281424,-0.0031657708953281424,-0.0031657708953281424,-0.0031657708953281424,-0.0031657708953281424,-0.0031657708953281424,-0.0031657708953281424,-0.0031657708953281424,-0.0031657708953281424
-0.0025291776388931997,-0.0025291776388931997,-0.0025291776388931997,-0.0025291776388931997,-0.0025291776388931997,-0.0025291776388931997,-0.0025291776388931997,-0.0025291776388931997,-0.0025291776388931997,-0.0025291776388931997,-0.0025291776388931997,-0.0025291776388931997,-0.0025291776388931997,-0.0025291776388931997
-0.0015162082735941417,-0.0015162082735941417,-0.0015162082735941417,-0.0015162082735941417,-0.0015162082735941417,-0.0015162082735941417,-0.0015162082735941417,-0.0015162082735941417,-0.0015162082735941417,-0.0015162082735941417,-0.0015162082735941417,-0.0015162082735941417,-0.0015162082735941417,-0.0015162082735941417
-0.001228424135980858,-0.001228424135980858,-0.001228424135980858,-0.001228424135980858,-0.001228424135980858,-0.001228424135980858,-0.001228424135980858,-0.001228424135980858,-0.001228424135980858,-0.001228424135980858,-0.001228424135980858,-0.001228424135980858,-0.001228424135980858,-0.001228424135980858
-0.0012523638202564082,-0.0012523638202564082,-0.0012523638202564082,-0.0012523638202564082,-0.0012523638202564082,-0.0012523638202564082,-0.0012523638202564082,-0.0012523638202564082,-0.0012523638202564082,-0.0012523638202564082,-0.0012523638202564082,-0.0012523638202564082,-0.0012523638202564082,-0.0012523638202564082
-0.0016717655590755497,-0.0016717655590755497,-0.0016717655590755497,-0.0016717655590755497,-0.0016717655590755497,-0.0016717655590755497,-0.0016717655590755497,-0.0016717655590755497,-0.0016717655590755497,-0.0016717655590755497,-0.0016717655590755497,-0.0016717655590755497,-0.0016717655590755497,-0.0016717655590755497
-0.0018198351220954218,-0.0018198351220954218,-0.0018198351220954218,-0.0018198351220954218,-0.0018198351220954218,-0.0018198351220954218,-0.0018198351220954218,-0.0018198351220954218,-0.0018198351220954218,-0.0018198351220954218,-0.0018198351220954218,-0.0018198351220954218,-0.0018198351220954218,-0.0018198351220954218
-0.0012684929295331668,-0.0012684929295331668,-0.0012684929295331668,-0.0012684929295331668,-0.0012684929295331668,-0.0012684929295331668,-0.0012684929295331668,-0.0012684929295331668,-0.0012684929295331668,-0.0012684929295331668,-0.0012684929295331668,-0.0012684929295331668,-0.0012684929295331668,-0.0012684929295331668
-0.00047839764563988886,-0.00047839764563988886,-0.00047839764563988886,-0.00047839764563988886,-0.00047839764563988886,-0.00047839764563988886,-0.00047839764563988886,-0.00047839764563988886,-0.00047839764563988886,-0.00047839764563988886,-0.00047839764563988886,-0.00047839764563988886,-0.00047839764563988886,-0.00047839764563988886
-0.0018440607056014729,-0.0018440607056014729,-0.0018440607056014729,-0.0018440607056014729,-0.0018440607056014729,-0.0018440607056014729,-0.0018440607056014729,-0.0018440607056014729,-0.0018440607056014729,-0.0018440607056014729,-0.0018440607056014729,-0.0018440607056014729,-0.0018440607056014729,-0.0018440607056014729
-0.004041487948281218,-0.004041487948281218,-0.004041487948281218,-0.004041487948281218,-0.004041487948281218,-0.004041487948281218,-0.004041487948281218,-0.004041487948281218,-0.004041487948281218,-0.004041487948281218,-0.004041487948281218,-0.004041487948281218,-0.004041487948281218,-0.004041487948281218
-0.004887817663078097,-0.004887817663078097,-0.004887817663078097,-0.004887817663078097,-0.004887817663078097,-0.004887817663078097,-0.004887817663078097,-0.004887817663078097,-0.004887817663078097,-0.004887817663078097,-0.004887817663078097,-0.004887817663078097,-0.004887817663078097,-0.004887817663078097
-0.0060381221434499584,-0.0060381221434499584,-0.0060381221434499584,-0.0060381221434499584,-0.0060381221434499584,-0.0060381221434499584,-0.0060381221434499584,-0.0060381221434499584,-0.0060381221434499584,-0.0060381221434499584,-0.0060381221434499584,-0.0060381221434499584,-0.0060381221434499584,-0.0060381221434499584
-0.0062900902509277325,-0.0062900902509277325,-0.0062900902509277325,-0.0062900902509277325,-0.0062900902509277325,-0.0062900902509277325,-0.0062900902509277325,-0.0062900902509277325,-0.0062900902509277325,-0.0062900902509277325,-0.0062900902509277325,-0.0062900902509277325,-0.0062900902509277325,-0.0062900902509277325
-0.005181139979711834,-0.005181139979711834,-0.005181139979711834,-0.005181139979711834,-0.005181139979711834,-0.005181139979711834,-0.005181139979711834,-0.005181139979711834,-0.005181139979711834,-0.005181139979711834,-0.005181139979711834,-0.005181139979711834,-0.005181139979711834,-0.005181139979711834
-0.003306171477487287,-0.003306171477487287,-0.003306171477487287,-0.003306171477487287,-0.003306171477487287,-0.003306171477487287,-0.003306171477487287,-0.003306171477487287,-0.003306171477487287,-0.003306171477487287,-0.003306171477487287,-0.003306171477487287,-0.003306171477487287,-0.003306171477487287
-0.0017977848094886235,-0.0017977848094886235,-0.0017977848094886235,-0.0017977848094886235,-0.0017977848094886235,-0.0017977848094886235,-0.0017977848094886235,-0.0017977848094886235,-0.0017977848094886235,-0.0017977848094886235,-0.0017977848094886235,-0.0017977848094886235,-0.0017977848094886235,-0.0017977848094886235
0.00035292750538314923,0.00035292750538314923,0.00035292750538314923,0.00035292750538314923,0.00035292750538314923,0.00035292750538314923,0.00035292750538314923,0.00035292750538314923,0.00035292750538314923,0.00035292750538314923,0.00035292750538314923,0.00035292750538314923,0.00035292750538314923,0.00035292750538314923
0.0012807877299053723,0.0012807877299053723,0.0012807877299053723,0.0012807877299053723,0.0012807877299053723,0.0012807877299053723,0.0012807877299053723,0.0012807877299053723,0.0012807877299053723,0.0012807877299053723,0.0012807877299053723,0.0012807877299053723,0.0012807877299053723,0.0012807877299053723
0.0020205472888840514,0.0020205472888840514,0.0020205472888840514,0.0020205472888840514,0.0020205472888840514,0.0020205472888840514,0.0020205472888840514,0.0020205472888840514,0.0020205472888840514,0.0020205472888840514,0.0020205472888840514,0.0020205472888840514,0.0020205472888840514,0.0020205472888840514
0.0018409215362957048,0.0018409215362957048,0.0018409215362957048,0.0018409215362957048,0.0018409215362957048,0.0018409215362957048,0.0018409215362957048,0.0018409215362957048,0.0018409215362957048,0.0018409215362957048,0.0018409215362957048,0.0018409215362957048,0.0018409215362957048,0.0018409215362957048
0.0033472225944281902,0.0033472225944281902,0.0033472225944281902,0.0033472225944281902,0.0033472225944281902,0.0033472225944281902,0.0033472225944281902,0.0033472225944281902,0.0033472225944281902,0.0033472225944281902,0.0033472225944281902,0.0033472225944281902,0.0033472225944281902,0.0033472225944281902
0.004585424569678905,0.004585424569678905,0.004585424569678905,0.004585424569678905,0.004585424569678905,0.004585424569678905,0.004585424569678905,0.004585424569678905,0.004585424569678905,0.004585424569678905,0.004585424569678905,0.004585424569678905,0.004585424569678905,0.004585424569678905
0.004676377725365295,0.004676377725365295,0.004676377725365295,0.004676377725365295,0.004676377725365295,0.004676377725365295,0.004676377725365295,0.004676377725365295,0.004676377725365295,0.004676377725365295,0.004676377725365295,0.004676377725365295,0.004676377725365295,0.004676377725365295
0.0029124238577989178,0.0029124238577989178,0.0029124238577989178,0.0029124238577989178,0.0029124238577989178,0.0029124238577989178,0.0029124238577989178,0.0029124238577989178,0.0029124238577989178,0.0029124238577989178,0.0029124238577989178,0.0029124238577989178,0.0029124238577989178,0.0029124238577989178
0.0011051434641035308,0.0011051434641035308,0.0011051434641035308,0.0011051434641035308,0.0011051434641035308,0.0011051434641035308,0.0011051434641035308,0.0011051434641035308,0.0011051434641035308,0.0011051434641035308,0.0011051434641035308,0.0011051434641035308,0.0011051434641035308,0.0011051434641035308
0.0012904038169968533,0.0012904038169968533,0.0012904038169968533,0.0012904038169968533,0.0012904038169968533,0.0012904038169968533,0.0012904038169968533,0.0012904038169968533,0.0012904038169968533,0.0012904038169968533,0.0012904038169968533,0.0012904038169968533,0.0012904038169968533,0.0012904038169968533
0.00023569889456035407,0.00023569889456035407,0.00023569889456035407,0.00023569889456035407,0.00023569889456035407,0.00023569889456035407,0.00023569889456035407,0.00023569889456035407,0.00023569889456035407,0.00023569889456035407,0.00023569889456035407,0.00023569889456035407,0.00023569889456035407,0.00023569889456035407
-0.000740983324847307,-0.000740983324847307,-0.000740983324847307,-0.000740983324847307,-0.000740983324847307,-0.000740983324847307,-0.000740983324847307,-0.000740983324847307,-0.000740983324847307,-0.000740983324847307,-0.000740983324847307,-0.000740983324847307,-0.000740983324847307,-0.000740983324847307
-0.0026521169860986484,-0.0026521169860986484,-0.0026521169860986484,-0.0026521169860986484,-0.0026521169860986484,-0.0026521169860986484,-0.0026521169860986484,-0.0026521169860986484,-0.0026521169860986484,-0.0026521169860986484,-0.0026521169860986484,-0.0026521169860986484,-0.0026521169860986484,-0.0026521169860986484
-0.005151701144313491,-0.005151701144313491,-0.005151701144313491,-0.005151701144313491,-0.005151701144313491,-0.005151701144313491,-0.005151701144313491,-0.005151701144313491,-0.005151701144313491,-0.005151701144313491,-0.005151701144313491,-0.005151701144313491,-0.005151701144313491,-0.005151701144313491
-0.007390198351900057,-0.007390198351900057,-0.007390198351900057,-0.007390198351900057,-0.007390198351900057,-0.007390198351900057,-0.007390198351900057,-0.007390198351900057,-0.007390198351900057,-0.007390198351900057,-0.007390198351900057,-0.007390198351900057,-0.007390198351900057,-0.007390198351900057
-0.00857128759523555,-0.00857128759523555,-0.00857128759523555,-0.00857128759523555,-0.00857128759523555,-0.00857128759523555,-0.00857128759523555,-0.00857128759523555,-0.00857128759523555,-0.00857128759523555,-0.00857128759523555,-0.00857128759523555,-0.00857128759523555,-0.00857128759523555
-0.009120230893977215,-0.009120230893977215,-0.009120230893977215,-0.009120230893977215,-0.009120230893977215,-0.009120230893977215,-0.009120230893977215,-0.009120230893977215,-0.009120230893977215,-0.009120230893977215,-0.009120230893977215,-0.009120230893977215,-0.009120230893977215,-0.009120230893977215
-0.010078706794431368,-0.010078706794431368,-0.010078706794431368,-0.010078706794431368,-0.010078706794431368,-0.010078706794431368,-0.010078706794431368,-0.010078706794431368,-0.010078706794431368,-0.010078706794431368,-0.010078706794431368,-0.010078706794431368,-0.010078706794431368,-0.010078706794431368
-0.010910968616547185,-0.010910968616547185,-0.010910968616547185,-0.010910968616547185,-0.010910968616547185,-0.010910968616547185,-0.010910968616547185,-0.010910968616547185,-0.010910968616547185,-0.010910968616547185,-0.010910968616547185,-0.010910968616547185,-0.010910968616547185,-0.010910968616547185
-0.011221672138205015,-0.011221672138205015,-0.011221672138205015,-0.011221672138205015,-0.011221672138205015,-0.011221672138205015,-0.011221672138205015,-0.011221672138205015,-0.011221672138205015,-0.011221672138205015,-0.011221672138205015,-0.011221672138205015,-0.011221672138205015,-0.011221672138205015
-0.01077509118420648,-0.01077509118420648,-0.01077509118420648,-0.01077509118420648,-0.01077509118420648,-0.01077509118420648,-0.01077509118420648,-0.01077509118420648,-0.01077509118420648,-0.01077509118420648,-0.01077509118420648,-0.01077509118420648,-0.01077509118420648,-0.01077509118420648
-0.010655362201725591,-0.010655362201725591,-0.010655362201725591,-0.010655362201725591,-0.010655362201725591,-0.010655362201725591,-0.010655362201725591,-0.010655362201725591,-0.010655362201725591,-0.010655362201725591,-0.010655362201725591,-0.010655362201725591,-0.010655362201725591,-0.010655362201725591
-0.009488516559746106,-0.009488516559746106,-0.009488516559746106,-0.009488516559746106,-0.009488516559746106,-0.009488516559746106,-0.009488516559746106,-0.009488516559746106,-0.009488516559746106,-0.009488516559746106,-0.009488516559746106,-0.009488516559746106,-0.009488516559746106,-0.009488516559746106
-0.009417317752639535,-0.009417317752639535,-0.009417317752639535,-0.009417317752639535,-0.009417317752639535,-0.009417317752639535,-0.009417317752639535,-0.009417317752639535,-0.009417317752639535,-0.009417317752639535,-0.009417317752639535,-0.009417317752639535,-0.009417317752639535,-0.009417317752639535
-0.009507979221977025,-0.009507979221977025,-0.009507979221977025,-0.009507979221977025,-0.009507979221977025,-0.009507979221977025,-0.009507979221977025,-0.009507979221977025,-0.009507979221977025,-0.009507979221977025,-0.009507979221977025,-0.009507979221977025,-0.009507979221977025,-0.009507979221977025
-0.009835824329458632,-0.009835824329458632,-0.009835824329458632,-0.009835824329458632,-0.009835824329458632,-0.009835824329458632,-0.009835824329458632,-0.009835824329458632,-0.009835824329458632,-0.009835824329458632,-0.009835824329458632,-0.009835824329458632,-0.009835824329458632,-0.009835824329458632
-0.01043035823984633,-0.01043035823984633,-0.01043035823984633,-0.01043035823984633,-0.01043035823984633,-0.01043035823984633,-0.01043035823984633,-0.01043035823984633,-0.01043035823984633,-0.01043035823984633,-0.01043035823984633,-0.01043035823984633,-0.01043035823984633,-0.01043035823984633
-0.011701858553859608,-0.011701858553859608,-0.011701858553859608,-0.011701858553859608,-0.011701858553859608,-0.011701858553859608,-0.011701858553859608,-0.011701858553859608,-0.011701858553859608,-0.011701858553859608,-0.011701858553859608,-0.011701858553859608,-0.011701858553859608,-0.011701858553859608
-0.013819935540521577,-0.013819935540521577,-0.013819935540521577,-0.013819935540521577,-0.013819935540521577,-0.013819935540521577,-0.013819935540521577,-0.013819935540521577,-0.013819935540521577,-0.013819935540521577,-0.013819935540521577,-0.013819935540521577,-0.013819935540521577,-0.013819935540521577
-0.015205538601206074,-0.015205538601206074,-0.015205538601206074,-0.015205538601206074,-0.015205538601206074,-0.015205538601206074,-0.015205538601206074,-0.015205538601206074,-0.015205538601206074,-0.015205538601206074,-0.015205538601206074,-0.015205538601206074,-0.015205538601206074,-0.015205538601206074
-0.016078282771667448,-0.016078282771667448,-0.016078282771667448,-0.016078282771667448,-0.016078282771667448,-0.016078282771667448,-0.016078282771667448,-0.016078282771667448,-0.016078282771667448,-0.016078282771667448,-0.016078282771667448,-0.016078282771667448,-0.016078282771667448,-0.016078282771667448
-0.016047409994103506,-0.016047409994103506,-0.016047409994103506,-0.016047409994103506,-0.016047409994103506,-0.016047409994103506,-0.016047409994103506,-0.016047409994103506,-0.016047409994103506,-0.016047409994103506,-0.016047409994103506,-0.016047409994103506,-0.016047409994103506,-0.016047409994103506
-0.016299928356116877,-0.016299928356116877,-0.016299928356116877,-0.016299928356116877,-0.016299928356116877,-0.016299928356116877,-0.016299928356116877,-0.016299928356116877,-0.016299928356116877,-0.016299928356116877,-0.016299928356116877,-0.016299928356116877,-0.016299928356116877,-0.016299928356116877
-0.016912818346592987,-0.016912818346592987,-0.016912818346592987,-0.016912818346592987,-0.016912818346592987,-0.016912818346592987,-0.016912818346592987,-0.016912818346592987,-0.016912818346592987,-0.016912818346592987,-0.016912818346592987,-0.016912818346592987,-0.016912818346592987,-0.016912818346592987
-0.016320682004757142,-0.016320682004757142,-0.016320682004757142,-0.016320682004757142,-0.016320682004757142,-0.016320682004757142,-0.016320682004757142,-0.016320682004757142,-0.016320682004757142,-0.016320682004757142,-0.016320682004757142,-0.016320682004757142,-0.016320682004757142,-0.016320682004757142
-0.015331597986690598,-0.015331597986690598,-0.015331597986690598,-0.015331597986690598,-0.015331597986690598,-0.015331597986690598,-0.015331597986690598,-0.015331597986690598,-0.015331597986690598,-0.015331597986690598,-0.015331597986690598,-0.015331597986690598,-0.015331597986690598,-0.015331597986690598
-0.015098015020125664,-0.015098015020125664,-0.015098015020125664,-0.015098015020125664,-0.015098015020125664,-0.015098015020125664,-0.015098015020125664,-0.015098015020125664,-0.015098015020125664,-0.015098015020125664,-0.015098015020125664,-0.015098015020125664,-0.015098015020125664,-0.015098015020125664
-0.014724630797265015,-0.014724630797265015,-0.014724630797265015,-0.014724630797265015,-0.014724630797265015,-0.014724630797265015,-0.014724630797265015,-0.014724630797265015,-0.014724630797265015,-0.014724630797265015,-0.014724630797265015,-0.014724630797265015,-0.014724630797265015,-0.014724630797265015
-0.014430553994976053,-0.014430553994976053,-0.014430553994976053,-0.014430553994976053,-0.014430553994976053,-0.014430553994976053,-0.014430553994976053,-0.014430553994976053,-0.014430553994976053,-0.014430553994976053,-0.014430553994976053,-0.014430553994976053,-0.014430553994976053,-0.014430553994976053
-0.013366856803002007,-0.013366856803002007,-0.013366856803002007,-0.013366856803002007,-0.013366856803002007,-0.013366856803002007,-0.013366856803002007,-0.013366856803002007,-0.013366856803002007,-0.013366856803002007,-0.013366856803002007,-0.013366856803002007,-0.013366856803002007,-0.013366856803002007
-0.012075365902106451,-0.012075365902106451,-0.012075365902106451,-0.012075365902106451,-0.012075365902106451,-0.012075365902106451,-0.012075365902106451,-0.012075365902106451,-0.012075365902106451,-0.012075365902106451,-0.012075365902106451,-0.012075365902106451,-0.012075365902106451,-0.012075365902106451
-0.011257117805668144,-0.011257117805668144,-0.011257117805668144,-0.011257117805668144,-0.011257117805668144,-0.011257117805668144,-0.011257117805668144,-0.011257117805668144,-0.011257117805668144,-0.011257117805668144,-0.011257117805668144,-0.011257117805668144,-0.011257117805668144,-0.011257117805668144
-0.01105079209738114,-0.01105079209738114,-0.01105079209738114,-0.01105079209738114,-0.01105079209738114,-0.01105079209738114,-0.01105079209738114,-0.01105079209738114,-0.01105079209738114,-0.01105079209738114,-0.01105079209738114,-0.01105079209738114,-0.01105079209738114,-0.01105079209738114
-0.011055520555746505,-0.011055520555746505,-0.011055520555746505,-0.011055520555746505,-0.011055520555746505,-0.011055520555746505,-0.011055520555746505,-0.011055520555746505,-0.011055520555746505,-0.011055520555746505,-0.011055520555746505,-0.011055520555746505,-0.011055520555746505,-0.011055520555746505
-0.01116379949461293,-0.01116379949461293,-0.01116379949461293,-0.01116379949461293,-0.01116379949461293,-0.01116379949461293,-0.01116379949461293,-0.01116379949461293,-0.01116379949461293,-0.01116379949461293,-0.01116379949461293,-0.01116379949461293,-0.01116379949461293,-0.01116379949461293
-0.012035669106786544,-0.012035669106786544,-0.012035669106786544,-0.012035669106786544,-0.012035669106786544,-0.012035669106786544,-0.012035669106786544,-0.012035669106786544,-0.012035669106786544,-0.012035669106786544,-0.012035669106786544,-0.012035669106786544,-0.012035669106786544,-0.012035669106786544
-0.012855821141569,-0.012855821141569,-0.012855821141569,-0.012855821141569,-0.012855821141569,-0.012855821141569,-0.012855821141569,-0.012855821141569,-0.012855821141569,-0.012855821141569,-0.012855821141569,-0.012855821141569,-0.012855821141569,-0.012855821141569
-0.0151689823852817,-0.0151689823852817,-0.0151689823852817,-0.0151689823852817,-0.0151689823852817,-0.0151689823852817,-0.0151689823852817,-0.0151689823852817,-0.0151689823852817,-0.0151689823852817,-0.0151689823852817,-0.0151689823852817,-0.0151689823852817,-0.0151689823852817
-0.01644288888163132,-0.01644288888163132,-0.01644288888163132,-0.01644288888163132,-0.01644288888163132,-0.01644288888163132,-0.01644288888163132,-0.01644288888163132,-0.01644288888163132,-0.01644288888163132,-0.01644288888163132,-0.01644288888163132,-0.01644288888163132,-0.01644288888163132
-0.01652802875298804,-0.01652802875298804,-0.01652802875298804,-0.01652802875298804,-0.01652802875298804,-0.01652802875298804,-0.01652802875298804,-0.01652802875298804,-0.01652802875298804,-0.01652802875298804,-0.01652802875298804,-0.01652802875298804,-0.01652802875298804,-0.01652802875298804
