A5r,A8l,A3r,A7r,A6r,A4l,A5l,A3l,A7l,A6l,A4r,A8r,A2l,A2r
-0.20982892063050318,-0.002476856281073832,-0.10059182934330421,-0.05349356718149561,-0.13478283905635813,-0.10211123821877748,-0.1612882136302315,-0.03149955263672704,-0.11248564295578864,-0.10728022349338391,-0.059136095283396625,-0.03768100901336157,-0.10712859815372026,0.08945241177543362
-0.18174874785424286,-0.021967689661612503,-0.1082349482817228,-0.02565080282661449,-0.08988935410616045,-0.0868153104194812,-0.14246813542137307,-0.0452091135658073,-0.0812575125872467,-0.104095671450154,-0.04852700114791586,-0.030067532250405385,-0.10169546402481894,0.2162349425501697
-0.07181447974262957,-0.02054042905286882,-0.007246967119170635,-0.10985528419415583,-0.02309795747833888,-0.12159632623226455,-0.10734846244629981,-0.03974188859504008,-0.16467949963156467,-0.09057321802318508,-0.1177537545663454,-0.04856407712408163,-0.13340251104472942,0.0722062040031005
-0.2698040964471692,-0.023579569238644967,-0.12148493012667541,-0.023550872290321316,-0.11965375375646709,-0.12273083456301767,-0.14137352553797441,-0.041398009798283224,-0.1974033620619139,-0.10194986246523166,-0.02681947102028252,-0.030317728296644864,-0.032209588357305884,-0.07129223695602607
-0.16256120498891655,-0.023660247693841813,-0.04327725176091532,-0.06694601956461349,-0.08179175851285149,-0.13594665588741572,-0.11642016752352959,-0.1560891962128184,-0.09451308464031793,0.008719183729621898,-0.07895516461402409,-0.006791510861391402,-0.034154735124274006,0.01848460209386504
-0.06343231798435352,0.00045563029331770525,0.08853821269850584,-0.04691403125006512,-0.06544547360106837,-0.10706412743374301,-0.15900987921716103,-0.10609666792044899,-0.06825422417679412,-0.09643749164066558,0.03175753342138674,-0.056976269681593555,-0.12388275522549537,0.04526552417696738
-0.2125455901714236,-0.07161814831705321,-0.06949970775093108,-0.023706090906451552,-0.060248184934896726,-0.11349425327558542,-0.08026415503937968,-0.10595282724590026,-0.08722229558699447,-0.020327201762020863,0.019568131889941692,-0.0374887710615397,-0.05510342142144007,0.041379760582509716
-0.09238767950475273,-0.07463075376773191,-0.08885249228931742,-0.05955912283251105,-0.11687245750637384,-0.10944783340943662,-0.16727551863317872,-0.060275898222673256,-0.1179690365418822,-0.02095180938103,-0.1649661835985997,-0.08477156450738459,-0.08408328855201329,0.025368067468118823
-0.06251132425363694,-0.10408997682409933,-0.12351350112843,-0.06515870314977848,-0.07592171731712953,-0.10309670876259293,-0.14521929459218622,-0.14257395331510067,-0.15276907134364245,-0.006940480756993549,-0.12152034024751306,-0.02924830632873167,-0.07258944384170228,0.13284330724122215
-0.10231712791503572,-0.09025497083479313,-0.061742946155107246,-0.010612860018614181,-0.03408113250100857,-0.1158851588739445,-0.1501014494646735,-0.08952463110188674,-0.17196610434578627,-0.024882191955778475,-0.015154634431062025,-0.046982720524621206,-0.10643908817325817,0.08311104869581062
-0.08926564758405707,0.007058333251646559,-0.011979230268112569,-0.14022136593013682,-0.01825139099647182,-0.16677108414401745,-0.1535702455989472,-0.08054987319914624,-0.07012738560041623,-0.10185519476836231,-0.09373836252717886,-0.08785943111021756,-0.04605130655656426,0.19587471207266258
-0.05694306217513388,-0.004955687957898471,0.1300427947200428,-0.11179968049812589,-0.10122102982049598,-0.09845367915124573,-0.12377784733530436,-0.09157571094473262,-0.1904487899323121,-0.008621517212060927,-0.09001516252697503,-0.07392959468599557,-0.044438104263645126,0.07067962391183313
-0.16403723101234421,-0.07282775478545228,-0.09123203530817676,0.03149494720920678,-0.25034065328236327,-0.11398412037863907,-0.1279423759364436,-0.07511466557526902,-0.0815043222463329,-0.031801674090208204,-0.04059742898341187,-0.09453674685885015,-0.020629122615211274,0.1991859645473951
-0.16550414625883425,-0.13350356203703934,-0.024940897824531214,-0.11606620728820874,-0.12562809083309512,-0.13781073003058303,-0.15610986595310122,-0.12094993052162077,-0.14520309755573926,-0.017249180895231603,-0.09244684823301748,-0.12466065876631344,-0.07197253304454736,0.025104071189994255
-0.15431785738034207,-0.023682124286643583,-0.03674074615262138,0.024013092773294217,0.029929010359900074,-0.09596718487864515,-0.09462367697067504,-0.09899994150398357,-0.0849762212958865,-0.02751780287504419,-0.006218155673284761,-0.00856230125208947,-0.03876128385567128,0.08790040372750949
-0.04910656508534896,-0.10686708927127979,-0.09210032605021641,-0.022055528965894574,-0.09009221741631597,-0.13542793428727315,-0.061743937217880324,-0.10152750563814288,-0.05660042661199975,-0.10245178372129651,-0.09976911640746727,-0.16625378082803036,-0.06785893352743526,-0.2104623339421253
-0.0548290128835779,0.03084605091630451,0.049694148139794565,-0.15009097960712267,-0.06884668061454663,-0.12744839386466392,-0.12632865740788243,-0.07882084278131052,-0.10807184328831364,-0.11160813633906336,-0.10266710642323368,-0.023071735035544504,-0.010174819906295193,-0.004561031108926486
-0.046101912298065734,-0.006505744377662956,0.03808465402886021,-0.17206430054682575,-0.009495829683310416,-0.09777447694438934,-0.11667039161305688,-0.03015181911571407,-0.21231730866432535,0.011393006170493204,-0.12195885059051682,-0.08809102284731704,-0.07869003778928846,-0.059097750248165624
-0.06368906651363453,-0.053680522555167955,0.05175313378636304,-0.07263309260242236,-0.04646426077112158,-0.12015813987003811,-0.08365138336291729,-0.054364618358926343,-0.1077947382555629,-0.09420910634504538,-0.08414085587700648,-0.03067128917074544,-0.13635139927022197,0.0162387977422652
-0.18267904148007572,0.005955467681655901,0.029588303084164196,-0.08301608613667676,-0.06312178388785779,-0.06472130756877682,-0.10045674379611509,-0.10665792977226976,-0.07431281520467968,-0.07395152062647418,-0.05480500684413862,-0.017831183429451468,-0.06580440289478136,0.005579196316921262
-0.14095368012454398,-0.02543073766900081,-0.05670247109007507,-0.09317263911711562,-0.07511970918552599,-0.061284995566062365,-0.07744615163732926,-0.04781826732914895,-0.046070978270963854,-0.03542258196274312,0.03418642198384141,0.1101477713028371,-0.1263643758957813,0.0015777020189654619
-0.16732570552017406,-0.006834829814418232,0.06323791857537368,-0.1320594026271026,-0.032420260890121705,-0.026389906352825735,-0.1506943545749477,-0.046189504309152446,-0.12440667155176888,-0.0985103238563676,-0.05760559238417628,-0.08565447130553265,-0.09750828523197998,0.08631434078547444
-0.13981463242002032,-0.0397019774347077,0.004718664660770091,-0.12102091707524318,-0.13696470459032667,-0.061583260845506804,-0.06623512933644438,-0.0858140414203252,-0.10146783678556527,-0.09238353072212614,-0.009170883049342259,-0.04417154633705005,-0.07503868151126628,-0.050409251467961866
-0.1354045782148788,-0.0028913001776531733,-0.13267058633804726,-0.14552052038230792,-0.08067584356156288,-0.08354815262214557,-0.10452741779437737,-0.11425149118828523,-0.031411874922931675,-0.12133510214658878,-0.08944378712714302,-0.07776386267273774,-0.009931372070756382,-0.0661118593708963
0.01446086096477421,-0.030556640642506176,0.03039855216360953,-0.10890225742407994,-0.15203834295489244,-0.11163665723968344,-0.01109000033540794,-0.08438782903319605,-0.02196836889077027,-0.0061860373663173256,0.11348978027129787,-0.06863983809011069,0.017664187622644708,-0.07809606886511976
-0.03392693469169836,-0.06635978783286722,-0.14612037344179463,-0.12444860254245597,-0.06811576416818352,-0.06862247654732438,-0.05657834876415683,-0.0976432626359248,-0.046886759975872536,-0.11368125757744431,-0.023656181189920248,0.007905762895361596,-0.03869252427007407,-0.0330216201555941
-0.14694176045846322,-0.0678755081813642,0.164289145498654,-0.04685817841168645,-0.15946892237603386,-0.051930023661270225,-0.06791065645207013,-0.022354646768208038,-0.15551635075378265,-0.1188405159226575,-0.11004789846382947,-0.07498479786819169,0.009496342254809921,0.02380363672230502
-0.21769694500255024,-0.03411124578417162,0.11766224517878673,-0.091948469791244,-0.13248720689007554,-0.060289472620642416,-0.10495836499414181,-0.09168068401442554,-0.01582219372943944,-0.14128869809655367,-0.06636329033682255,-0.04687678015161959,-0.013382561703654431,0.05852553190302977
-0.03840788046608248,0.057552608517769804,-0.13042382241959316,-0.034753590012478,-0.17914764360372296,-0.06867375384331047,-0.11797223829100946,-0.03727107712091027,-0.08969133723204196,-0.05782262995492173,-0.05213617052248713,-0.07680625715245994,-0.01578863713874638,-0.018668712945886044
-0.000810744704231175,0.04713825328910457,-0.029617810228552314,-0.04263526007179385,-0.1831917155925866,-0.05658626722723703,-0.11363290485409923,0.02369054544778399,-0.06989371431673912,-0.04297756525267209,-0.11119538348579673,0.00827422955716793,0.020402609003409913,0.007402628434488536
0.008691427956328983,-0.048001660017617014,-0.060085758954807146,-0.15964136168401197,-0.10825440777249289,0.025177640503885903,-0.1350712970994037,-0.05286481735489584,-0.05308231071369074,-0.11846379235537888,-0.020352863320728883,0.023490640878231845,-0.06451256625979025,-0.08531343411208567
-0.1985559835026427,0.03676155065275716,0.011550032322465086,-0.08981420336664406,-0.12973527376631505,-0.01941260115400913,-0.09073288597582704,-0.07402151491221007,-0.08002368768804488,-0.09829771842739507,-0.05787801928443308,0.018784777666690216,-0.023862483029077584,0.020115272296417897
-0.19816860821455382,0.061971379344331966,-0.021525009768881203,-0.07593168606557849,-0.16563088641272986,-0.0855130202718805,-0.04511931849568324,-0.0813026532187911,-0.09801697665861046,-0.03499706415424143,-0.00821106654701522,0.007026772513633369,-0.07739424617256883,-0.12680502451737496
-0.24150386136715518,-0.13941602386704607,0.03318836777127726,-0.04573125674608402,-0.07733381583107342,-0.06707294115067797,-0.15646323420187494,-0.0759543460156749,-0.1291927331278936,-0.07334279673549003,-0.06899221192342878,-0.11476273532307564,-0.02019389014455185,-0.034077688485141984
-0.25186134666881776,0.04080350694486711,-0.010055866446429772,-0.06432084009115746,-0.12432558481105613,-0.0486680189716664,-0.11974806858791504,-0.03510164717903712,-0.04989757386591557,-0.034852159916879843,0.016530000130740154,0.03530658765184974,-0.052381853688464375,0.11004494522665477
-0.1460185099751117,-0.0676808561291224,0.013082686598627628,-0.06426277666275643,-0.24002982991383373,-0.06182129520159034,-0.09078058412884503,-0.07069136639614658,-0.02576513277945389,-0.07559189645300543,-0.044311567137629196,0.07591221931153187,-0.07610368218867536,0.0791138465793127
-0.013967478871433698,-0.05319652629277177,0.016266480906126497,-0.08689953480005198,-0.1372586717711319,-0.11429552873792907,-0.17765488727712328,-0.034205568117809323,-0.04975143197382422,0.03570259886603224,-0.05590899732175617,-0.045141754692557094,-0.020180549119895433,-0.09281906140018963
-0.11115368970717862,-0.030695963411575017,0.02016717452819408,-0.10400819683808407,-0.04996974761265294,-0.007250958490344499,-0.11959207283236253,-0.04398070362034554,-0.10649470748007638,-0.0454587911709101,-0.07928032655597464,0.023251762733275057,-0.14486336817027848,-0.024284129832732256
-0.14437358583881363,0.06647223886731247,0.11452045034708955,-0.07471312202484554,-0.017779953101243123,-0.09481029367800105,-0.10526278488413987,-0.026620731083683225,-0.05772514243375869,-0.1302794417639889,-0.08932431495129646,-0.0540948568105561,-0.011446129231616194,-0.1033310490885017
-0.14963899981219528,0.005809561918158917,0.07564283156921153,-0.03687342657556934,-0.018847030899044277,-0.06492115396730014,-0.06112852195554312,-0.07119084710230254,-0.1196733090376023,-0.031029213449059883,-0.07716864540197303,-0.10311615478005791,-0.015281010160720903,0.06069218761378973
-0.13575058104009485,0.012611387364573035,-0.01614661240061386,-0.06400077026571419,-0.05418557075477646,-0.03674796668083914,-0.016237716468374908,-0.05089788349978026,-0.1518430700162338,-0.08311277148306032,-0.013839348703983324,-0.019921136686274047,0.003111026260478167,-0.15279782823897622
-0.06324810576170384,0.04171743268325245,-0.060127057846239666,-0.04295857583110768,-0.07269450389323143,-0.06951636001612975,-0.150964754663328,-0.08991597013887676,-0.1432626515930982,-0.0011859389992993892,0.010689197578408777,-0.10918494758402163,-0.09353345175448174,-0.09545546203405081
-0.1493840619324823,0.015565220395612147,-0.08441904500094968,-0.02424367227712929,-0.053744941129624864,-0.019321314940300465,-0.061536289604644114,-0.04408941508148889,-0.0512095402249441,-0.05954644998968302,0.026999268606792057,-0.024168231431646852,-0.04537912123087574,0.16801271413312782
-0.1292409075412529,0.05229623349728107,-0.05937264108836722,-0.037771420991493464,-0.06284953650619653,-0.11508199671332073,-0.10540513955711778,-0.09456230232191083,-0.11324809272528415,-0.0509759056913159,-0.044083252894477454,0.006040268186266712,-0.05902327086738451,-0.12181072635786536
-0.11008479792365622,0.08112040435078433,-0.03473588287610553,-0.14461219182350282,-0.05418547690336253,-0.039830152728375985,-0.05779487205058393,-0.06581160773288784,-0.109355845313076,-0.017991369175854224,-0.09220786895417643,-0.002181998546644507,-0.05446308976935609,0.07697729589859643
-0.01845805893511131,-0.046705948545473136,-0.0023009791977039225,-0.09535497978864238,-0.04850301741399631,-0.08576347792153925,-0.0673962135444395,-0.06465173529357271,-0.02850527153729144,-0.08807863599875553,-0.07575584197621898,0.009495038335074217,-0.1250896244896335,-0.02116225227047429
-0.17077470281395785,-0.017975666134572486,0.09702687160556837,-0.0382242631712566,-0.09237972611582883,-0.10983243413709544,-0.05614781641419892,-0.11304407232765865,-0.08802286922392871,-0.05016319107264217,-0.057879223034567995,-0.016417753508677066,0.00507235078081405,0.13352029439994867
-0.1331865457685345,-0.07640317983403852,-0.09868313967434356,0.04838465275125534,-0.043831753704786765,-0.07018735212815762,-0.09661396816743437,-0.03158285030579335,-0.04298538772244785,-0.003842758906260176,0.03058279923832154,0.0014720751920915133,-0.032925247196432646,0.12285580017754726
-0.005433744126781728,0.0597248721254736,-0.09586574561040763,0.004642253391761984,-0.05831613819064862,-0.05719443084050186,-0.08446045020092478,-0.042891895483805065,-0.01355591308133364,-0.06884114174600726,-0.013313501518864705,-0.03459807804415951,0.009442648192882753,0.05235874378771675
-0.07735273404118678,-0.11345531169596568,0.049844266580305115,0.0003050888170330272,-0.11872353674693031,-0.025145107934302243,-0.06770836895210681,-0.06301866822684676,-0.09337858994633749,-0.11448731662669738,-0.0486403322814384,-0.018806062806045572,-0.053108545685558534,0.1573342387573993
-0.021155842759371456,-0.11088748220625749,-0.15391067948556167,-0.07755435302383586,-0.08632737885044262,-0.05736413569014824,-0.12708061178606958,-0.0190873139196213,-0.10005212988061278,-0.14764222544893688,-0.12068883621827645,-0.07324934449928792,-0.01964994965976124,-0.07989204824334784
0.008351438900099168,-0.024711083222566026,0.0663511088049085,-0.12546580119150744,-0.025135438683897705,-0.047034624301206966,-0.0008550382337142647,-0.03467379662466859,-0.07771547243307819,-0.05453739787121267,0.03679388789772961,-0.0888031069886992,-0.018536524593744434,0.04027405296420677
-0.0630171659510971,0.03628885460059117,-0.055938907579711,-0.1533886710141381,0.026869628688910026,0.018817504454615344,-0.017085888996084656,-0.025813888548896706,-0.024897565316896613,-0.0997110828399956,0.13158032670189668,0.03344436612749974,0.025673749190250377,0.0205457818015979
-0.02336071545034593,0.012567098376285458,-0.0032755376046013926,-0.10897397381916452,-0.13562821459572433,-0.03648618183854334,-0.08446378718861738,-0.07166644803413603,-0.11755934769728014,0.027979085280574727,0.0058838911404998214,-0.03132234240809741,0.012838563421109075,0.024652830201716696
0.013693596743724083,-0.021079407096334768,-0.008060188142167694,-0.041716109428039896,-0.06454391919143308,0.004807444597503598,-0.034920693563796436,-0.02011681866720817,-0.015041518272217785,-0.0432599167774666,-0.03290870408006547,-0.06632876106576253,0.004888481484208616,-0.01852106052561462
-0.020750202551855907,-0.19974150752885778,-0.16733602725671926,0.026010404996328347,-0.08835145152709589,-0.024829031727787537,-0.017274942722908374,-0.051509522965464904,0.05301337070927289,-0.06443848280613286,-0.006700985579576911,0.03584422211039256,0.005785172557805354,0.06452645496929972
-0.07803213737447273,-0.09326987630368296,-0.13418024692844469,-0.113410163842606,0.0030385676212392825,0.0167663253465386,-0.016513550791872715,-0.009440502254401004,-0.09035847327639294,0.058768803939749446,-0.05410412957785961,0.05955584692936573,-0.018829185043923582,-0.0879130402648179
-0.05588710571765719,0.029391047945915225,-0.16173251162666788,-0.028842410496304392,-0.05548359921530198,0.03912183413809271,-0.020192708268836304,0.04537850116459548,-0.05604343595794792,-0.05147150019436166,0.028075534893452075,-0.020467046837503302,-0.021554154313496783,0.1571324069251136
-0.06219860249075836,0.05152548237094491,0.037810576596759786,-0.03691264895362628,-0.03449641713680966,-0.014919939690175719,0.0005464367654032057,-0.002572455710288002,-0.12277553266729176,-0.05866051314839913,-0.006352477390212166,0.03828589515760141,0.031451425957258604,-0.036834784312486546
-0.019233484262033265,-0.008917037508414084,0.036568268296038084,-0.08610762964909911,0.020308512026477713,-0.025645534626821342,0.015949364722561445,0.03451824689325013,-0.08132825664063069,-0.08943507870044168,-0.016221328679313116,-0.037862934961586894,0.009636446715554725,0.04557070666777679
-0.0862390816665373,-0.032432133293998675,0.047031880804472445,-0.04574128359105308,-0.1061241742816569,-0.025985654172907234,-0.029605405860578658,0.054667008086840094,-0.10409337917377591,-0.05332485174549057,-0.13566222856718715,0.011487284961776355,-0.004641256321281187,0.17165215431791972
0.042720342936428166,-0.08446438201618867,-0.013823249865130392,0.018482916310843936,-0.09387435863402606,0.02236595780297948,-0.044976340147335356,0.0836925708070311,0.03005120925111358,-0.06863597926557159,-0.020692634785644214,-0.04120009451130943,0.03990487505442589,0.05710799003954586
-0.012426922449144567,-0.0934489838657581,-0.020945787891409856,-0.031655572792434854,0.015811981320045833,0.02610958040696764,0.006517675881158149,0.088645890913517,-0.03594659096919324,0.008603204724575368,-0.059431953454021115,0.08663575994322223,0.07003205283622516,-0.14297628795049655
-0.18293272010555742,0.06650263625189058,-0.1528299920496913,0.08120283622172036,-0.10577842878347311,0.0012457886767613497,-0.030867150006980704,0.026976539772573055,-0.031102809203411356,-0.03347299896313182,-0.052368905734205946,-0.06366560234260235,0.04459118088124897,-0.1407702078078881
-0.06419118011686117,0.0005254957009133325,0.15230769618229978,0.01539127136669891,-0.09357619026766446,0.038903589653113746,0.04411924940422627,0.053308834343746066,0.03890552850548972,-0.03647542485828395,0.051278216806063134,-0.01224360800977695,0.07482241014513635,0.08789781053035753
-0.11080679010503569,0.13280965540255824,-0.028144530491505913,-0.016705709540714046,-0.08156332972467521,0.04186065872057728,0.10995538138943217,0.06388513875927415,-0.13251192386213512,0.018078214253332905,-0.034524136843246185,-0.07911718648473612,0.010652386000254081,-0.15199304364341915
-0.09564579335048148,0.06455857789120052,0.22462935223119188,0.0954496564238238,-0.02997781532320808,0.05264609451828488,0.06786800085100211,-0.00041616995639803,0.07514132533540097,-0.08171564538767645,-0.03285131234841494,0.02767571582569089,0.04314063130750353,0.027116522087677078
0.08694284132348168,0.04658378653010938,0.052189760302889195,-0.026943439090373795,-0.012756114467624594,0.04890466683173134,0.028737194625965384,0.03595541119751007,-0.005387272159772611,-0.0006151833375567667,-0.07747603503280104,0.011260010470918234,0.04634201469534198,-0.10041570924286494
-0.09450658335468835,0.08736730202520758,-0.02810783848171046,-0.00918013198250949,0.09330942179202525,0.03709509252248932,-0.0074527872623424835,-0.011416952380348497,0.002954966957972765,-0.045899339298631284,-0.023767168668290026,0.029199977514446685,0.0473557776012739,-0.009163464095298609
-0.07529758969975212,-0.10851980575598379,0.026059166993890447,-0.09185088908266259,0.017693869584724794,0.037840841671311555,0.036044534631775864,0.0062517048450483285,-0.056700734846895626,-0.007437297114453586,0.019321649808668535,0.004349982232491913,0.07554598072378825,-0.10844538191141218
-0.11247787137881868,0.006885416837199455,0.10207787916899264,-0.10082835482128324,0.020365361460777352,0.0325270004048887,0.04538538030012368,0.024469963151966534,-0.08107859589540113,0.0669722969904493,0.021586313498723007,0.05087336543788423,0.027494203375868404,0.07813665032208843
-0.02749222953842616,0.04818243413724591,-0.04176758140507212,0.03102651261963013,0.03315587177634678,0.023772915990777358,0.03933556980573683,0.04858345611990406,0.10694292367002406,-0.0031007687692945277,-0.019674862603397285,-0.04973674864061508,0.08419099379841724,-0.1161469515885658
-0.003702339299488997,0.01978924597323255,-0.010563940534821627,0.02394840666064961,-0.0033904942472541607,-0.022442103358336355,0.08280997396570193,0.026210732323897555,-0.0911908820338474,-0.00421513368825315,0.04127668101097613,-0.029132575135446735,0.0070478322052700635,-0.09692669553450191
-0.02104195559930226,0.10407028452317464,-0.06775986270818732,0.05588239162951715,0.05660167721114474,0.019074918787702698,0.07607090396439649,-0.019480413906087814,-0.04328631696291562,-0.0386646954349459,0.002129583934059572,-0.10255269213482074,0.05562480875639548,-0.06789757683631661
0.029225128603230968,0.1330327759701911,-0.04032924724204315,-0.051042200659048034,-0.04964015558874959,0.028369714821689193,-0.03961403499219885,-0.021028720680606103,-0.1131450736015105,-0.0028826606056986965,-0.0031812853997207377,-0.030320100709152545,-0.0020922198511503843,0.0477091017931466
0.14770743470332404,0.10231187494243467,0.019143032150018183,0.018995608872695382,-0.0845888880322098,0.03193781643877355,0.005058203529264826,-0.07577661524296501,0.02445280776413855,0.019064477028531042,-0.1037181989173538,-0.05327953915902144,0.0026766495315789806,-0.03999981010054915
-0.02496882289531859,-0.05742660715811558,-0.07689508217025726,0.011763900972647793,-0.06728815250714093,0.03643726785164326,0.0377638176293685,-0.018524715990923115,0.03327531955681174,0.004059083964038958,0.01801848711239782,0.06565022993085845,0.03431228424620815,0.019974316743166434
-0.03271986571023131,0.0011221379936022591,0.06280255068053815,0.016853231394340192,-0.010154412154952807,-0.001106228779770316,0.002819907823703072,-0.017026507085029514,-0.004041410985164518,-0.022222239747796427,0.08071082941912049,-0.006042122256848147,0.06421339628143183,0.06823707262307889
0.10324188390651932,0.007769695779526163,-0.003317169885119925,-0.09672259065145733,-0.018732797855335506,-0.01864209022836117,0.05672045238296788,0.02019611377630162,-0.06288229266186024,-0.03469580201200964,-0.09170213392974652,-0.009364736965089921,0.015835077857802422,0.28973599699020036
0.08588596289543801,0.03486750146084018,0.014151053187538795,-0.011210132598989946,-0.09249615401745584,-0.07146130015547314,0.00723686801892723,0.03537977264419009,-0.08819595445653233,-0.08772190704237941,0.16206063709665808,-0.0038853198484434257,-0.0025287384401971036,-0.04037692947545757
-0.09973670156908626,-0.018345514128797206,-0.03942172688148088,0.02785949102126755,-0.018273891760161906,-0.036201331364982825,0.02461814907777483,0.0361754519556711,-0.08547866036840934,-0.08362750477304831,0.03144543357776726,-0.08961791997438245,0.12034847459161019,0.09660234039557998
-0.20203254567420326,-0.10022462337272939,-0.10606352114687531,0.011016037308274516,-0.20093864569014735,0.05181127399896629,0.022301347787088418,-0.006590483479398766,-0.007013937393646174,-0.00955617632716895,-0.003733030113059409,0.08298208310454376,0.007061503496909568,0.030880441354788117
-0.003651346807770329,-0.042529688479036855,0.06749667908420062,0.0043469085916218,0.048431914303466016,-0.004963696002180753,0.009078015247547953,0.00048431674731700325,-0.09487127375572918,0.03548926812513228,-0.04007312443002792,0.01803150028881137,0.074486949421554,-0.0015592136478525247
0.017591470376136665,-0.09614650705151734,0.015596848821391009,-0.038013072663950626,0.00505708271722612,-0.03892506234213799,0.03490961145169083,-0.030711332017076102,-0.016568006819890162,-0.015652088284705754,-0.09966259922676819,0.08478771437949315,0.02809108789512908,-0.00707979924560876
-0.007880938736234053,0.025450984825908542,0.10115945777899664,-0.028693534623732742,-0.02967011955646988,-0.07306118298978063,0.025901092993509994,-0.010667794255641065,-0.03833598895624644,0.02407927597181422,0.09913663531208322,-0.06975733268455023,0.0294008231337439,0.04822028680641558
-0.0729275352906639,0.011064131832873771,-0.19445461419968516,-0.046881359164544,0.0073920501396906564,-0.022438023995820112,-0.032603058921133965,-0.003547087510760052,-0.04756048740205904,0.01606812210490542,-0.034835486763053085,0.017963560642377134,-0.036197732634689554,-0.0019251340244319849
0.03598812704790573,0.051356039840219414,0.1136230139585894,-0.06981654942665994,-0.032174710557875935,-0.0015714107195086218,0.02204271299273257,-0.023872480087587314,-0.011241248013695946,0.003939894274746401,0.060529097313476825,0.03691327129409672,-0.052781066641870315,0.2571130333047046
-0.07109358132873347,-0.05939067703298138,0.05894353212943578,-0.06590472137543184,-0.06482977384040098,0.04360839708597193,0.04549544109611183,0.004576536319633222,-0.026024676103106305,0.033687332062859995,-0.03361749714729077,0.0012966085411234625,0.02883518854496372,-0.048275354204952305
0.019866653522522412,-0.07849520134069832,-0.03246557080224456,-0.11314528805352266,-0.0007097221227908895,0.001178685033754496,0.07001443916453813,-0.015591539869088766,-0.022561829902350318,-0.09150858333165922,0.0369718230142773,0.046069969952292456,-0.00022245887708928472,-0.11500644284726605
-0.15478163855908597,0.012027081185380425,0.05145321490468134,0.04332307649244586,-0.07764611623492389,0.028623419111027656,0.002553496853140841,0.022582061939524643,0.004175143438928782,-0.09362527286202746,-0.01948037608782013,-0.06863643966526461,0.04584710641713079,0.11270528068617859
-0.04223156524601433,-0.005823092315116133,0.027764627552498797,-0.07980014789515329,-0.08655407884459046,0.04256486204392266,0.04310257375664504,0.1527178715103879,-0.10303542300690528,0.07923060011426747,0.045179267785124676,0.028897987562914822,0.08947498152712467,-0.10053841018303306
-0.15243738839122356,0.046497394698041955,0.000830823545129916,-0.028641231163319385,-0.03531660471039067,-0.0038026456550090864,-0.047326845673219965,0.06646899699145244,-1.5061554963060366e-05,0.003070665927432163,-0.012567910928724859,-0.019267138425275037,0.05432981415804764,-0.16729040182601865
-0.05105576315135247,-0.023055249493969976,-0.054534331190960905,-0.04537435141008193,-0.11923202251210352,0.04886571787491915,0.0515790105180409,0.028159596801466815,-0.09626953331276746,0.004439185907184399,-0.0885716872858874,0.05963188950795475,0.02213440153848129,0.008698122400078492
3.913480083113122e-05,-0.0589485029771339,0.017313910814082952,0.010589944961780515,-0.05797244615415917,0.12282285893567743,0.0011172486010148938,0.03956104884034814,-0.01728764796539225,0.00730452646874894,0.026261736671777763,0.047484358093384874,0.02610905627936044,0.03290298758727397
-0.01641433357729136,0.006891895004294108,-0.021965716039724453,-0.00988030258511766,-0.07983235946640146,0.04408220407228379,-0.015935860127756375,0.025741487080119446,-1.3961113849192142e-05,-0.07779067244046611,0.03428001491365145,0.026471156959396492,0.020644657474571743,0.2015586564943678
-0.09573428942760981,0.14689451110564605,-0.03256728422401365,-0.08343427523825338,-0.06362219563595599,0.04283146973734689,-0.01950719751680863,0.025780305127613194,0.011006079497945355,-0.014950422000567745,0.0022181910914392867,0.07832668035362829,0.009731444779407827,0.05886518916282823
-0.006290606489489598,-0.06771587438733202,-0.029087205656270165,0.04281950962802685,-0.03895825098490223,0.07390085208337963,-0.06209860310023411,0.10793349073428715,-0.08295296640357859,-0.004677665493651834,0.05199525695516601,0.049473485755429605,0.08021837659045587,-0.08376013201934451
-0.04431567868079543,0.02755695275442429,-0.0978537026556056,-0.04795391346614532,-0.03105112041037263,0.01945387860561442,-0.026639800724152427,0.06746480492174918,-0.009522630835357437,-0.05817258604167025,-0.06307367501450725,-0.025649196537021406,0.10721571793836222,-0.06397761297103877
-0.09809466327429403,-0.04512215547359855,0.04751436263833739,-0.018362070850670344,0.0024373730097380667,0.10255305258136373,0.04600608687561324,0.08682515680072722,-0.023726836083595652,-0.06498664741990202,0.015140812181375281,0.015009790914487862,0.10597685750278459,-0.008216499508786789
-0.16651980541453246,-0.017150887096615317,-0.12926149918680382,0.0775371618546843,-0.028003389689269003,-0.03606966481672332,-0.021637669324297643,0.06410577430025731,-0.011083936842976136,-0.08380261262818497,-0.01616051479570002,-0.042232511515113695,0.09709437790852571,0.06492831859956437
-0.04606547209843925,0.21027923367361176,0.0966647580217871,-0.03081966990844722,-0.07147498226187884,0.005726208592739666,0.005076928886558417,0.10558320992434866,0.02985402585719344,0.13196979107063306,-0.0947304242226489,-0.0400665030109835,0.028718830049368534,0.12986913039868977
-0.06829438912541107,-0.06503740839560843,0.1342861249308985,0.03470456650197796,0.017527840858521184,0.05961692078114193,-0.026902151053956477,0.020086959643039814,-0.162568101670759,-0.06640971502298648,-0.07115901954510548,0.021374487406338138,0.03746670283749759,-0.034478665652185984
-0.04430239028468067,-0.02675526044214238,0.18081513702008156,-0.053795344220225194,-0.019450982411473396,0.0014300445651369662,0.023917309194473806,-0.022856238165950924,-0.10417086572753038,0.026066166016915908,-0.08894332438783101,-0.023493728540785002,0.017602093049387337,-0.03161340550049829
0.022501226138480487,-0.017365359368123157,0.023454840144615755,0.06524493757949722,-0.05654013754025588,0.00212524294063583,0.029144672433528106,0.030931850959652993,0.0710816461400784,-0.03570914523508935,-0.08828535643088517,0.04084746937976252,0.04824069730512319,0.0072968401401625315
-0.07130929733534463,-0.009168113163425456,-0.06999089648791049,0.008887199369300922,0.04178999525364652,0.02699783364689934,-0.03044087116375816,0.08364571440796335,-0.10331096891312491,0.016818403194917907,-0.08634550436482324,-0.02620312794351498,0.01993636023442937,0.20597274394812837
0.027344890225403616,0.010557691015547273,-0.1692075545267884,0.025855511747525733,0.0015420716281618055,-0.041650801780606705,-0.001844523362479198,0.06243538527239792,-0.08133362123701436,-0.10025213726434277,-0.06746937142942745,-0.009824290308034101,-0.0016921546528002995,0.003195357313347364
0.038493758841256207,0.07628427335397561,-0.02147498342526148,-0.060658454750529535,-0.013406548230089216,-0.021604108503816586,0.03733599160298314,0.0008333780213559198,-0.021623771705828698,-0.07273119689851301,-0.05433791031633272,0.028530737937850652,-0.0019852522253931805,-0.1310402755254867
-0.07758513453953686,0.1424604724423126,-0.007927692352890894,0.02641834289122139,-0.055086116551731894,-0.009672998736068594,0.0025491834678393575,-0.0218627953752853,-0.1480136508075038,0.005667603019177902,0.011912771383885213,0.05164675673213114,0.004239044450205517,0.09121161202251137
0.08199664390372186,-0.0012113772689333043,-0.08528267194680805,-0.03293474351389114,-0.021429132693670614,-0.0039335579421748345,-0.02871869937755505,0.058317693392374664,-0.037631726206939886,-0.09947231806153886,0.04338289888127202,0.0055656287864536145,-0.014668133129001535,0.1343910735459322
0.0662296563408298,0.08430099172530137,-0.032295363524200246,-0.003251262986917052,-0.15383956861070078,0.003224182870108423,-0.039397337929317544,-0.027900793773623193,-0.06346369996630656,-0.02493725023461498,-0.05701815107386868,-0.06290389941720392,-0.011561084097563415,-0.11580138102217441
-0.09425836380749661,-0.10232704019427931,0.15847095405702885,0.014631090618383096,-0.006112169353344385,-0.0032037473145919127,-0.01956711767447989,-0.005414768723189628,0.003197486916777339,-0.0467514161521894,0.0777571947244375,-0.006542341702235204,-0.030661326714574264,0.05194875399525933
-0.0609939121676006,0.03977197226325028,-0.1331458512665182,-0.10153850518378492,-0.0082970434200257,-0.008212695746270343,-0.0753643281450636,-0.04329925339900515,0.007452422775824152,-0.0362827317848239,0.001623816112802222,0.06471167497410382,0.026760207279635077,-0.09437394730317773
-0.023541086283396455,0.019071087702439763,-0.00653257066148977,0.04886952800718073,-0.08245933238209902,0.0007699592616750858,-0.024387873741624322,0.023813768860087244,0.04795076733713226,-0.004560762990761307,0.035802672870300395,-0.001384895478786327,0.044176988453272864,0.10008449535536347
-0.026068564982639885,0.02447241796737852,0.019889814280001594,0.020843186622331818,-0.0016310728208914502,0.06064485340877723,0.03247576352669608,0.06529664396080195,-0.10429150823568449,0.011193414802198744,0.05563076360804456,-0.01060896865867723,-0.04436173466281832,-0.04613213313046492
0.039150877812423775,-0.13330712303116524,0.04683332190455989,-0.11811530142244532,-0.08026767992630407,0.06121651660929297,-0.03605985108999063,0.03539506933841103,0.025829618781641618,-0.02018280407302174,-0.04788453916693961,-0.0074442726071164735,-0.018096709400042932,0.015841159362093977
-0.03696864837314495,0.0057731051618936605,-0.0653776308265289,-0.055502462156425035,-0.015644528201485944,-0.007137658786643383,0.02352459228252318,0.01859162203163977,0.013021975694459682,0.02547401740726832,0.0009547082892859655,0.024938908178097668,-0.0025791690397072276,-0.11019718111113838
-0.047916670787569025,-0.07313920350779003,0.09982263802191164,0.02596285470977448,-0.12324893142286161,0.06863083008790365,0.03169730159808982,0.08257858821108544,0.006605142219834061,-0.026176574966272823,-0.036003674815291084,0.03008141594170975,0.05637531247876177,-0.12675492828944
-0.049058572292241476,-0.16301378794241672,-0.09139619076061743,-0.08613117447014534,0.019243854817879,0.05641255538790055,-0.005585443047042214,0.031044122250110093,-0.054564928913774395,-0.03290686734009758,-0.07752411951095137,-0.007404653092356892,0.004141308056694563,-0.17550717058313553
-0.003783634068909284,0.015944857288833877,-0.09395187481292795,0.0507100152496209,-0.011674878874507567,0.008683468287860647,-0.05803772487085697,0.037816845106674275,0.0035749683760571173,-0.03601466429600937,0.03863717869333759,0.08125252590180783,0.07023623496906374,0.08265736495472993
0.1217301051858926,-0.06740781908646468,-0.08584103090453936,-0.08765895035291882,-0.021863239443492496,0.03457212306153353,-0.06613376930553541,-0.039382612232352524,-0.08391301396836828,0.006028502850554299,0.21577324993245667,0.06430346843436893,0.026468779202054628,-0.032585162272293015
-0.09036764004554033,0.09176219581763403,-0.01715223041901887,-0.048660935241379634,-0.101368590308718,0.01197374833740857,0.08220414424438686,0.07038081599302602,-0.08273330438613906,0.016385206048542603,-0.030039045378608603,0.00672196518074612,0.049070942710312815,0.060038428792031834
0.02179919142793476,-0.11413710306012378,0.1146279789699068,0.02692694382535546,-0.1711338457710501,-0.0050624131872721275,0.02644387719914421,0.04746174414467283,0.05066150407600768,0.0014076380764080827,-0.018833200651096733,0.018517257005752328,0.05242141522387479,0.11424564640375562
-0.051476560563402905,0.094703191198415,-0.005875530214326731,-0.05005480588806723,-0.13489250000238343,0.025787511487945475,0.0013600472118066116,0.0606551161603546,-0.10600639996912328,-0.08519192297327753,-0.04873742786232902,0.07072610509305213,0.022814358295510158,-0.0978564977951488
-0.05652945617073083,-0.03374911861478213,-0.03998321140233315,-0.06482875135213471,-0.06464231560975146,0.03515845204946812,-0.04689685578858176,0.038863660138177186,0.004752520582089197,-0.03582857485463115,0.06995820858575358,0.004773478870578784,0.018756911869657805,-0.03278132222663311
0.07498553434620782,-0.003151053761546495,-0.006932553246430551,-0.0761309094835658,-0.058557819110371036,0.07910827027698057,-3.692095565595906e-05,0.1303015991807729,-0.04789829621410333,0.05241443945615396,0.08462660626957952,0.09796927857780487,0.024020411746983508,-0.14859179411044307
-0.0825314899009903,0.048803532811164355,-0.07651587874291305,-0.09548087958334306,0.053623246264535934,-0.03305569021139474,-0.015052467675528099,0.07182700490089654,0.03735742091861431,-0.09390681220344212,0.023944375752122726,-0.04479904309941535,0.04997345908431468,-0.03814551058215249
-0.03959768230585482,-0.075005476080683,0.028946833357015495,0.022728303324219375,-0.06824307062231325,0.037171308114327485,-0.03680707475831565,0.016227122118211278,-0.032229591926423176,-0.11917585170425785,0.013102818630180358,-0.08461329709724302,0.07436030111067315,-0.027342950086609016
-0.038053239132476234,0.1456597881813073,-0.03983792779189576,-0.03162606180044764,-0.06391361588021977,-0.0016384645245739262,-0.01345107898271089,0.035555362690220006,-0.0391116142959502,-0.0010022981703233427,-0.0036578410966107895,0.10464380697652095,0.0012096195639391262,-0.009544097117844982
-0.08044005382675634,-0.06671488003884732,-0.0002424553439041008,-0.03978915284562086,-0.06122662446516461,-0.0040416102359367755,-0.022068542118589475,0.0687514090678719,-0.045651072088267304,-0.062433483929313194,-0.03976004279815544,0.034579894318520196,0.012970306531471484,-0.037343120297392916
-0.13485006346105713,0.16511415727847245,0.16991388652420092,-0.04460746547595947,-0.0432798207497043,0.007865157159964647,0.007978960248348974,0.01895013771730566,-0.0816672567691823,0.0032632570350862446,0.07303134903159349,0.03989010526714864,-0.006854532313420505,-0.02204361810213291
-0.0588055627254067,-0.02990768087936409,0.015291310985054773,-0.05415241945493152,-0.02564781809859643,0.03368935082317556,0.02056411447629209,0.07854386200139593,-0.047199056505554754,-0.12307948336059708,0.014614015918860293,-0.011999618245358092,0.0022366647006827837,0.14156178825533505
-0.04218288929438658,0.09057824233045489,0.11642847906468089,-0.02081248543342349,-0.03451536476077608,0.05731603506064914,-0.04443694523562613,0.02408414793394302,0.09227597867539122,-0.06038584706226311,0.06880448556570029,-0.02333636819733604,-0.016800873021671145,-0.10120336243496714
0.003092410228756383,-0.08795046889025605,0.14445089090459032,-0.0113728793272738,-0.03182070741153734,0.03123570084853067,0.02934996637713272,0.06034890731483082,-0.06632449052200855,-0.02306015717847238,-0.008380366409978047,0.019165071423777387,0.06953542785971838,0.0032037441303872463
0.05334498434894314,-0.07572254952364968,-0.05129710226353041,-0.008398358744302774,-0.048557367315907964,0.006406353578343739,0.022204672007873735,0.06589970446178185,-0.0858302293661041,-0.07719263081954751,0.08808918290322112,0.0019345325510260402,0.03155059658248584,0.0433086057134624
0.056928322700983275,0.09557669672124991,0.0039024608403820083,-0.11710486650156596,-0.08711289026753945,0.04266223941834003,0.0031488911404135623,-0.01653742942097494,0.012986737631927175,-0.09658743291463465,0.005677728339479514,0.008069802112498633,0.07047395113441933,-0.1752768014369073
0.005785674250939712,-0.0008425840466132599,0.042044463578447364,0.04077455242293685,-0.10213261735944655,-0.007653587063106863,-0.05948817555220559,0.008668813229617444,-0.0339013279283515,-0.0950247085996433,-0.06249353511541535,0.026708725868889588,0.006086996709038753,0.021017180883611552
-0.1245118056192592,-0.055291939658985906,0.29599647170356447,0.048987571068000196,-0.026659090803400152,0.03230542781809316,-0.00868436451578259,0.05202796513955107,-0.05895928548281092,-0.061781698345493755,0.0010804965689617688,-0.02291402780378286,0.10058049066733074,0.09273404550196342
-0.11530667619621816,0.05762480342943614,0.162659111318913,0.006936355107623407,-0.002080655768906787,0.015571763919982726,-0.022175490673002528,0.01823869678429603,-0.0905262139490731,-0.09019277134068843,0.18442551476803645,-0.10392312552874534,0.046562160522651164,-0.04297766390599827
0.022113952012230834,-0.025397152143942083,0.12176052348125718,-0.09171476452311703,-0.08584826112446155,0.07523082172753266,-0.08628697923496144,0.024017286570263405,-0.05600173409671766,-0.06255453527527625,-0.002511233301276655,-0.026608064513091136,0.029917676359434344,0.16464422149589972
0.10507514829017946,0.020771386023834416,0.02033784703701301,-0.0355031926768065,-0.009887138366642647,-0.0026451129076635192,-0.10356541553722164,-0.011412897357959416,0.028332301523961264,0.0040665786474677655,0.06897854457454386,-0.023685905565649625,-0.02459147115341247,-0.04447810343696405
-0.0472234968065439,0.0072646415893633486,-0.017191290394829015,-0.008814227387576104,0.011248596613690124,-0.003299729406040481,0.011244587723329485,0.06822489524943495,-0.04686415879603743,0.006730668950005659,-0.036488754955532735,-0.058662622756250275,0.0309246279505879,-0.07522664205137186
-0.10041231100503169,-0.013771068839626524,0.07578593885039253,-0.02923816091140306,-0.057915495804654764,-0.038089616910166726,-0.03805537234670404,-0.021258805877521852,-0.050473031309641245,-0.01106282001012374,-0.01095505587126624,-0.04475721279614737,0.012597056744172207,-0.00862786329114479
-0.03527938668115409,0.028079842626376986,-0.0033560586383885337,0.015235886518295971,-0.08632718945210742,0.033433707811465915,-0.023381250633699658,-0.0025186893194964143,-0.048446794420356,-0.09281309661246541,0.04734602595921438,-0.06218230514729563,0.006746883014425485,0.1528843980747468
-0.015073121530773673,-0.0415312307545045,-0.044705608256771855,-0.07356986528871619,-0.04989315747927279,-0.07053020596658326,-0.08589986422415206,0.029937066602526163,0.031814335388883876,-0.0892421771266001,-0.04334879415667458,-0.15107741363021493,0.05011609378943986,-0.08023570247614549
-0.010830060132652319,0.022441974278296903,-0.026414984839032728,-0.009590366767929868,-0.058514541810555716,-0.011094109085144892,-0.0041810532164389385,0.056077041098723156,-0.033634442114134834,-0.0899306024319227,0.020484452772338686,0.05583288733503171,0.001050444467424338,-0.055999653998397736
-0.0467514696908748,-0.10261904536374883,-0.09829671326718155,-0.039030567691156835,0.02023977019418091,0.03168114701314469,0.025630788444316283,-0.0037620755527106907,-0.10566176429512734,-0.007572874391756788,0.05211651377328643,-0.04481339541988747,0.09199271695907923,0.015152165874079557
-0.05719014518049335,-0.07969510801645016,0.036821924528195084,-0.16865954832583333,0.015096466911887237,0.019471961658156407,0.005393050606952466,-0.0008287540446899078,-0.06699927959658228,-0.020271250508848614,-5.503910903890738e-05,0.011556912678504817,-0.020035767549306187,0.105119516472847
0.03055434335060781,0.10703922677423854,0.1324228326698459,-0.09465862819393105,-0.04585129218585442,-0.0032933742006120256,0.042134623301094486,-0.001230503665148814,-0.02917069016441759,-0.07633963763835602,0.018131468352544523,-0.008712120941082176,0.04975695117081992,-0.19099249842739524
-0.08223683760970042,0.026919976312966713,0.02962170351257728,-0.05998812746837933,-0.12070591801437924,0.11146486684846917,-0.0485215905026483,0.044222281304309705,-0.1687260254537617,-0.02081284664760059,-0.035008569217154284,-0.0618397546977999,0.03260871385056157,-0.030322287927604656
-0.06480995218157676,-0.13755342241310856,0.1984686318084831,-0.11552440681817795,-0.05236912995941435,0.0381494542853798,-0.0073068369123265335,0.019663799687436236,-0.0535626362105229,0.004304854356522269,-0.09234522531133288,-0.0726006984195236,-0.009343396373027491,-0.09768502621654013
-0.02494261143793463,-0.08067003869486115,-0.06783809976590731,-0.08231348556702239,-0.1410176797929041,0.01833605518177441,0.03478533424415495,0.07928458979719748,0.012322696061704847,-0.07134693285193268,0.07096790585549902,-0.042793619100124594,0.10249345370836165,-0.10679655942841607
0.017126652425931633,-0.038685760744952544,0.0218716049794511,-0.0352587266089686,-0.013620387341186875,0.054842629783961566,0.01463910059468538,-0.005485978718262945,0.1125092414688884,-0.08744413594303944,-0.028400519449850004,0.07283918771254738,-0.001696404422459502,0.08609687765705269
0.014749355976751543,-0.07854125237513673,0.22434234581886647,-0.060806492774948616,0.058772743604752826,0.08970961657964967,0.005404738625681667,0.03275804540522994,-0.0792913246269976,-0.11825221438050107,0.09312180705025151,-0.02650956897320922,0.067771055652954,-0.03221242802425038
-0.002997012483309413,-0.03782486293669117,-0.09367693393785298,-0.034189316770194766,-0.10982270625105595,0.03844666363954611,-0.05552395392378862,0.03810178024768433,0.02211797228037245,0.013194405349316578,-0.01837939661012031,-0.041046791512774926,0.06541913255518989,0.04789134658452187
0.060967652352248505,0.019857066099017787,0.08196616622440922,-0.006365515309991976,-0.047805261966228314,-0.0054537936752203945,0.0557541568868723,0.04134762803510196,-0.10131703214363387,0.04766320026851205,-0.03674820231352901,-0.04150083881881731,0.03052657526416127,-0.03460499763667316
0.028733707827892797,0.06299532312980062,-0.11539910529704024,0.018616073441907556,-0.03153534206386767,0.027522267574572396,0.0219550857300353,0.06469937159346806,-0.025442826558486592,0.012538171902216653,-0.012879612870528962,-0.03346297654490258,-0.0030648517346753877,-0.004133270987939969
-0.11145034448447384,0.0011376064055528621,0.07890343080009227,-0.03514293220027082,-0.00880002547183186,0.09716088927957423,-0.0025273790430805454,0.034226603817634975,0.009844293055013414,-0.006337083336788306,0.11031093368504899,-0.00263939978465641,0.11236341759064891,-0.15354304540105432
0.0069840298191465875,0.07606989602522259,0.1996911408094262,-0.04022675950686476,-0.05791836047582987,0.03246740899240023,-0.02532922533359219,0.04546303395149735,0.06203651769304566,-0.024846069638187453,0.06380487074493253,-0.047959758603698506,0.019364241808896402,-0.1774082506558368
-0.03964430998628001,0.02682831187447657,0.032943383815012627,-0.03059138826403203,0.01056239806928193,0.017785390912856223,-0.004642201742076178,0.05829021530948752,-0.0010192505478750433,-0.10147339980290687,0.0620650042825592,-0.062190977765113474,0.0606096150588767,-0.1983065767768397
-0.1459264599391741,-0.04382974488841095,0.04742281682060511,-0.002871659987334444,-0.12020630020591182,0.05672659424862924,-0.019978595664439974,0.04166979890906699,-0.05976362188868652,-0.039701420898486876,-0.038841125106651976,-0.03475184329002336,0.10725325713516493,-0.01239057812466143
0.01159797186549311,0.03251935043880667,-0.0725158276101345,0.015556583836288771,-0.0709885512120254,0.056622584691809585,0.035193414625126235,0.12276642567979137,-0.06212879067657615,-0.029517280242326326,0.014366641883922731,-0.11803896665974996,0.05403486132027452,0.10866354157397835
-0.07088075699840761,-0.030887361618297575,-0.013244737216098458,-0.010574680027024093,-0.005673924734162863,0.04133945851432706,-0.057438573275989405,0.032996709799910824,0.020720398488795144,-0.0982762541473753,-0.01791847462377595,-0.014294546123231444,0.021290249457923942,-0.023503511822949446
-0.05222643962627654,-0.05456193306151784,0.007100807254088928,0.0023403787567346833,0.040271276804723394,0.025140627769813458,-0.01691485783602359,0.021849571762256003,-0.006537333459494653,-0.06512553737805056,0.04980403152174314,0.05753465804482053,-0.008600775691803068,-0.0007344148565596112
0.07556761945295237,-0.03948401085301175,0.01954652608242457,-0.042224348968865844,-0.004284992799829625,0.022645011566495708,-0.007065122770506638,-0.01021970316837915,-0.0638067886602846,-0.05145605810249636,0.06117485869683007,0.061385422084811125,0.11811953636022092,-0.11977119536117814
-0.01773755409350525,0.12359566307173965,0.03038172776975039,-0.0804739177604338,-0.06971842244679553,0.04973397319314891,-0.04696149580650339,0.0974962581726404,0.034156957478953226,-0.006423468029497699,-0.05199874417963445,-0.018868949728534947,0.010410371488707425,0.14421695528124817
0.018598801064838837,-0.04448473386428017,-0.09178394112943923,-0.0513110723915318,-0.05254069640693679,0.06609098352518056,-0.05644728837700596,0.04122535196270795,-0.011813987226821485,-0.05088031034119265,0.01233118534489002,-0.05043294670415757,0.034154644263822156,0.16027758075899876
-0.07722775769378616,0.03512852608559677,0.06275893395183577,-0.12184090370863401,-0.0907960919117791,0.019825051326395515,-0.038553704342329735,0.06822442279355344,-0.06268875728382894,-0.022345537000085545,-0.03986931789178052,-0.0664559513857607,0.10290418708599876,0.0014017369543475287
-0.08232747493267294,0.04492258455561873,0.004965948612260343,-0.011537562804734077,-0.06709426431135437,0.03150345128043212,-4.2833157423088794e-05,-0.016000942788684473,0.06010164933812458,-0.10593382713089432,0.04904373372594982,-0.11520554631457049,0.11014061863514407,0.08424447766952169
0.01660687210682653,-0.017567451164439522,-0.0350052587230036,-0.013237433665252622,-0.058491098162234204,0.003865271911725341,-0.06364786871246318,0.04656531840019823,-0.056022683846941666,-0.04220140858609432,0.1209202504708756,-0.04963042050012995,0.05225237814560359,-0.03537166875328365
-0.17769205496120366,-0.1067797036311444,-0.01745078672680966,-0.027034055048670184,-0.09717245427507062,0.04486831867209273,-0.0053095025272645886,0.021774761728959615,-0.07889471514294029,-0.06798273352944392,-0.046788025605281426,-0.06271867971278418,0.02942207417229374,0.00906058925362127
-0.014312972660518513,-0.04697942544835445,-0.06142536238127281,-0.11468388470077832,-0.06879766191764859,-0.03355178865237947,0.0640313309212059,0.0014802144050618492,-0.10389055550119698,0.006205525829913513,-0.0019219318453173348,0.005798257133828271,0.05713503449828682,0.19775745368539277
-0.13990192152724384,0.04792400317457547,-0.09915739345089887,-0.04118712211793406,0.03107803353469432,0.022729654074521523,-0.001029573202056258,0.02931073037732779,-0.015696951931409697,-0.11608844028710787,0.05572937098360121,-0.05318111691056083,0.05551324537414667,0.06605246156965637
-0.055438267689349285,0.023635097345937786,-0.02323215726353074,-0.05247421600255758,-0.07136009105740779,0.04159442700293626,-0.057660929763770595,0.07673456700853055,-0.10904441956569004,-0.08904103035693817,-0.03241141884023859,-0.0451609950652523,-0.024871322624547526,-0.025579736266453827
-0.005741974789283065,-0.11018112582911181,0.09628978303934534,-0.027963023442833353,-0.01672709505753052,-0.030319545287629812,-0.05906304052576667,-0.01422145660900362,-0.13417744136982732,0.013440990457638828,0.005185905986898948,-0.10086693218470591,0.003152857808875987,0.06426925807046358
-0.05068786886875387,0.07805249272279956,-0.06562102619109485,-0.03771132502696005,-0.05217309059528562,0.03532696496439188,-0.04408148126049752,0.011601147456538572,-0.05273020150480347,-0.04134772462769122,-0.07705147833343948,-0.04346938961080338,-0.013259631363232943,-0.02617867965138043
-0.04806143116254495,-0.1001977547711512,0.01482010236280714,0.025408488776682534,-0.08601312478493389,0.04894380513098448,-0.07330191953291341,0.028887369625892022,-0.030272212094593,-0.019859300876908775,0.09001055901243292,-0.04736544138136382,0.09302447725196929,0.02416853398551448
0.09766163928746678,-0.024484249271719896,-0.0870624144565433,-0.09186414343006383,-0.09974874953612857,-0.008326450556946861,-0.005099225670799019,0.0038327225471781762,0.03714140893971699,-0.04588769738432366,0.09474425356270014,-0.04452884732318751,0.002682675795341869,0.10440376395784114
-0.09262635266216082,-0.0027519449071261165,-0.05847417376638559,-0.030469336310720095,-0.09133069004510175,0.0508589628409432,-0.07484996717590531,0.0277111922918199,-0.11674048001452271,-0.0900482397601343,0.13671132088058446,0.00754246547879181,-0.025922630570675967,-0.04375335995789121
0.0357439896343021,0.11594182595708863,-0.022028955113162003,-0.07042177672631429,-0.002460858538586229,-0.014143984205198547,-0.08447277763201015,0.07150756113042034,0.04037487433138109,-0.050287651623793554,-0.0600784214872684,-0.021383307554558504,0.005972528337752078,-0.1496041883696873
-0.010389610545764582,-0.08228586347325383,0.02246924819346033,-0.06371715057320461,-0.10773475545418523,-0.018776143337641157,-0.014181028807116572,-0.004312483795934375,-0.056931253082901034,-0.0015679027605332145,-0.03903525161568199,-0.10775545447071827,0.019052756590371537,-0.0036431062159594002
-0.046935851682238024,-0.06915637464388263,-0.08229116726890692,-0.17679820091196938,-0.016541194042424198,0.044560165457510154,-0.04680070623748763,0.024037100557015616,-0.04873648803516239,-0.1100795083793326,-0.053765850422167326,-0.0410670689090898,0.06560991452390744,-0.15094286980361254
-0.06584382010835267,-0.08874247814043534,-0.013916498512472243,-0.14078888362632525,-0.08143636645369687,0.018113909043163876,0.010036558515046368,0.005209335440763116,-0.07424937649597674,-0.014236121978608568,-0.004934610523094403,-0.07513267872074553,0.09585713836997473,-0.06077765006918975
0.10855571621069095,0.01729765642810973,0.040941201226142886,-0.11016503300091127,-0.08015211130990227,0.03497037636335472,-0.01934283678992135,0.10472887466256649,0.03251872989938726,0.011445295215370157,0.0020825918591608483,-0.1206114249230991,0.001669081192527094,-0.0831835777266631
-0.0071006852432840195,-0.069650047939585,-0.1622145476967586,-0.09451902952645709,-0.020164462141747993,0.06454449823817075,0.0025820133284589777,0.06635516007971635,-0.0788299505330152,0.038799103013521484,0.019237948074458253,-0.08421101413551021,0.13895464855640144,-0.0018063604350559356
-0.03662379346967714,-0.11462650857294285,-0.05792036362054139,-0.09443087112684913,-0.11568316673212102,0.04480220881056192,0.06051930488335978,0.035363211773520364,-0.11442383281134651,-0.07165569992414968,0.1452968649570441,-0.038924083995140045,0.06400045520815052,-0.11362295949614284
-0.12109127018442516,-0.023659156702316466,-0.03150953096076608,-0.06019800980011423,-0.148954365836943,0.0565970744829605,-0.029858870187999702,0.12580890339957448,0.06516000077913169,0.05557356458325977,0.07010418579364612,-0.0940675332588803,0.12009905256834405,0.03077648116157397
-0.09603869025955847,-0.09667161479601273,0.13171563512488382,-0.04062815473458937,-0.03146484266039231,0.10040543553104034,-0.016850639270435702,0.050001864021000944,-0.08489633886708607,-0.01082794090109272,0.09335020075747687,-0.10296703584882787,0.12025181692022018,-0.1585667322298998
-0.04100367664764496,0.00385342460078221,-0.06319266970175463,-0.06517147017755034,0.007509262677460977,0.07663819923191828,0.09554324228774999,0.061874134170607824,0.05998154973703715,-0.017591548507247305,-0.06579115838873241,-0.058853633279360974,0.049364889757242625,-0.05771728767122193
0.05715944260877849,0.08786175622978253,0.02556674282148328,-0.09525449887249104,-0.08921584517150105,0.0953286301572976,-0.01986181374966957,0.05604529804967092,-0.05084094949036838,-0.05539224062213904,0.06756665544876901,-0.013454493601884596,0.16834161817807863,-0.028521484817963932
-0.01006707819127802,0.006343835413751898,-0.013697427006796676,-0.12187880049604986,-0.112078409713862,0.07922475406497967,0.05062240934875744,0.1260656343393801,-0.07712859836512273,-0.02853183167357469,0.06565908131271263,-0.025898315888817414,0.1669651187433638,-0.05950052186803809
-0.00197903960096551,-0.010737083721903525,-0.07305000996513436,-0.15664250839572771,4.3434908957504985e-05,0.05291696744738813,0.021671295591784615,0.04020831370887111,-0.10914014357063034,-0.001739073006605818,0.12965472966256344,-0.1179239309842516,0.13881354882084973,0.06722948179319399
0.05780382315687807,-0.02206699880062808,0.02229369473030949,-0.11223360960306715,-0.11676544013893157,0.07122842870835491,0.0349527183311566,0.030461038318850598,0.02515220914455268,0.05307944825401573,-0.01563273015434028,-0.0709696950769136,0.09726633308314266,-0.11360333660826048
-0.016046735975764014,0.04723724346726167,-0.06898195698971364,-0.05972947310350845,-0.12201310732326412,0.08065010256983789,0.024178625552254494,0.1536199981761775,-0.07047026835890315,-0.020321161362089057,0.0020337102546968936,-0.1334318295062006,0.15668256982911885,0.08836156404671541
0.06758536351270387,-0.06468264815706157,-0.01033964256094828,-0.09130939680428288,-0.11736994240526957,0.06195428442196304,-0.029183972931513043,0.16219797528171326,-0.10806051720629277,-0.08474970955090821,-0.019134052955504785,-0.05050727543564815,0.04079049993715823,0.10244193264093059
-0.04287663514208842,0.027919314168153495,0.10919649124530491,0.030691445098133395,-0.11734706594745498,-0.01243925702405941,0.03609636179042022,0.0854620736994577,-0.012433037006634683,0.011859015973712,-0.053380011383696906,0.05132504665049118,0.0701617878333209,-0.040384608117416856
-0.044397428666915165,-0.08312022974007689,0.0032474687024443816,-0.12002434860576446,-0.12386243717640162,0.07798563573942224,-0.028155906691647643,0.09727428042332575,-0.019708341739992762,-0.028156927979264328,0.06981413600744471,-0.12916673244245927,0.010975371039635126,-0.1094087676967777
0.05305655664802736,-0.029154143342164193,0.009706336163612163,-0.021631810082256245,-0.06372205998859275,0.03198605289183277,-0.0023688698061122854,0.042917671974371074,-0.021923758321564374,-0.08788434836200333,0.03199072644527683,-0.0319302909541143,0.0900394863964529,0.038659796385006995
0.009914764653042613,-0.060855585408082356,-0.03690734726658596,-0.04193450746406693,-0.08873815850132576,0.018912655856946466,0.0018981490189227664,0.08462081059726989,0.047252613744595245,-0.1566916440368282,-0.08777469236187864,-0.031721929057657826,0.05000498112633124,0.023533986055330303
-0.010897432964751524,-0.07164308359605336,0.13522117210961707,-0.12978903071272468,-0.1214681539252155,0.04120458071047531,-0.0574253613221332,0.06519889689370947,0.02894038702035213,-0.11575687923117156,0.08415190080039743,-0.052977195843067336,0.04757427692305475,-0.043105233069680095
-0.08370251734599717,-0.04711651511553931,0.11592723520769428,-0.17803832955617,-0.17332885933444597,0.04223608151725158,-0.001427751762078083,0.027157025164327348,-0.0624869534876315,-0.0017788712617571119,0.0770131464737542,-0.04947686895990524,-0.0030764949456092675,-0.1376761620377621
-0.098504918861905,-0.036854519461239695,0.13724817493264266,-0.1233693161479135,-0.02121725561639565,0.06357583980329613,0.007215137489205839,0.06860462427079295,-0.020871495392213862,-0.04075115935301148,-0.007880236457592274,-0.07203488215601157,0.08165559278948961,-0.11570827713186403
-0.034129427748374686,0.03329624428026353,0.05921879831958602,-0.09419105524178661,-0.06753074488386769,0.030380613708658306,-0.044435646254166614,0.04451566578038853,-0.10490193088964797,-0.08862993014749472,-0.0317746315533699,-0.11940203488552494,0.03633014553714804,-0.10251755151626034
0.08564870870042475,-0.12689083904935036,-0.051660937356775495,-0.07966652461479964,-0.12707340242608745,0.040217767991375636,0.00487553232616337,-0.004240598351739828,-0.008332413425454127,-0.0043964715767434645,-0.06223257072405694,-0.1304086614947384,0.05807165914029457,0.05500281280162636
-0.13166282537294188,-0.18930697454642223,0.027962660508465693,-0.1629464672604719,-0.049058897267243065,0.04234319756377146,0.001371802871255676,0.04098913570074996,-0.05976862001964206,-0.04699431482521233,-0.07991949086259868,-0.1300685967442836,0.035718610181989775,0.005913176493714417
0.017586188374804433,-0.003047815571174739,-0.08037698975215014,-0.0492677066471378,-0.14206626710673248,0.02233112852008091,-0.02870892654810122,0.045828127040189036,-0.12083637631821918,-0.008942108763347802,0.05475910474204485,-0.12376062982509745,0.01388504199479117,0.09362126424924258
-0.11755727063781352,-0.16497653276581223,0.021786256948179646,-0.1256715289910456,-0.10076994383333171,-0.026788627511059534,-0.0006337717940296991,0.03154209759228477,-0.030399170436218086,-0.042800629165438024,0.06917603683872853,-0.07400735553081943,0.04543668681871996,0.029949254214702455
-0.04063183326571902,-0.1145189284746472,0.19409147747306968,-0.06712702980979886,-0.0654280866159171,-0.0002152274642281789,0.0029621207162450927,-0.0344866768457647,-0.10926516923396129,-0.026418453813170734,-0.056099701367043835,-0.13691601939708462,0.021028700896114878,0.0693762612278998
0.047598428471448566,-0.11050567822855518,0.023712833404802885,-0.1734501800811339,-0.027683823700190017,0.054014943393579665,0.012040221786459606,0.04367628335296255,0.031111018892129957,-0.021324366801901928,-0.020973835379000008,-0.05563072120329775,-0.005115557554309279,-0.12101481771034288
0.06963165777608872,-0.21122584539550718,-0.04269380238928176,-0.1640200512761652,-0.13117412330629152,0.03371368766474467,-0.02541878692717565,0.0750473523330746,-0.028606975352056432,-0.02543297305201964,0.05322434592799348,-0.08883935644673775,0.03833176545287627,-0.13164982358497088
-0.09067805884834622,-0.12570005168248516,-0.1356587662090161,-0.09534167609018651,-0.13136606088382194,0.010932884580559061,0.03276969750113532,-0.010539990971849924,-0.0677637750919304,-0.03561933739592316,-0.01659470986567784,-0.12500983550433864,0.05950720175850285,-0.135412393390419
-0.027496871956594806,-0.05698884617925885,-0.08748360738403606,-0.11947393658072353,-0.16148778198255329,0.07824949716764279,0.01404141747353932,0.04250636231881276,0.03851710520623819,0.05682789439895034,0.067945275489747,-0.07503325782393547,0.052387477413024484,-0.02721773542623152
-0.028996977629138117,-0.1397759300402371,-0.0994955014770516,-0.2189989688429292,-0.04609751383823382,-0.02858135495358334,0.0247700825042097,0.038001405906035485,-0.14705332294178095,-0.04194096845955187,-0.021520396985537336,-0.09178284482468782,0.07271831795353602,0.07528149962962809
-0.05486474244225319,-0.16539858687197484,0.0183791951188001,-0.2010825328965572,-0.1363528488216686,0.09395989818621003,0.016178682139501237,0.03511279775180328,0.05831333805847878,-0.0200229317989227,0.05076935848017345,-0.1330769394759912,0.02975009812212139,0.11492044693756882
-0.05243909154936633,0.014110742810691718,-0.1254427379940926,-0.1228400737192857,-0.15916248384216922,0.08075410823657174,0.001370438953613219,0.08174626562463815,0.010946971637624021,-0.04307774232740299,0.03706519125724925,-0.08362585665929521,0.06493848396977629,0.0374507050321843
0.06341874164006968,-0.022507985903162976,-0.08598089984104597,-0.15785733713790745,-0.011732716473099626,-0.006414689267652254,0.06616406457913736,0.07135917515720665,-0.06001774905114824,-0.07409144006326668,0.008351461269273774,-0.07618347659174114,0.09555922089988961,0.08512405650338495
-0.03181346565707072,-0.05741393441988175,0.07117358821305182,-0.1404969216690542,-0.051251078103803374,0.038595840619801376,0.005795059720940383,0.09180074290578931,-0.09603998083476216,-0.05650146153942912,0.04612536916704171,-0.11694539164153768,0.04866353790941557,0.006284774162819299
-0.022982549550976054,0.016586618385047252,-0.02520160681693213,-0.17919240102986947,-0.01064882804346833,0.06825907821446187,0.1330646662918638,0.059540058965804846,-0.05841138019856543,-0.0007012933434548358,-0.008641155229726168,-0.10995989539555648,0.13009340096756747,0.02533355769286838
-0.0624404371682947,-0.08341275375440933,-0.10253298110718734,-0.050656506967765184,-0.13159214604185346,0.05682703952408764,0.06668719387529343,0.10186396170081022,-0.08684903232136235,-0.024092496050324395,-0.00493835070223116,-0.05446689602953881,0.11355743862512384,-0.14045515837635308
-0.14822292813767834,0.004470325586317228,-0.007301908764866951,-0.16299695796763178,-0.044300913194838025,0.0711290757365604,0.05925868871432446,0.12518277099027655,-0.11295540380682889,-0.06781289606770789,0.05630593541637124,-0.07374776010714915,0.06844023532576783,-0.0892792523850695
-0.14247381882394505,-0.05571886902242151,0.0017458719088222282,-0.1466543866709073,-0.16845922034849498,0.06786173628947711,0.062422708335986156,0.08145777580719708,-0.102461008013571,0.017707492620234085,0.04627266614322625,-0.12733730959200035,0.0963925106987015,0.08754106893768383
-0.09133356984188909,-0.16591932115807703,0.1479182740780759,-0.1401188131223147,-0.13495219835916994,0.0760017407623585,0.06028259753583619,0.059462511432225494,-0.04942246869299108,-0.03505792718180467,-0.05337801697622908,-0.16552301614301046,0.0462442320551802,-0.06127404015253947
0.018242360298933228,0.015615930303232366,0.1046001708581784,-0.10194744342543108,-0.008183324747897017,0.06418033645195148,0.047610695781835875,0.18498654367742962,-0.03845150676806417,-0.07947918897108575,-0.01301677492260922,-0.1634110196931255,0.08866437647331527,-0.017147440562022012
-0.13954394095309597,-0.10995321548940888,-0.20032809507352548,-0.09231431692648548,-0.05543142629465038,0.08799556933766273,0.03549286359350704,-0.019290502201186846,-0.10340649870640796,-0.08505186354849843,-0.005862569342909966,-0.13526106625219217,0.09536963896975788,-0.13560536663175587
0.09565041414164371,-0.06340075638883212,-0.033735318600946564,-0.13019463219422156,-0.14208872481983756,0.03145231628407489,0.08638157545598016,0.07622835783843075,-0.11758909996444307,-0.12177343710395075,0.093198314588985,-0.029413584623435757,0.09490786779884755,-0.1321049465336425
-0.096260938453437,0.009917708628853078,0.15286281748129119,-0.0619148407659089,-0.07317628849018037,0.013467056125603205,0.0648318542660242,0.1157838703886542,-0.07875972249117094,-0.012266623958820217,0.10036964169177692,-0.1901081234325984,0.1040652727674771,0.05299306753897074
0.04075457854844766,0.01998703776709272,-0.01949604321666562,-0.12993682554358255,-0.05175099351346988,0.04544347736476527,0.13285610715538076,0.014166955366685321,-0.08747257935259203,-0.006558167833549517,0.006389555584269446,-0.00830970367003619,0.09463519677570541,-0.01336954644873323
-0.05221519894800021,-0.05410673813425623,-0.03507166221876844,-0.0005636644464837655,-0.08075468401167396,0.06729781252518804,0.05766691727456779,0.08605876643546619,-0.05041484740394385,-0.11487973028914047,-0.025087777985658095,-0.07984626671828182,0.06539414166416176,0.021987892262178576
-0.031232665018841827,-0.014005770865932332,0.08373420318181884,-0.0913896952024837,-0.15462604167778587,0.07178342340901839,0.09265655151051684,0.101225400572762,-0.10295165540356249,-0.11345683199407673,0.03869851804588468,-0.07412998527347513,0.18544598971224643,-0.14971684460757462
0.07471872195479799,-0.04072875272012156,0.20946548648983765,-0.15841518542455657,-0.015041621553176905,0.04221045009719283,0.041787209498495646,0.0662416359937772,-0.006501725588744779,-0.1421385573108534,-0.05898525183354628,-0.14628274783836379,0.02461291548843126,-0.018040000463438607
0.09008491382895667,-0.06671428370066279,0.021703946799945927,-0.14598370787261872,-0.10549617229707615,0.061328032649729546,0.037457613247282376,0.030075034351162943,0.01594747532611189,-0.04351122680552303,-0.04336425533270067,-0.12020501583610156,0.13532383623848623,-0.059195261109981176
-0.020290354865045393,-0.037831773436635005,-0.13148073144153552,-0.14396630331615856,-0.10791458538414969,0.056372234574004074,0.02346078950188042,0.04841779231114454,-0.07392001025473081,-0.0293880806009248,0.011959198411777883,-0.0871635887268613,0.04524449147647222,0.07549747794452255
-0.022703996661482925,-0.06447308286591931,0.08913496790693735,-0.15434348171248335,-0.11359766904523169,0.06689714873995403,0.05380860002063018,0.08027678520793147,-0.04756973689639198,-0.06559690022553234,-0.07895776367981641,-0.0992112390345752,0.05278727113133246,0.05344560736463667
-0.08179691796183296,-0.11528571879415853,-0.005232086262745678,-0.09079408084167603,-0.022538700756050425,0.04120692859287489,0.00824587280887856,0.06091348320911595,-0.03576961805924293,-0.08899816718926823,0.0685288414123878,-0.15443405277515834,-0.009541303808491143,0.06715428926368369
0.0605554860495874,-0.02608026512511995,-0.028622059309986694,-0.1808481967882642,-0.12946811605131286,0.10958466816631161,0.02995147163634265,0.04213152279307785,-0.012444042292214928,0.0030202184940864196,-0.012145069598405889,-0.07507574226210904,0.0048556913878814514,-0.05626096441405569
-0.05330832396134656,0.06353166150647742,0.0436277206216184,-0.12402620688852414,-0.08290905981382468,0.02068775294566367,0.057285130478023964,0.054116338073058275,-0.061957652626186965,-0.11131087009986392,-0.08485633081307653,-0.08799318044213797,0.08413050695112632,-0.10611538382443363
0.005723673355794892,-0.08185903243631362,-0.0044580538395341705,-0.16693537543662137,-0.044322333695566936,0.06842026520145282,0.022283175825773043,0.01992136758441782,-0.08554084707340603,-0.09023167917826805,0.06306529490122828,-0.1493330987147746,0.07078766181148062,0.10293017671011848
-0.0014640791522755967,-0.11663581081558755,-0.09214152713905092,-0.18869849948744524,-0.0838496772187504,0.06977256334254563,0.07667315180531258,0.057083950220046344,-0.09855364613019935,-0.05479940154842946,0.02475988080511563,-0.0838529162122422,0.03694726260787603,0.04485399586482785
-0.07373318059456972,-0.10805181607521108,0.06636687388553471,-0.058196103746268976,-0.1591121454471228,0.05910944062067612,0.056829481454517945,0.10691414005157855,-0.04984407317767327,-0.0374712626649234,0.020436371228686,-0.1996707918030881,-0.04124710776321105,0.16331247367379198
-0.02113953711206061,-0.14286255025652078,-0.06412481661174453,-0.1534990280824837,0.029164638292717097,0.0413490791318285,0.05073954786270382,0.020645480552568804,-0.07531636771959946,-0.04048771450780091,0.07872478994712419,-0.15797129324953518,0.010557626871753061,-0.11754625994295768
-0.10346422459823061,-0.08164694922005837,0.00710818137613735,-0.15076904530564605,-0.09590869595966785,0.11404329789843941,0.012534110502541457,0.024796607022255942,-0.06363260474284976,0.023579820755712667,-0.05848544835641633,-0.11885951889287674,0.029820130296313162,-0.0462049725101103
-0.0855546644652008,-0.036520926590833364,-0.0393715374075199,-0.1568538896142968,0.006397629030239447,0.001116012149196374,0.026041522785708968,0.06418505311409013,-0.10158534642254585,-0.07900415376262436,-0.09843581690258273,-0.21559459522609295,0.08595722196732587,-0.20730716898177626
-0.08761076863440954,-0.1180158887966002,-0.014843000002745658,-0.1448978994576463,-0.06374652045087614,0.06131510494766718,0.059343422393065136,0.015265192717614184,0.0519523462974337,0.014819700801287925,-0.09057267584888144,-0.10957530965738616,0.032228889231215994,-0.05461663346807594
-0.02930918993785225,-0.05992464924004994,0.019697312578742722,-0.18616157324117746,-0.11466425493308417,0.09506693617217317,0.005208442784319488,0.07661038620657157,-0.01193657802171699,-0.05894340509966231,0.07511639054054545,-0.07563421089093891,0.06121087896726655,0.02264140958921932
0.011132436203374512,-0.1611728270943421,-0.013913855349849149,-0.1330662545132539,0.06593266440233952,0.06935870101139131,0.02760418083520164,0.11067448031374973,-0.08277549390274426,-0.009851566351091733,-0.10207605876048013,-0.10012179699099433,0.10833604983543436,0.02388448669800399
-0.03794237160505013,-0.2039656944642234,-0.06730474638627879,-0.1805902827176195,-0.06975259212349447,0.05095378898069737,0.04860984523566752,0.05773350419366521,0.04095154362059091,0.002333443720386903,-0.042027474868293196,-0.06739024969653301,0.0653540070493363,-0.14069172846676273
-0.016642700440823822,-0.027791333374374477,0.00049897780553441,-0.16771861517964068,-0.07116313668312436,0.05586899734441205,0.062194859648669686,0.0691405983501713,-0.04014501803393026,0.09103920875270348,0.017334192675285076,-0.10063739228450759,0.034266664221405826,-0.10293702893640892
0.02796487900319583,-0.15128136103125733,-0.05051593645594108,-0.1248292780440683,-0.06310802782487746,0.04674802285945434,0.045139440944379154,0.05744925300287685,-0.08491510001922097,-0.022531923814436427,0.10129830927153281,-0.14120744019184345,-0.013555785697521654,-0.13087455192148215
-0.010007918317689806,0.006214372346090571,0.013133655290908878,-0.21307974588075096,-0.11821220764130687,0.10285410552754264,0.09026915066824003,0.017188193986001278,0.06556957714704038,-0.03840140076212502,-0.03218011786928249,-0.1482385436817496,0.05023310314881568,-0.1589782602688946
-0.006475100327860122,-0.06981590824743596,-0.004225273693762308,-0.19852450216378567,-0.06943677002432842,0.034138261134147925,0.08800276853492722,0.05443113481526648,-0.0460156554891847,0.017823721436210953,0.026423608899765867,-0.15121071124868943,0.08366056744123097,-0.15558997528201307
-0.05537624023005772,-0.2088364165193879,-0.04930241984695237,-0.17136934773438653,-0.09087202539396,0.14126375113615097,0.053443694717230074,0.0720896343080783,-0.03442183699886471,-0.05685481407478606,0.04879653502255515,-0.12848166157702426,0.1266798285657794,-0.08049310544366536
-0.12062675895448831,-0.07167335239341555,0.13841368920192842,-0.18821183749149242,-0.13103806446477353,0.04434556941477905,0.10796275398557845,0.043083002355073834,-0.012519681730190357,-0.00021364331581548074,-0.00011618346889890027,-0.13428334339306272,0.038178691341222995,0.01647984986878223
-0.06418461029312027,-0.08461303026650728,0.20379510329820044,-0.09823597427472686,-0.10036717865357178,0.04221758909879787,0.04503446526033533,0.03743515081706383,-0.06986921971829617,0.018680546561885565,0.0527036843447522,-0.1476006195559536,0.03182265436005016,-0.015605260766337352
-0.10963442224161322,0.0006672429471167897,0.058020189315578695,-0.18295925543479324,-0.07911412383834819,0.07123763542081991,0.03486470490935835,0.07304762674512934,0.023038694036053242,-0.01337906312208239,-0.0547379121946005,-0.10755135721103405,0.014721359059286707,-0.23998911811576518
-0.024587683995194457,-0.0439339688062937,0.04587839216362927,-0.1735316906705837,-0.10774238095105701,0.06469123990678567,0.08549434408834634,0.06649620287574547,0.012832005206204294,-0.055930804731024825,-0.12872638293590857,-0.12238111382184572,0.14150425545367026,0.0161433259210569
-0.14496135111052727,-0.03302530222830718,-0.07607628786064019,-0.18720582221149407,-0.10981598692499848,0.03295379596782791,0.07876890662450571,0.018584809621428715,-0.04662375538858943,-0.01827985023039033,-0.014772845818678517,-0.09804817103578407,0.11014662590377344,-0.09788404343597215
-0.0489782805404959,-0.03510481667940564,-0.05383786477310956,-0.0641865396215317,-0.19015274291543383,0.0706749207857158,0.06254083490061611,0.06416188150225913,-0.08655144909768837,0.039674105938264745,0.033386671018985375,-0.14192146881781226,0.12438127202392994,0.03309680928946025
-0.025521521249821672,-0.1570738688053583,-0.012882613307009957,-0.10292288606752391,-0.11121919942270025,0.05255396148333615,0.04680873739735411,0.09534905877629074,-0.02184579550860644,-0.07095619467101417,-0.07767964893273253,-0.20619864848146738,0.08256766609589594,-0.08012408708030554
-0.03618441295783024,-0.08544940346527513,-0.10017337896537887,-0.12665533762100767,-0.06274264112568832,0.04715668783686708,0.03913686225164445,-0.0021902351393055515,-0.11433589250126838,-0.1373927544029194,0.03887092606962067,-0.1575417966855761,0.031189972068139758,-0.031011929815577745
-0.06270069040149823,-0.03857764552259442,0.09203036437079029,-0.12098251189630087,-0.12481795595930414,0.08510102025066303,0.07700139279378386,0.018160633859326043,-0.08715330756555881,-0.06923153105597274,0.01369114048122086,-0.19068289894431512,0.10862054932421339,-0.1187969676656109
-0.002095161174072662,0.0664617707994415,0.024119316851267582,-0.14890100408025053,-0.04559322832618554,0.09242905749429092,0.07834359661876264,0.08590048580966878,-0.08252889419633085,-0.11823619515046421,0.008731140849950457,-0.201838154235798,0.07204223905125151,-0.05149683073620327
-0.03567149326569948,-0.15607168664408608,-0.016755739769166774,-0.16878863403149277,-0.12087004324824643,0.06745099916803653,0.07238621809686588,0.034958125961683885,-0.04438724845954826,-0.03710169879030267,-0.0325735486941941,-0.14814518484720324,0.03206389890877764,-0.1869740615907794
-0.015623657150400394,-0.13076812041371752,0.0334801829884864,-0.15970236905694804,-0.1562420247808719,0.11252201655200803,0.03239919599139701,0.04570771803639562,-0.11987952280201222,-0.06263557094038226,-0.027261303581394766,-0.09955574452043349,0.021200617984458072,-0.11857226804552007
0.059552543168576645,0.0439918265603483,0.11058858938746316,-0.15715605943347732,-0.10027102177994754,0.030243891490266923,0.04742406205542116,0.04537874356127292,0.008109480382707429,-0.02339532707496293,0.004673459010002149,-0.17130363451032893,0.08187502696101841,-0.03613785151779281
0.018958349440522746,-0.039463954004003404,0.15457616383725828,-0.06898521347891641,-0.09583554844304851,0.11155256944590597,0.026955738037351226,0.07672955320065648,-0.11989973999401783,0.01284231427197,-0.026610430316021973,-0.1675249269649076,0.021044497568226968,0.03718554076272178
-0.05151674379272292,-0.06144493195692445,0.02702904940056235,-0.11812253993457533,-0.03772099350775852,0.06572098427277917,0.002169185686770029,0.034322363970043894,-0.10760407813613118,-0.04294588239808441,-0.013576184736566004,-0.12124890337793402,0.035763195096988415,-0.1363701626575374
-0.019450374813505745,0.017236642342487864,-0.004639773733122716,-0.11952020630331878,-0.0648958848062086,0.07150588900285396,0.07374248486820792,-0.035080688301455214,-0.05176301119315901,0.013283876115693464,-0.015813512169107823,-0.15245540116466397,0.09975141515829684,0.05632461898855075
-0.035894974618205476,-0.21892164920302054,0.03747960644646438,-0.08783710935295523,-0.056054353467459066,0.00040241470541922317,-0.023018903232579876,0.023307634411788264,0.039793497685686435,-0.01769519706053401,-0.05870783895899064,-0.09540391916147996,-0.003437196453604261,-0.047047374831238005
0.13863616289519232,-0.11362014741734555,0.10915781686213331,-0.0743504087029586,-0.06956791314479847,0.06537600644590398,0.08883083967020317,-0.0006653663624363014,-0.0617271538927655,-0.028959631571463907,-0.006636859422784975,-0.16576954567141464,-0.05009759414056192,-0.04605702546297139
0.019024259367709222,-0.18374160499021516,-0.1962987201833646,-0.15557170327944714,-0.030171692205542135,0.03845319969172819,0.11106812334485766,-0.061668390938104854,0.048381901692355525,-0.002729206434375886,-0.08879276676506624,-0.09807303693829775,-0.008295045901969939,-0.027596596240616663
0.05196944861445569,-0.10167572665371558,0.07586789025243937,-0.1643699951500338,-0.016891430352039535,0.01514209796417914,0.0794315037968092,-0.01672857771638288,-0.038515739468560815,0.0767512273324187,0.026675076667992084,-0.1792470454680444,0.028841285035116064,-0.019553755021567764
0.008273052166032451,-0.16981478858430618,0.00011008348744819303,-0.11129796095287321,0.03996663944044728,0.037854608734680696,0.09197707785927679,-0.027048069751037334,0.0023220521684705468,0.05861372198445927,-0.04537350922315304,-0.16103652001992264,0.03140786496309498,0.003388825556805421
-0.006595969256301961,-0.00960536308580544,-0.14948102590682844,-0.17589558286647608,-0.0164832607722189,0.05357489781443648,0.01256214680989508,-0.0075934628640001245,-0.07458552694707062,0.07754849496788328,-0.017086580752243414,-0.12270430312968696,0.01367947414029514,-0.1419431623301862
0.15049288389464535,-0.0866979768639739,-0.04482012759043513,-0.1613829716093684,-0.029438762318623295,0.024046771879386777,0.07028206522633819,0.03132231554523212,-0.026600449344202044,0.06947673319611254,-0.08577155738844887,-0.10554087367034916,0.009216835244962295,-0.04182802184643765
-0.03546522548843935,-0.1436813020311703,0.03415471013288077,-0.18933029255513295,-0.005435346532882088,0.011230904888927393,0.07913107693635271,0.03030889963445492,0.03882910582537112,0.02454153917332475,-0.024894887080279718,-0.016354293123497662,-0.010541402001737398,0.04604644471590585
-0.10838913395770519,-0.1017867374064497,-0.08956924341391265,-0.12761134394078946,-0.05926284136162467,0.009681089844092905,0.06125845038176737,-0.011732214028130726,-0.056811073952800765,-0.024331529213926895,0.000316264415942354,-0.13939963293704458,-0.01029244935965587,-0.0579546960932966
-0.01908610394840777,0.021866627883497344,0.12776977867685538,-0.09597245455140553,0.003650690078753921,0.07165735130748356,0.08634069360719504,-0.012546883133252664,0.03644580170793688,-0.015295276671246296,-0.027508626711529593,-0.13435815740033696,-0.03415656539315636,-0.17910368773556073
-0.07213748395840776,-0.09698448452665105,-0.07710971003747599,-0.09026565931094352,0.03452753168154347,-0.03876210838142695,0.04463780797865947,0.018460014513932723,-0.0439798970356569,0.038360939183778905,-0.032814144849930386,-0.08585370808356901,0.006417719427260001,-0.12521301101811652
0.05991204124607873,-0.1369919874534021,-0.11638115662389464,-0.12283294079573429,-0.09665581901067807,-0.004014452759697017,0.035698023102095675,0.007015339491326418,-0.06642482138287742,0.040482754726298684,-0.1197958737697,-0.13633628001834125,0.03388076388805382,-0.04463196395067835
0.009446179238535211,-0.11726430654325726,0.018481491879330944,-0.1728079138659508,-0.16808286670739445,0.04496333505866451,0.060518503844441594,0.0051891000904520064,0.01556957126019984,0.015530176141322015,-0.07019086210588359,-0.16883390786446767,-0.031117181373375317,-0.02406014025689211
-0.03167434504566324,-0.0007342263209700393,-0.08753735563431109,-0.07704801813843157,-0.027670375902611524,0.005220995153026079,0.11397596275362812,0.0003567891939000837,-0.08312651314642189,0.024457644555038564,-0.040856408625088374,-0.10557460514618021,-0.002710187774453906,-0.039770328909610866
-0.01228979028570076,-0.15791065871512697,-0.1156017192867834,-0.14583911792982923,0.044186204840474176,0.0844437865074599,0.08255736571224082,0.06737449179373071,0.03708592585203168,0.037037116396127084,-0.09133761427183039,-0.13929107931980028,0.025774689682585086,-0.0742443931742709
-0.1412063417951023,-0.06900138826737998,-0.05989436541207716,-0.1081784679690212,-0.059323809605173854,-0.027707165730275034,0.01944130293430367,0.009101117964313673,0.05736201223062065,0.08584611738900667,-0.0485612929570755,-0.10982691215135539,0.0024822454413648207,-0.11464560488883566
-0.01786625375761385,0.0024100116207314707,-0.04834630313206287,-0.10296380516956576,-0.03990123687021364,0.0400116470540573,0.02705954155616546,0.04740288902255952,0.029463901283823476,0.06794941988210662,-0.05699351973588154,-0.09710159232053707,-0.03756083437366547,-0.14132099355085959
0.05591677964495148,0.015244019135021006,-0.04760958686405269,-0.08693153193623109,0.056535446218870515,0.022345867914213623,0.13617023752139995,-0.010039728739777197,-0.009275186379640615,0.048769765216581454,-0.023359923031717255,-0.09087163506088301,0.005219149894897298,-0.029281455965743837
-0.07885860702202098,-0.019032630318277514,0.04474324849979661,-0.08474828528670761,-0.03744440535843985,-0.017140825496001443,0.04267383312161563,0.01336422269848536,0.02481509696849592,0.04438947251952035,-0.018024740427037694,-0.07301557900568502,0.024671881507065903,-0.16077802158783525
-0.054697069890821126,-0.14926794420511372,-0.08111069324822734,-0.13946994726206133,-0.055722352709530215,-0.06159895465920686,0.024618201791720345,-0.028705955509131968,-0.0847274142522302,0.041503561854843975,-0.03672890610901932,-0.09971993281289554,-0.026208541797066897,-0.08807086896372956
-0.0476927388440719,0.008194444878977688,0.12018267968944094,-0.13728327472761098,-0.006607641824665486,0.03423685226372666,0.09609330014786409,0.0402615814366733,-0.08631802557455595,-0.07402873241275318,-0.07557459559358591,-0.0934655100130125,-0.028699265545961153,-0.12009753724118334
-0.030377324041197317,0.020213586870696743,-0.033600165696196053,-0.1148656014330884,-0.06488406089553002,0.03759965446626721,0.051971112343333965,0.024990521090369883,-0.03429594404574884,0.013322182659419039,-0.08412073959869737,-0.14839542265105474,0.00870111236231081,-0.11553138031569637
0.017368228182948843,-0.0908202620826106,0.011945821559060687,-0.027818925081499565,-0.00115717869732047,0.050122813519429744,0.07187075102437177,0.024223449599443753,-0.07008178529600187,-0.0339205106921603,-0.14516250838211436,-0.05960695004120081,-0.05294298459606795,-0.06874864518347158
-0.03200616782794079,-0.050535542874126836,-0.03779596103570077,-0.060440591352771404,-0.05760868017709695,0.0779707366614469,0.0766783080368063,0.03691907523370759,0.005914619084097015,-0.041468767177290866,-0.007522589016625254,-0.09333967849442795,-0.04526379024356975,-0.060609881336887925
-0.07239032652706832,-0.07842801131947133,-0.08711736851211366,-0.1252672033866762,-0.03820832592766218,0.028870882369876286,0.025396826764395763,-0.02255302104957949,-0.09445292859464978,0.0005160576875175584,-0.01085716872051261,-0.1706310543423621,0.01146284592692419,0.026704178362381894
-0.036726709617426766,-0.16112633886225977,-0.05876599413175517,-0.09174538513068907,0.02454283073426201,-0.019826555185585196,0.07697647696132137,0.009304722098758978,-0.07149761603300708,0.04471604009144249,-0.06470397359168162,-0.15629081988814789,-0.07095568898611238,-0.03893261392643339
0.009012334950121046,-0.11343910852495115,-0.08254440920402617,-0.07356792919532269,-0.02937907463761818,0.04656586282245078,0.017030338463070935,0.002521500553283686,-0.08284440068795013,-0.029926374211372668,-0.045253527864289975,-0.08840534316335501,0.011819282051859689,0.039101990794848586
0.047188112479352104,-0.0962631728512897,-0.03881354757925065,-0.1352143534328306,-0.061619371973958226,0.030750558582152147,0.07984649240147636,0.013882851981738274,-0.07475097796693407,0.006483572906864993,-0.0083616224324815,-0.07300051823402855,-0.026467735767815668,-0.014899129604566899
0.03223118783387898,-0.09223841766647738,-0.09983628391299723,-0.0614702561801061,-0.03556897430226732,0.02176443162268496,0.031697392724541994,-0.014815941049061195,-0.013817181677188761,0.0005416921740296006,-0.05199978435930849,-0.13345293081223825,-0.012563226843428973,-0.10915615003375087
-0.04822408124531797,-0.07296461742495258,-0.008824517622959185,-0.12070047520422424,-0.062276945488501476,0.015623499378224907,0.03973099722507236,0.007438830934734974,0.08820995756234062,0.05208873785258272,-0.026593320396499122,-0.10774423371650513,-0.01896799705875951,-0.09424060788448563
-0.08004843632268305,-0.008211419846568513,0.14047616895604362,-0.10595762100458818,-0.04085571119357384,-0.002571130069894194,0.04996623493255054,0.009905654748172498,-0.04808018720623863,0.05312005274371916,-0.08944699309816942,-0.10550041407876928,-0.04671772602837155,-0.1383901939324483
0.02706627327821891,0.05271367720887154,-0.034333329584992724,-0.09449225023957954,-0.17079149344126068,0.032108948101524905,-0.008251274505100485,0.03191817099795137,-0.024704195634041373,0.03650799654521253,-0.11913478210723223,-0.15180453455670342,-0.09129738642458322,-0.12922811051917027
-0.013929947349929141,-0.05266157835341816,0.0065017899963503625,-0.027415849957842138,-0.0370467108028982,-0.0427180501844086,-0.0546791809727184,0.012886665014151784,-0.0038374184457227794,-0.05357518033229188,-0.12019988293625312,-0.0888627730388225,-0.07624018798481949,-0.028022324784587507
-0.07423451313785986,-0.07280841619531062,-0.0008983872072801637,-0.15176740693521246,-0.07346826176445614,0.06522039830003794,0.01967794713398672,-0.006246075319233334,-0.04618916595623838,-0.03233574397591397,-0.03500199840991371,-0.18861785616897753,-0.023515962847363972,-0.04768818673593155
0.026993946541453803,-0.05898138906744435,-0.13250949991792554,-0.13356769621737138,-0.0681731446219062,0.07186949009088921,-0.018219706103319033,-0.0731819181014218,-0.02465394756629335,0.008743746888848493,-0.10290173777556522,-0.11350270397020489,-0.05287205578404665,-0.03462129356363279
0.0037287969887493467,-0.11584465317021167,-0.18707468401559726,-0.13706780791331338,-0.09338879432865382,-0.01959429575421794,-0.00701649162586059,-0.011855701689910186,-0.04379446195951238,-0.016160500582077512,-0.12240161368954393,-0.1795608097559981,-0.051033201190078675,-0.08506790888467855
-0.028323787266171865,-0.05165373371035525,-0.05789000098168726,-0.16242398837660507,0.023034783161347064,0.0028943712517908527,0.036717625350022313,0.03839815155520155,-0.012855633681107459,0.005374674692856668,-0.07572820181718612,-0.1160245472643219,-0.03784843677064574,-0.03016276829037932
-0.12639326179857446,-0.10147074905505937,0.04909020966211219,-0.14034909418836325,-0.04060222709161349,0.026900526592882116,0.017669994713202127,0.0081721481097016,-0.02301158059913616,-0.007161648292644541,-0.10222577784863612,-0.1759980099726239,-0.043973744393759624,-0.13950994239893957
-0.11822088399893342,-0.057459309499043855,-0.002085167857248132,-0.18866371263701265,-0.03255953284606497,0.05061383116757779,0.06880614630184419,-0.028488518425162344,-0.03466408090886002,0.04085804737051316,-0.09241589603786952,-0.12933874796131972,-0.10538556243707432,-0.07037139276908498
-0.11696784255175419,-0.1707579101412374,-0.012225995616148193,-0.17903178072872267,-0.06281387554971474,0.05503035999152908,0.007909012336901871,-0.022028646898989944,-0.19164225536518312,-0.0024684294549082706,-0.061227082609011316,-0.13639914588647034,-0.06210026070828344,-0.1261386186656754
0.023591212735183525,-0.10761619576768404,-0.1900652236815183,-0.10833554263108598,-0.09799581523887425,0.02599906188220688,-0.027116883942772174,-0.012093764515981348,-0.05644010363370438,-0.011928743236901794,-0.010227426009868387,-0.07716784994756842,-0.011292212629559168,-0.12200304411929451
0.02653056150324544,-0.10424807972519567,0.19006665945743234,-0.146141484728087,0.009469356582318495,0.017899289511115996,0.03678164592301194,0.04932322866863989,-0.10589559821359465,0.07885067798366646,0.014342338448441991,-0.1649578467511723,-0.05585447892397031,-0.060521210621556853
-0.011498936913606223,-0.06259669745341508,-0.10803905514389579,-0.12571859617761527,-0.04166419324280356,0.03141884996988508,0.039549473481429225,0.013601753301578626,-0.15326991477145818,0.09603849614777593,-0.029586411213328865,-0.18668636476112685,-0.0758287375248894,-0.22556270656528243
-0.08204141805281095,-0.11042625920867208,-0.0618284888365049,-0.1442228846935017,-0.07425750799685406,0.07282473477648825,0.03238989111933701,0.03444867485217851,-0.009460788080414007,0.0010496526816982292,0.030941871800400894,-0.118355572360548,-0.07656480072182043,-0.1228043967525239
-0.013978259668368706,-0.02055158143569796,-0.006620865668352546,-0.15357032567820497,-0.06677714586239519,-0.026319277489878112,0.0010916318385392277,0.028599210498631303,-0.05481900956462982,-0.05600230207413196,-0.01704062002860832,-0.11017827681769009,-0.025057224417440915,-0.20338500451225333
-0.09558135580141931,-0.04706889911282851,-0.005100265212109453,-0.18023248955448956,-0.093151598420138,0.06563488099991699,0.0014027659111099633,-0.04716016195123168,-0.00020375214107398707,-0.04476114265908332,-0.0870297216373308,-0.14073598552697977,0.03636976323609182,-0.01792141469613845
-0.057862608005808086,-0.1238457918275338,-0.07406789972372649,-0.14610245917275988,-0.0318570189557306,0.06652800949223889,-0.056372517147278624,-0.03091277325280788,-0.05232151346821465,0.016293449481799966,-0.006355475312895672,-0.1207009155514312,-0.08127684057226828,-0.1281457015529213
-0.09335881976650644,-0.12714724687215925,-0.09376176940279841,-0.1586780803948344,-0.04725236736851311,0.01390692224398973,-0.03972625474397677,0.020715579414668374,-0.009397264144882386,-0.00012269083484323977,-0.09534876630888595,-0.12500722558409075,-0.04336796241158825,-0.1667321412111865
-0.005920388880064819,0.08131975237779614,0.02968861304230057,-0.15244758741497735,-0.10052083117305213,0.018149520645641747,0.003267375284118429,0.024482545823287124,-0.10785428535080845,0.0285289199005357,-0.09170765246920018,-0.1447657561347965,-0.08185113309587524,-0.12629682020006833
-0.0586951528036743,-0.06457844016481344,-0.06143164074141282,-0.10032352009877103,-0.07433471603548807,0.06829674173222647,0.007949061337989668,0.018055006122540875,-0.08775134445431616,-0.019530188740213582,-0.03644100098012263,-0.1583920190804464,-0.030412152771133672,-0.16656315450858644
0.04208582001377246,-0.11989576059872768,0.0015518141857570297,-0.12055072621701896,-0.13014286887135643,0.11020015878734657,0.04319706083613474,0.027196274571498036,-0.05226700697823094,0.005956964430612613,-0.09901567731419847,-0.20702958379783906,-0.032758750779092044,-0.014656958911642702
-0.0758864987376497,-0.0892959938849743,-0.016755016485789004,-0.12173670145926953,-0.029040071512463565,0.03859367216206578,-0.020446922610985546,0.0900619298553315,0.09373885726086663,-0.06522890492384203,0.03910350701104074,-0.18960563862626406,-0.03327741739077662,-0.05911104223848326
-0.033877527607755885,0.03829462811499526,-0.17357995075888397,-0.08939538395567243,-0.08523378891365137,0.013661448951169268,0.03778847396124693,0.03509903807242946,0.01390812425692621,0.007383681147110085,-0.1609095781834401,-0.20612525056678507,-0.0673321860804398,-0.05980705783432864
0.026287135543946367,-0.12544483264293158,0.06160893352150358,-0.07305056993982456,-0.09240738452300128,5.6158291222218554e-05,0.01849406450205187,-0.026414803473133425,-0.11406034411549675,0.014931267838737093,-0.02840242181265799,-0.15455194331784225,-0.08999992591757726,0.05734867023195985
-0.02651183284323666,-0.07102591962936233,0.005244879251311829,-0.2087493256539502,-0.1495956382969432,-0.0021878185616827127,0.03159527005397489,0.007895114859331745,-0.10262994472482868,0.04800377675826372,0.013910426335924549,-0.13920093396945482,0.041073792386330917,0.015208032534290294
-0.145312565609881,0.061539847010467955,0.10499010928709537,-0.1812437381452927,-0.10232617925534698,-0.0020257834569960866,-0.007059752416922325,0.008992737462708828,-0.040816099573993195,-0.026830342137555724,-0.1049269216509594,-0.15560313900612852,-0.05420183611286078,-0.08390251639430499
0.01114579322027104,-0.1069152673460004,-0.017978593972840348,-0.229880746190888,-0.03662885896396618,-0.01408418308209919,0.0028831717320914095,-0.03844071001100306,-0.15251413035692757,-0.03872321902957913,0.0011259233547664825,-0.18850131301130613,0.011748434580212956,-0.14867751774074447
-0.1453446163735258,-0.03251423698286524,-0.1059803155756089,-0.10722762002426568,-0.09041725898674548,-0.00788483165630683,0.030613619655097655,0.01660059454276615,-0.03959414425236601,0.03474687715641239,-0.11008044687667164,-0.09574219632574647,-0.07286901617374941,-0.06484262932026393
0.024463493905505736,-0.10119012966749917,0.14575445658527206,-0.07213097942290632,-0.07113505850202685,0.020270449197282093,0.05401738425095176,-0.034078278877069816,-0.0869757344225771,-0.0726962771724078,-0.09398050671894198,-0.06739332048566286,-0.03228548157255001,0.019608896574471228
0.018709218008267164,-0.09785918022220054,-0.029394790959736034,-0.15348406288392155,-0.06842484319492727,-0.017439840826052995,0.0342410344787239,0.03617985484679443,-0.116818179148294,-0.010503798317118186,-0.05911038055833812,-0.08769895741283387,-0.0977609469619215,0.04437270105945014
-0.04521232105907041,-0.0674677781353062,-0.10599970221534151,-0.19935469733506428,0.029822163894998036,0.02769163740480527,-0.014819888826305817,0.0065333806879853875,-0.07779190794873037,-0.043036277127517855,-0.1095408179673903,-0.16077017159200763,-0.00036011389129761147,-0.13901089039577003
-0.07266671152787123,-0.035400507310074485,-0.18100711095081706,-0.15940493225656852,-0.12697479232602696,0.014127146587346751,0.04207483101548427,-0.022206920152612684,-0.07864347306178994,0.007582503700766571,-0.14621570192356492,-0.14692211470621616,-0.05183111446922097,-0.15959463697535822
-0.05055176644735614,-0.05946784459042159,-0.16849245341831903,-0.21577321379837242,-0.18833444996284077,-0.007642857237075575,-0.017361883669795262,-0.025028400576566665,-0.06911342261674505,0.03917493057650192,-0.1111488654684172,-0.09536440732988039,-0.058411733343103366,-0.016908754812893865
0.006741010781193421,-0.13164473154180287,-0.20143722786894705,-0.09492678263236708,-0.009958537341525452,0.006615154277653193,0.0034534809174367634,-0.0026655229397406378,-0.08948910175833645,-0.05227060981767486,-0.0430020115433078,-0.16144014590305603,-0.059375857711230204,-0.040542738769735444
0.008276414115616956,-0.08695759244552168,0.06967185668188157,-0.21082172028532625,-0.010597511746845374,-0.04853803330900085,-0.045876438304424526,-0.027009727329351956,-0.11424101541470379,0.035886100019083315,-0.06430110284358091,-0.13184492443994406,-0.0390125646941142,-0.184683080176716
-0.04521604501372023,-0.07299657855732701,-0.11715117874970797,-0.13692994015077117,-0.11183121084328423,0.008476050740986505,0.056388222596043786,0.003288136157682137,-0.10339828512066104,-0.05982732323921129,-0.05426627351092832,-0.15420521682892235,-0.008829214054366312,-0.08149077703949845
-0.030773319111056546,-0.15652713467476914,0.0011652460320346156,-0.11469741622788408,-0.13887642969518096,-0.06744471894686427,0.025395063640066336,0.03387768902648822,-0.025877478197977272,0.030790863067185488,-0.07825083048615843,-0.12821305667175786,-0.06936231463249552,-0.10859419502622646
-0.08062948828922667,-0.14513485327455405,-0.09442527262380797,-0.20983246072560036,-0.10506425622892597,-0.012103619284700995,0.016267648580918347,0.011835817467435962,-0.007027345324461168,-0.013424454968920294,-0.028645798950332008,-0.14164678314257084,-0.053408723970061855,-0.18018681042527035
-0.03163255767618631,-0.1195786702104371,-0.031480323386978704,-0.2074662206659902,-0.08502969015660616,0.003108987388370386,-0.03217165470060183,-0.03835530505450109,-0.00827015199082063,-0.077340156425764,-0.1283543532247923,-0.15322883091288875,0.002515741435035731,-0.0984963815965392
-0.006993705102969855,-0.03442907630574289,0.010092335444746574,-0.20896972326596477,-0.10409917506727027,0.04894988036829679,-0.03437429252079552,0.06118139236485991,-0.045879708681348184,0.08345061126257382,-0.024987627243738517,-0.14044565366432757,-0.02915647724338123,-0.11755588085630174
-0.09278748192172655,-0.043439316867231785,-0.10674002770758623,-0.2662651645176502,-0.11712672668755407,0.012044689206521722,0.0039749951592483405,-0.003022102374175974,-0.09426281497905957,-0.016253907794594437,-0.0652809958993235,-0.12983562662777415,-0.009953724645853564,-0.23899040958202145
-0.004760260429225606,-0.046585814278370274,-0.022196782052992685,-0.18791641112466712,-0.029708194357419823,-0.02939625851119747,0.0550258953822585,0.06981883491883772,-0.0164628366593565,-0.01989735492328852,-0.011916808825665858,-0.12605436481639176,-0.008690815307530759,-0.08088750072476082
-0.09797328777261825,-0.030170180285898546,-0.10341743535079691,-0.10197198914592952,-0.05662927065406968,0.0297787255660172,-0.08771542729880455,-0.0016591731829112965,-0.0043701291945509105,-0.0008535966410591769,-0.14332376852541348,-0.16093749829008683,-0.0393145092230864,-0.003045485907431108
-0.06243278058177766,-0.09122930966666593,-0.04888137827325965,-0.21917744529880148,-0.06598553298487023,0.03427425731037285,0.055815781831720375,0.047703683911730466,0.057827528807339185,-0.08690392837643558,-0.07206349628185275,-0.21422145061658648,-0.0427412971520793,-0.13581177814464895
-0.05739080304784981,-0.025084951648022377,0.19308661055593693,-0.1470649442094316,-0.007808285702136603,0.03298854035330084,0.021504193693601296,0.02862570083880045,-0.014984833920665895,-0.0265166554993206,-0.10434521208436111,-0.15987549158852354,0.042780142517801656,-0.04055944752885611
-0.01217416954168189,0.01758002537346126,-0.05084042039128432,-0.21029855161046793,-0.15991941667764642,0.02384287981819939,0.08948384137306946,0.07239339642682827,-0.027360407285109332,-0.0834248402246949,-0.026794566945251896,-0.16540592191225534,-0.03738624528141664,-0.09021933606827515
-0.11370889494865039,0.01673182174898139,0.07649910683758278,-0.16697007820163917,-0.07911660161836914,0.01889024553519737,-0.007973200260448192,0.036008483330662276,-0.05113151976181135,-0.09343358653620444,-0.12169670276210699,-0.1627373371133105,0.001427424171754755,-0.15325894050319006
-0.04266908972266064,-0.06108528178167111,-0.007637996227104085,-0.18364367666863907,-0.12915506845018226,-0.02840366841948225,0.007298200111473064,0.010826376751485128,-0.0044379111399245295,-0.07385781036406494,-0.06815562462268729,-0.15793074518693315,-0.07065114312406369,-0.05844092934550474
-0.010379115835546187,-0.12638153313997008,-0.01087739020826568,-0.13295315952077577,-0.08190431153667375,0.013218736707530458,0.0876376204693442,0.017055940422822092,-0.0863209069847674,-0.1718225305668023,-0.059945920093172685,-0.18374368489753456,-0.05526313532673117,-0.08935505016353873
-0.09306618791428478,0.002739577125695843,-0.01563817657547969,-0.1105870071634298,-0.13480906386222943,0.02276877651675151,0.0005355174161786054,-0.028917561319650655,-0.012166700672076236,-0.023102976384521058,-0.07411411965507989,-0.08852817369012982,-0.043714259232584624,-0.11116866984511226
-0.06533358204661334,-0.1748778200963897,0.08669529760333787,-0.149211258569028,-0.11460180878322354,0.008205403159180233,-0.015688335659549715,-0.07127069807623629,0.057784739569706936,-0.00889148990114605,-0.0034639365465121766,-0.15393447356445308,-0.08159956839165433,-0.14261848262976512
-0.06014086595027812,-0.04499132810209233,-0.09664424883729418,-0.13732852202322032,-0.018124881927440627,0.03922774616472026,-0.03015653450097665,0.012041851708794543,0.02971571184545331,-0.14290602091878318,-0.12188210200361989,-0.1583651227134712,-0.027209834479463728,-0.030427135732994014
-0.03512805157293944,-0.11712632740983654,-0.061969840276464995,-0.1571957787459873,-0.1374753303687797,0.006638648350490674,0.012895965781190781,-0.04835353598000985,0.06873471695307165,-0.020567217469679332,-0.09995518519680363,-0.1762721991630364,-0.08144735441668843,0.08565609885878521
-0.01625557435707948,0.023749884966721646,-0.03742102407912949,-0.14919564557656406,-0.1421413874772108,-0.012575292131804179,-0.04252593015447056,-0.02759264027713472,-0.07349790146142945,-0.04060461974384572,-0.10975184831614576,-0.14183988772301648,-0.07821728902428907,-0.14954232178647975
-0.1325844106810126,-0.16535012698403398,-0.11933170447329437,-0.12665256303390066,-0.0871858946211369,0.03948360269329503,-0.04637259584510157,-0.03667948481181137,-0.06110739476485031,-0.028389695577619358,-0.08596989636672031,-0.1385827598430113,-0.044466610660033816,-0.09050656349070127
-0.15114586716150322,-0.10098200395371111,0.006248500363412875,-0.18539138882134643,-0.10185162076103883,-0.040414563973934496,-0.02995991454597506,0.01051686792018024,-0.07071947699441188,0.011457609416728541,-0.10694212489930854,-0.1339699201139107,-0.05496443089513271,-0.06376622194543606
-0.03137801892027165,-0.08015834281460317,0.015940700609044834,-0.2544015084510638,-0.16797233280674995,-0.04888013890652426,-0.07420091282540213,0.005550569416121752,-0.07188562885281077,-0.02155432509633001,-0.15369799178138083,-0.22392950142917212,-0.10568259324028685,-0.11898804476076776
-0.03267767918477528,-0.14814727671556985,-0.03104305897970059,-0.20363470958145757,-0.1544538542942317,-0.012420772756926225,-0.0024885750934261586,-0.04674273657789203,-0.012968624995656519,-0.011639440951140181,-0.16841363873959886,-0.20749389112894906,-0.007881711672502387,0.009068989743092405
-0.007017563299081376,-0.16729332453024295,-0.03398504845419964,-0.18822801591218627,-0.09829424184442341,-0.011382498606011713,-0.01774228686450512,-0.016502108288966148,0.05620099715318177,-0.009450026243971482,-0.12430795625515718,-0.21169006806998178,-0.04918310069141758,-0.04316249031838494
-0.0635303037745922,-0.07902922977623335,0.03142164704760019,-0.15562808060745098,-0.08035852967344055,0.016939431290235344,-0.010408347128184678,-0.01405441647476208,-0.022899988293698048,0.02138264440090579,-0.08039707872905767,-0.1927849782468154,-0.08641159322103763,-0.11151051787255771
-0.062424572005069,-0.04709167402279176,-0.22168516801557234,-0.19862308561251876,-0.14085441044442218,-0.00023993442729115553,0.009544411285837377,-0.06829011321405781,-0.020517336612890784,-0.06253588720979432,-0.10922041144563172,-0.1680661866197755,-0.06567021725319695,0.09968529368016038
-0.06960199626088331,-0.10425370992308117,-0.0514328112651855,-0.21365136977585794,-0.12649406073098335,-0.05659405348989164,0.019758580146722615,-0.007738768340071049,-0.04166011442185357,-0.029748907862656413,-0.14650143588996317,-0.310506821420833,-0.12610408574653212,-0.01510554703668928
-0.1214610101232966,-0.17025286357560265,-0.10026525092946077,-0.20501109535631468,-0.13330902701298813,-0.007533077764104205,-0.03140573825895299,-0.030498141428841958,-0.042270237094157184,-0.06331534548098475,-0.16569692338960224,-0.12722633871130754,-0.1051710892276369,-0.10267157486366116
-0.1699301864012551,-0.12889218754141665,-0.1822758836121603,-0.1681072558343271,-0.15705971805588098,-0.04733616753922534,-0.01459165022924,-0.06983488064393585,-0.042390474140567916,0.045869751315115524,-0.1912480814907687,-0.13993886813862735,-0.12853505919417302,-0.13749853039343296
-0.09297635454483767,0.005769994950215034,0.10122106265487818,-0.15218640773623912,-0.11744593493582706,-0.10886846480757235,-0.025737887657010725,-0.05934886863731443,-0.08108154991747812,-0.029114602410812054,-0.017659707426962944,-0.16287955971521048,-0.09386588654676825,0.10188375007464924
-0.2399148507983183,-0.15502408001010157,-0.047891062890989766,-0.20572757790472498,-0.10197620218713041,-0.05590701928516575,-0.009614487935431687,0.02753157683725315,0.014350745847131939,-0.07256526175610849,-0.10982378393099657,-0.13913806063685025,-0.10708402958769778,-0.05644855194550552
-0.1398721308211809,-0.05038950656234132,-0.10856232503119514,-0.19864559121892988,-0.16815080713483607,-0.031983932008302365,-0.022501405907524606,-0.051324556727028695,-0.025638236655798126,-0.0998402397947784,-0.020237415907958793,-0.2212366561547965,-0.0369565027849742,-0.20423006524132337
0.00349798260772743,-0.04596081001347169,0.018255973636427093,-0.19315400143035705,-0.1670478364988156,-0.047716190813846926,-0.09069372444054738,-0.02506493017800052,0.04282214769209181,-0.014438058283957061,-0.036854312188126646,-0.1612415278650472,-0.08195690369378641,-0.10916661571865603
-0.08546529052794395,-0.15846772138520446,-0.09930170934367884,-0.21751560205939416,-0.18482244301225556,0.0014565505018553002,0.04388079813882186,-0.03995852832896027,-0.06152759774503377,-0.05691712107386844,-0.09360714049914826,-0.21004952624848347,-0.04910213495684845,-0.16382639198897092
-0.10871938268619473,-0.09888173785417148,0.014507409931410932,-0.15290672803502378,-0.06255797317263957,-0.051007046833793764,-0.023320312386120062,-0.03035150701822896,-0.06938868042253561,-0.027861650556464463,-0.0640339450210289,-0.10343571292889352,-0.10501211862737189,-0.0861393448857497
-0.11908558314601206,-0.0662314650521767,-0.007754203248605553,-0.11675439661211146,-0.16068663926077748,-0.06370101035553676,0.051990406794005836,-0.03634362283597047,-0.09544277925055734,0.014514897703084933,0.0038726729001606263,-0.15049262679490974,0.005166317773725613,-0.08833139208240967
-0.19909087594369484,-0.10169931338390088,0.16403781348934215,-0.17487202961041853,-0.10149322008033783,-0.026810217019223644,0.0669224325067518,0.02850005984290264,0.058687616396090755,0.005243314145635582,-0.15409480158337724,-0.13810323046876177,-0.11503144190944403,-0.026576144694105283
-0.038938447241761966,-0.12173055466613741,-0.05705627383781229,-0.1424192358976255,-0.08020487440218514,-0.019101510414720708,0.008954326228586796,-0.007918255722108926,0.009735824073793368,0.08554519407789167,-0.14346692590200708,-0.16323580733441662,-0.06550712203532535,-0.2125660877569803
-0.08671295339508174,-0.11185649185951198,-0.07936597247155938,-0.16763136260717967,-0.09277540134157297,-0.036121120562779885,-0.017140842383386538,0.015148833299349627,-0.025455592390264934,0.028688785991165446,-0.05069251655660394,-0.16385315608514048,-0.05355861380994904,-0.14758341140805323
-0.033928081506900125,-0.05426985630513928,-0.022922118937665565,-0.12104760430406174,-0.17093841576836186,-0.042190184209656915,-0.02543474716228998,-0.07613390924368069,0.04683940528418392,-0.02059746083718035,-0.06102705948502054,-0.09927520711250142,-0.10301851042507557,-0.07147615266173482
-0.046209501321003585,-0.051889959707843686,-0.05468261029435601,-0.14692811296611383,-0.13726149545923105,-0.035464486300952586,0.01595656715329137,-0.018919597898796846,-0.015710530429634415,-0.03014030491015823,-0.15621961952911526,-0.15471024659073015,-0.03098295413417176,-0.10839809664317096
-0.12738049192734485,-0.14066686195572817,0.009032882997184154,-0.15998490850379465,-0.15765835210430904,-0.07091697741901329,-0.08747886952893094,-0.05159766355380582,-0.06339586312621696,-0.0026735241776341726,-0.13378124191305885,-0.11825376358156672,0.011862859001538113,-0.02740277767433596
-0.004423017409466507,3.825402184210179e-05,-0.0011929067779785428,-0.14424002046839438,-0.13799348749960985,-0.05438518319792609,-0.017261160433638335,-0.007911118601395683,0.06265895000948223,0.020688810781813127,-0.230431854218811,-0.1926180146660671,-0.05671866729830167,0.12237801546034746
-0.10991996622765814,-0.023075152594450875,-0.02459693772828152,-0.11096527574954718,-0.0979841006667213,0.01566136648461675,0.03571741645442377,-0.007339213829690096,-0.01270650290906418,0.040776221507983657,-0.11848701966768156,-0.10017834790180437,-0.034772024681046336,0.035481500502719726
-0.025100376485587755,-0.13140971584713332,0.0393495456235556,-0.12384417245808982,-0.11349535031247164,-0.09324013478500465,-0.03189946099802136,-0.01897762220344585,-0.008818065349822903,-0.03726088082939806,-0.1735668759490084,-0.07386086157604038,-0.053899209189463185,0.10231526250041706
-0.03580749527469067,-0.017306627591583166,-0.036852076069628766,-0.08158379437891734,-0.037635505569717044,-0.0012279110321809328,-0.032083366003688885,0.007009968577684277,-0.011202574797610136,0.0011014248019383316,-0.006961800156661693,-0.05561805731771177,-0.11402197637771641,-0.06800851347963766
-0.12024440315561438,-0.08091169576739836,-0.04409348272976208,-0.0847220217594239,-0.12422567621837878,-0.004706864588196536,-0.04249473344917912,-0.060444284659288444,-0.04652750403921786,0.00477584462715655,-0.048687897972263014,-0.19491380899855423,-0.05020864531493944,-0.11094596694408818
-0.09348990615605306,0.03538699016113462,0.08747801318742447,-0.11756504110862909,-0.09352417384946995,-0.028185075066868293,-0.010389027776766598,-0.07724894855711138,-0.0375008627856295,-0.059292868042104895,-0.15335772738518455,-0.17552135136001248,-0.025945376783526847,0.03899461262504329
-0.07293021371737546,-0.10994003121519079,0.14344679237035618,-0.0990583908072739,-0.07652409225201887,-0.05020793549889861,-0.015127611985358669,-0.014573975842283272,0.02399136836986822,-0.029094013769287143,-0.14208509586621954,-0.08924498267771545,-0.046732020528056,0.046259674111486807
-0.05739425410192301,-0.20244898299507447,-0.07192281462427765,-0.1311777232452222,-0.02685803610586604,-0.09209084643185789,0.02139560604866524,-0.04644291970696983,-0.08521864894225745,-0.027854432810349466,-0.13457002038337665,-0.14015916883373453,-0.13092634133273207,-0.11950728921005277
-0.08060577031727933,-0.07019075019319526,-0.08116740240351221,-0.13391212238997413,0.0038520295114403903,-0.07243685688538996,-0.05933866417257395,-0.049882153669080005,-0.10480972480493474,-0.02438961896855101,-0.11380446864976486,-0.21369416688654275,-0.09055509478178438,-0.0667517086660828
-0.04078607820160159,-0.14820542519685428,-0.09560948826227121,-0.08212028441276555,-0.07182113918943604,-0.060456871686291755,-0.025704255436267167,-0.0590922283357588,0.015345660885383323,0.002106633366896871,-0.07942059711357266,-0.13328052669326076,-0.027460930545175254,0.012642334649476129
-0.03757286943484395,-0.07077625247917141,-0.03084082038531958,-0.11044447597626618,-0.08621894748321174,-0.06649180856399674,-0.05762898496935481,-0.05396607122721005,0.026419557303191912,-0.0014968631853792048,-0.12861982829103188,-0.11434009560024927,-0.09538147560079112,0.14638113962615334
0.001413122895475908,-0.1558796518263456,0.012153857749610784,-0.12318745538812079,-0.15950210448995894,-0.060721313353505016,0.009300284902795997,-0.04906079997169452,0.03770096483185798,-0.033211015937740666,-0.012959061675239315,-0.1518260670779355,-0.07318677186226198,0.062229761228032913
-0.10060640835685032,-0.0714319527154676,-0.029935268507417668,-0.10400494628870746,-0.19139232433715866,-0.0424499951507389,0.0047733691814260655,-0.10166607507770453,0.07053286037489286,-0.010514939486125828,-0.0873928106438224,-0.13527559746748768,-0.06528108190007285,0.03786985876718022
-0.014324639982620888,-0.13820084370788188,-0.04579254029963885,-0.1424049755699045,-0.2136185089969766,-0.053550261382754684,0.029517670714194214,-0.052691491985324725,0.007401758772409498,-0.010487910218709692,-0.1690294594450548,-0.18025924414684216,-0.15457678492875834,0.001522041556655947
-0.04990110207595917,-0.07851555876404426,-0.06008573398307162,-0.14869304025780775,-0.05782971815778384,-0.008617860240246387,-0.021112711460862035,-0.11284092364948861,-0.03953868807341168,-0.08169601035295027,-0.16990522103402747,-0.11350564794053675,-0.07207683037264064,-0.040336952781445154
-0.06538357707223594,-0.1128587743527798,0.0252383081921405,-0.14520134256756614,-0.11886354107848056,-0.11495707783292047,-0.04690536918899678,-0.05140177058388997,0.007075840750132041,0.007352480719991672,-0.11028392339548425,-0.13614232637352672,-0.06550980976421404,0.03955857963103359
0.05107918841221408,-0.1629619582119974,-0.08487735924389816,-0.0997410282965466,-0.11967313334623271,-0.06240601248527207,-0.07360165255223074,-0.036861435233907454,-0.06010239661565559,-0.0715711945774925,-0.04430673894415496,-0.13955569480845947,-0.12132817789724885,-0.013541634214517317
-0.059234062651260064,-0.09609495665686725,0.047330737445143864,-0.03446339095186436,-0.09666973511895785,-0.07979389083548857,-0.028536612652509157,-0.07629245538730703,-0.06959172170210357,0.010862583258749316,-0.16285760537674732,-0.05848141538699723,-0.13671874092583663,-0.03567340679100754
-0.052702632824275036,-0.08930253161355987,-0.0936423487846974,-0.05645687078153272,-0.08024600578556215,-0.09426206809010518,-0.03264465513597656,-0.04887175747130638,-0.011778356004919357,-0.03966511135572762,-0.04060852698749866,-0.11239466805709322,-0.11568702015489311,-0.16886810036081085
-0.031426143597839754,-0.06439401256213415,-0.08729024913523609,-0.07271046435816053,-0.1443011879567992,-0.023633279236920053,0.001707561653910126,-0.022863517019523372,-0.011763735224224362,-0.01385789049188459,-0.14211282088148858,-0.14524054331824462,-0.15451975727416625,-0.013946911428721152
-0.036897248481143737,-0.1255457527038011,-0.0745741092393087,-0.10440604724331888,-0.16046193320322455,-0.08896173630539209,-0.05346920280412267,-0.06361418847622076,-0.011261181644123045,-0.014454905029760958,-0.07291895590689773,-0.12010559645080165,-0.10519495600629723,-0.09270981468116685
-0.056110068554937935,-0.04510477271226109,0.006492141209562542,-0.041993012709750394,-0.14929905436663435,-0.09174637071887173,0.023422702199801117,-0.04940834552931046,0.00946349992071723,-0.044768837151507805,-0.05595033965578686,-0.17165098064574125,-0.054289496750104985,-0.17118827345572088
-0.08605086304202293,-0.03957275275755549,-0.11025964962318802,-0.06610600151074553,-0.19450978419440917,-0.0734294264107721,-0.04981970390992311,-0.08499142229436758,-0.032634576368605346,-0.0540356462343497,-0.06298139111897177,-0.1260366610331834,-0.13695052713891687,-0.1384228854255287
-0.06570924971057121,0.005030380026738186,0.158940835750935,-0.13001454465318454,-0.26715415049261143,-0.07031847316471022,0.045325519539211746,-0.04284547170155116,0.03450575634199409,-0.016622661926597032,-0.08389984295162038,-0.13563401704010297,-0.1140997458598312,-0.09341511915038414
-0.0660664547298523,-0.10448039260765433,-0.08068570257425152,-0.17405052678029867,-0.1421231456423417,-0.04797060299655742,-0.0497758804402427,-0.06538663173360791,0.016430029618720803,0.06697681423126502,-0.06434558711759861,-0.12310292253988223,-0.05149948952076098,0.03431103697874797
-0.08599971825175576,-0.0903205743418582,-0.004739350510707296,-0.1702683270554817,-0.10021060038789711,-0.046446135987325166,0.028887925577179334,-0.05909015191233845,0.05676155706820119,-0.05266250974281987,-0.09218081148913644,-0.103667838303795,-0.10239121967169536,0.07752599812214093
-0.05189042158172399,-0.137141686796153,-0.060846531248252435,-0.10473598899940686,-0.0815179700112595,-0.08287557237576143,-0.024554031312358008,-0.07540021595893855,-0.011024756957816052,0.005770500382909789,0.0030559476789544346,-0.09109640907385862,-0.05101823652448154,-0.05447107833338535
-0.035324736797423165,0.02892327776191148,0.06255149825899853,-0.10395357636076544,-0.08447049079741689,-0.02614155208444529,-0.02555246834927621,-0.0719907601541582,-0.06548827733124386,0.014991333423434157,-0.14698189561839875,-0.15522163704550937,-0.11254732416386423,-0.19326055126820868
-0.10770078019721332,-0.04098630557114031,-0.08722340241154897,-0.10402042709256333,-0.13569798090719817,-0.029749219079673803,0.008929075791490257,-0.07114640040753308,-0.07740413042771421,0.019713653660954338,-0.04828096501588964,-0.11007587025914646,-0.061940414122172556,0.0726853856506609
-0.16588665016871823,-0.07147852405299181,-0.08077857749872668,-0.11165487115652342,-0.19750341177864417,-0.0247222759833908,0.04781141374750168,-0.06382198198238326,0.05381899303079916,-0.023858310658259888,-0.14005762162643046,-0.20637860647321446,-0.1362448879596024,-0.07950614661074627
-0.17814584105625544,-0.027579295354583148,0.005583411663674209,-0.07631912035134898,-0.08454582309842784,-0.10958086830364909,-0.03294086546398742,-0.08052927062106537,0.08545037890731771,0.00040202006242752843,0.007216413208940999,-0.16718236137474066,-0.0721861511033507,-0.024207520866339476
-0.20056931418594176,0.04564953698063346,0.07983553083181921,-0.11511326134862082,-0.18030114274365788,-0.07771545309566341,-0.040225075572003825,-0.0584450641232064,-0.06239032802203455,-0.08323641987987987,-0.1467565880634182,-0.21337369343556736,-0.05401823789249358,0.054336630953393285
-0.15212280983951063,0.004182183225770893,0.07037437787206412,-0.1466127620458583,-0.08626442532449324,-0.021136122424628076,-0.02875549256649077,-0.022368347170140676,-0.01131333673619828,-0.11413537722094333,-0.126682217489927,-0.06465023604106963,-0.08719518475797568,0.08831905581601913
-0.13459272872502656,-0.0281887015607285,0.08415155168569424,-0.0681648957226187,-0.16055572885151828,-0.10972343442340658,-0.08375564962815621,-0.12128735726179146,0.02005512612123327,0.05995714822316771,-0.10872301469968,-0.20452343143890628,-0.040802067803807816,0.04586710480732248
-0.15656862179048558,0.0005115837972906267,0.09081622475153839,-0.1261851168262058,-0.08921158505652518,-0.05561357189303621,0.028097065755372942,-0.0726770672482433,-0.015511632685055862,0.076136929980149,-0.08448980091296256,-0.16875776159331482,-0.07296184981399291,-0.047368337055822385
0.01665462954154727,-0.04116582465405858,0.05561086946761698,-0.05572085520125236,-0.06733878460279041,-0.07495281974636822,0.014567350918032275,-0.08680023740978772,-0.07493216591074676,-0.0520992802342709,-0.11041682694564556,-0.12296273602507853,-0.11695809362968457,0.04602623943525299
-0.1543833326886955,-0.1080189155519946,0.024991387557010095,-0.13381982800758987,-0.11756613413213443,-0.14143123075198946,-0.03035995534927467,-0.049345073585058984,-0.1627666821817225,-0.058567435223834334,-0.1994604140357236,-0.08837635332832464,-0.12848408224296926,0.001152703339775758
-0.09121673082997453,-0.029927688316461247,0.10717987525027792,-0.08926508492601382,-0.15781502616765575,-0.003055396683832278,0.003981598610922139,-0.08221650440319603,-0.08197791459270998,0.028952910471974208,-0.07086988956354187,-0.05631411609795462,-0.07445118678803905,-0.10141097779254611
-0.10382384781736309,-0.07989391803312126,-0.020100089235136592,-0.1707334048246464,-0.09448827163199407,0.005136398163234004,-0.031402656373442216,-0.009517937065402575,-0.005409136136932019,-0.08207722173322499,-0.10837858756581233,-0.0979119197934469,-0.15730248034746386,0.0012147035039285518
-0.1729749820359051,-0.17572144627153025,-0.09441286365282506,-0.16072856473683517,-0.08851707073570807,-0.04948817390949359,-0.05226740387290906,-0.08968048129325226,-0.09553612653955246,-0.10516327026413128,-0.09327787885456457,-0.12604702242195454,-0.09497372767669897,0.021069468660419196
-0.09198486256814863,-0.131826744933946,-0.022263023536167655,-0.13831898469741552,-0.07091110074119368,-0.1593680419101366,-0.05317227939082505,-0.09618170126576125,0.013069831948306456,-0.02263937711004379,-0.057525492950940116,-0.15316274462803,-0.11774528245505735,0.03592208884665552
-0.22514841843750089,-0.11015753463067962,-0.01036688225281774,-0.16594330140542937,-0.2204897664259967,-0.03763209775850208,-0.05556995834227058,-0.1261673888211975,0.03871885562845693,-0.007101447226857931,-0.14269866818250448,-0.164062124253018,-0.145540933276025,0.024315789213440547
-0.18329516949289706,0.0767826809150112,-0.10451090190317859,-0.12867425044652528,-0.20195611465120458,-0.04915778852921994,-0.034522752709071895,-0.020800354144133875,0.023596680522777868,-0.10985124539432738,-0.1941285590563213,-0.1508894913113937,-0.10308296550517941,0.04554107488185818
-0.05307978872061667,-0.0032817962925250576,0.08374091768171962,-0.10192779109857929,-0.11108903792189438,-0.05652891651294599,-0.0816898934613536,-0.061212872287782244,0.060547544706674526,-0.011785865198742146,-0.14331197632320886,-0.1188014439012162,-0.16393166714911822,0.06589555221000788
-0.07611746639287084,0.02185389041285932,-0.04967003412261367,-0.15572791374575887,-0.13656244983305393,-0.052778413256778976,-0.028805718324396438,-0.09904908736722942,0.09040775695829792,0.015601456119947838,-0.15300186162973795,-0.0836486315667885,-0.1606023211931212,0.03945026664357076
-0.14319401535246412,-0.09852957030121436,0.001378824728592415,-0.08933434005638002,-0.1293624947239262,-0.10487011010040916,-0.005936800845470349,-0.08772043510595057,0.016367850644291235,-0.06046236739565596,-0.11328149523605797,-0.1451341297350747,-0.12622764397123912,-0.03634674220892014
-0.17083082814494555,-0.13235213156777548,0.06949688175885557,-0.14717286168271249,-0.08541482988564084,-0.11680499178858195,-0.06948656298613773,-0.0592536088122786,-0.08102497135258659,-0.05611514256538306,-0.08162388685721357,-0.11578177552816978,-0.1205039655111515,-0.006709639145794915
-0.04389039254136803,-0.12036639076812466,0.020829313080821327,-0.12422546824663551,-0.09863448343299953,-0.06280952471345905,-0.014277733374999633,-0.0747060929797856,-0.011907020454800962,-0.02046456304483472,-0.07984263576259056,-0.07778654196127292,-0.12283789893784722,0.07364597668234048
-0.010855235453996649,-0.027446756657115448,0.08245356701809503,-0.13860133763670865,-0.18503791783647985,-0.08831111253718482,-0.02200661286120546,-0.046007151695048806,-0.06311162889551485,-0.04899608729313669,-0.05321439827100403,-0.12484561065348909,-0.12514674532525977,-0.02464551342480348
-0.07105803429282598,-0.1051434902127893,-0.0017978322616407085,-0.16113664182587875,-0.15980680681520715,-0.04152382780804659,-0.05631103216059685,-0.11713528557847709,0.05021374304973483,0.01599598898081304,-0.08750485223094756,-0.18848940807260148,-0.10275387044866628,-0.1313883868591419
-0.04471722068871687,-0.04432159421539313,0.13885810281790772,-0.18684191882229928,-0.08131655981777168,-0.05395923545159253,-0.040769371898367296,-0.05199001583484282,-0.05014400778733429,-0.033510408023545483,-0.13109830502354958,-0.11259640403079811,-0.0373366327958765,-0.041240376499790246
-0.11875425357830548,-0.027045197445439564,0.08483209626129187,-0.17370611537419667,-0.10489942124689766,-0.0537415258907572,-0.023494865751037104,-0.05704316909642109,0.05542729843258757,-0.05271882843296738,-0.031521060393707445,-0.07632658849745158,-0.02708083116376501,0.04090227373808173
-0.17905898553283098,-0.038811233022959905,0.028580574729826707,-0.0853176786584371,-0.11091574439351796,-0.07144983201993234,-0.039240389509511024,-0.016169416236163085,-0.05918596751240064,-0.09035633882790801,-0.050829083868319726,-0.16832222468293648,-0.060328329972593284,-0.05872726018660242
-0.020556287574511202,0.16876464143212727,0.24011222531201112,-0.10255687947791994,-0.15131691452222132,-0.07205707464254103,-0.05433324513118743,-0.045465914068429314,-0.03815160657582777,-0.11001061194731934,-0.030237577321320517,-0.1290739008841802,-0.08654676264669328,-0.08945857894972481
-0.1659430815302147,0.008917638376225372,-0.03140281250107341,-0.16332898317039848,-0.20036254278531454,-0.0027191876053427053,-0.03933351218866617,-0.03078611358993833,0.0461589915467604,-0.12790570510149502,-0.05693156357126662,-0.09053000846079286,-0.062099892849289184,-0.012750169286064312
-0.08361243329051794,-0.008811184060336912,0.11353539873150797,-0.14614759377388797,-0.13823207359145417,-0.0613450596314895,-0.001250831115591389,-0.04263097503874138,-0.05877051118043992,-0.06643862913483091,-0.07389939863726142,-0.16212355879788623,-0.08259659176324703,0.1601104165528844
-0.1521552242120016,-0.1196513727290021,-0.010361249536253503,-0.1805349327478151,-0.18892074976148857,-0.07018869485564594,-0.037504257814464086,-0.08459347042671335,-0.02408010739941521,-0.12238125653647709,-0.0806324706709157,-0.14515809803281135,-0.09116327445581877,-0.16335258693590599
-0.10626567460834768,-0.03143720056960892,-0.1071779744642106,-0.07667603479620366,-0.22958808211952908,-0.09487830868810752,-0.05200347579558474,-0.054338024818418325,-0.039347283927565375,-0.054395962799895524,-0.08441805087438707,-0.1421284149225218,-0.06470584792999207,0.04918651901080143
-0.09814753180849076,0.002195888629292627,0.0809171614667363,-0.09494042591601727,-0.2044719172529551,-0.007207287519843887,-0.0013286571695106757,-0.10464592896897162,-0.08658796043895156,-0.05081260792297109,-0.1153475297155675,-0.10304492969334195,-0.07253061260730084,-0.08597320817052241
-0.1586874632361647,-0.0695971803075091,-0.12203366644142748,-0.13601648721054826,-0.15702603931959694,-0.13447041844499177,-0.10432430464391104,-0.0610164750399348,-0.08635019929443603,-0.03850003473960012,-0.15206607295175456,-0.12451380252419654,-0.06183385685710308,-0.029672957438411206
-0.09283681242244009,-0.07455386079870664,-0.08508939346194422,-0.13896711749599883,-0.13728138317110677,-0.1235384919768029,-0.0911063268432412,-0.05041817361384441,-0.04858744467545614,-0.02148208400394506,-0.1321381041793583,-0.11432153332643358,-0.11302496094405814,0.03784754406632535
-0.043440828952630337,-0.10021134801039418,0.0101016773402556,-0.19231285470341505,-0.23945199534177086,-0.10416598237662947,-0.04253400427280511,-0.09498332934243588,0.006505371668597083,-0.005838594829816629,-0.09823276642424848,-0.12095130293298051,-0.11999897210118678,0.06125639501042176
-0.10045040778395721,-0.1132250864608052,0.14373679102893994,-0.12064677810025312,-0.12411401690290084,-0.09694865501859654,-0.10649097913179678,-0.15631731119213932,0.0806123281775402,-0.14481299507571962,-0.13794578323431,-0.10714396040293225,-0.09284651253757939,-0.010444163545929227
-0.18561763663320802,0.04600093235215276,-0.011578194089545586,-0.11220832957223058,-0.17114949730293105,-0.07964693419395405,-0.04858307957172939,-0.1256527170540685,0.021005013811642506,-0.027183280665643506,-0.07386121045581781,0.008468679203877748,-0.11234621493464594,-0.0344823748069026
-0.10648334789739057,-0.019857768585876213,0.023654977714900396,-0.05992881256069785,-0.16707495118960286,-0.08479695785573126,-0.04041374825444741,-0.15742591421746055,0.06110791039474817,-0.062238106940308284,-0.2124169032290683,-0.11642382192875554,-0.1498780441210782,0.03019732822724563
-0.11857555686417193,-0.11205275435331424,-0.05853473333957311,-0.06996842962726517,-0.15460963152358087,-0.12519784309181625,-0.07575043589761069,-0.11349182040503912,-0.05482760356645082,-0.06802869547528968,-0.16869725970905194,-0.047852209810176786,-0.1262988390488192,-0.1804492344734821
-0.0595547528846186,0.09098165434341286,-0.1577418083068621,-0.16537269396140108,-0.22430002860492454,-0.10704968502688945,-0.09193504703975301,-0.10318396615258246,0.053116080328513136,-0.18205517549891448,-0.1136195235162591,-0.08406284034713041,-0.1326387676673847,0.14320319537946377
-0.1428968588707499,-0.021449204852919335,0.030444606569486887,-0.11536679563179887,-0.08579811129318353,-0.09394396180869954,-0.024101668943914887,-0.06551221481523922,-0.030379481092789457,-0.11411504042546665,-0.10785956503625213,-0.047162025612243454,-0.19055069163408553,-0.007452352745104565
-0.15252961135498544,-0.08573474251549151,-0.037985965967697356,-0.11055632390899556,-0.12038119080383475,-0.11753217557034443,-0.0924812945281454,-0.08065889737971395,0.011095776089259187,-0.11109033621121865,-0.09849686220071167,-0.11578511742069002,-0.15481507382175738,0.04246573547647645
-0.06382793775013443,0.038902211322937086,0.0200419548599247,-0.09850061404000676,-0.08390586957580798,-0.10301045748065156,-0.013317398766414032,-0.1435055355867638,-0.07582911884931577,-0.05796711179943781,-0.08296531867961408,-0.11297918185509263,-0.13730058382665122,0.009454964889226342
-0.1741014917970956,-0.08921710278354544,0.07403218517702634,-0.06264218162051,-0.05591885882072157,-0.08388653244502849,-0.060311584902369014,-0.07788255046859752,-0.007739211874628004,-0.1374397902789203,-0.17968569311486474,-0.07310378162385435,-0.14573227461552535,0.022339829242742224
-0.10648743516378759,-0.13128660779149448,0.07464107248177693,-0.163688991461235,-0.1853866917773029,-0.12829343910933919,-0.019678651615667602,-0.13005128051289785,-0.04791809039968503,-0.06186250551463262,-0.12408111807865521,-0.08781908260404674,-0.1639475766550113,-0.004496162210473266
-0.12214534387153801,-0.10673337308332399,-0.17770880868080044,-0.25007619634381895,-0.2033092213151615,-0.10837555842960313,-0.037982729049812106,-0.1412093231403898,-0.04235487048914442,-0.015331324005687463,-0.16761495510519936,-0.04813377152779209,-0.20307363701890205,0.0475704436925675
-0.1093596729617633,-0.09450974248711966,-0.14952371397276298,-0.23095398667098213,-0.14231870320870005,-0.14263824609750841,-0.05660664575939899,-0.09696522245478674,-0.005195851673933001,-0.07277420589029987,-0.0358764232096204,-0.015953490993443287,-0.13849391244001932,-0.051669434136370526
-0.10244245208037306,0.01872524758715821,0.0168990744774227,-0.1470416432680483,-0.10045201721477003,-0.11249327382920021,-0.10034071549414456,-0.07914834440984536,-0.0372127018578466,-0.013066533211688727,-0.04352830727273289,0.004972144396935598,-0.11423389442011743,0.12557790690929282
-0.12638571789399788,0.007397981799146391,-0.04418500274316493,-0.10418436818716517,-0.2372883020043547,-0.12642751776970992,-0.0662234820267947,-0.10173988790498655,0.00478885665563643,-0.10881256074981357,-0.15675071580958283,-0.016638144700064927,-0.15384324775852254,-0.0053608685455219345
-0.16325077516519704,-0.03296970564402571,-0.055967368947015025,-0.16114252668982396,-0.149581843329241,-0.12209716317963874,-0.008561305336930006,-0.16569237190171818,-0.05225482666279663,-0.10432640785332628,-0.09987519525924803,0.016231932233042926,-0.18564410818125562,0.2889369126616293
-0.1481437516139358,-0.04179079930798263,0.1560825572605359,-0.12758688667320683,-0.19810928383229823,-0.12597123669598595,-0.08204861567883376,-0.1305121009303144,-0.03984701093647225,-0.07677736081210168,-0.1173303465262187,-0.009445651863271318,-0.14676151481175234,-0.01638217988099822
-0.20711531983122403,0.02674499085731404,-0.20664815951439816,-0.08837112098484536,-0.15562528579779275,-0.12076070477972047,-0.06516700152282298,-0.12492237814031969,-0.008440433537639423,-0.012345234065023459,-0.050067805817805434,-0.07645776939695745,-0.1878904743773732,-0.08188149023837
-0.14535296629727332,-0.055666962007507724,-0.06488106874094589,-0.11447943143443508,-0.16449366402018123,-0.1137335266517831,-0.03648053341514988,-0.04905497887165451,0.005609794482419616,-0.03808518744089772,-0.05403753484502937,-0.07596768135026896,-0.1820818556498817,0.03164089227947614
-0.15234430253689749,-0.048867675870178574,-0.021325546982529583,-0.06686639967511565,-0.2180761854498124,-0.14138178590492845,-0.1507612679023643,-0.13626751383948824,0.036279098918321394,-0.07523143238305889,-0.09725870539398808,0.013850341162863863,-0.12915928964644835,0.07365907072332406
-0.13507688282576868,0.11572633340029886,-0.027320071831872645,-0.05986334516933966,-0.2083169023348522,-0.16480429759319548,-0.1124201495024936,-0.13686558319665643,0.08948202605672459,-0.06493080411388205,-0.013695773694018535,-0.07964905023414848,-0.200088868228733,-0.1118683814161365
-0.09085383094173118,-0.022558475160588336,0.16643106415894268,0.019108376794240184,-0.22850026156194264,-0.12213370194844056,-0.01741694693219716,-0.14263929470398357,0.03424451430241369,-0.11828494455206857,-0.09892429495861403,0.019018986683636628,-0.1606775694138755,0.2577609741691724
-0.10903222957731996,0.2657653039433063,-0.057084358067788166,-0.041737035328132714,-0.2381607881800165,-0.12512966245215057,-0.047555066662089925,-0.14351900745255708,0.00010641190011349322,-0.058869982399954134,-0.04200124764696053,-0.027393940909354087,-0.08925208005435684,-0.0996213372783948
-0.20606226278840042,0.10477593161421847,0.0075228582235335704,-0.052394270272543335,-0.15158262984100632,-0.16889628036029114,-0.13366979402163143,-0.15526659523021735,0.022199622282080726,-0.0964048902643808,-0.16732542772793635,0.003386473447970827,-0.020191395144599052,-0.08149241812103675
-0.1317300536207982,0.08166824710166018,-0.07145844707167615,-0.0594805399294652,-0.22220264873808496,-0.18608042269568792,-0.038677111759852535,-0.24038045465266358,0.08671410711174768,-0.0325160313147569,-0.17619963464489663,-0.03807223805519855,-0.21306045787217223,0.13139776573531353
-0.18862746094909233,-0.04612253497589949,0.09117174806285198,-0.08840564518020302,-0.23172035650007616,-0.15105871538094895,-0.0646814356160659,-0.19393166812202978,0.14399005575337606,-0.09624462708117543,-0.13005581367831542,-0.029112159375566184,-0.16696668777159748,0.1057072529043085
-0.10988239083942218,-0.04159485771615017,0.08295835079867976,-0.04805470779011338,-0.16345351801245656,-0.15859456900549251,-0.12368437804642064,-0.1591627210455596,0.04192200061605658,-0.10911266608466146,-0.08494948303733649,-0.017031095485530456,-0.1526138978212154,0.03035561876470931
-0.1355988084708759,-0.00839670489934349,0.10607276378873685,0.021560393635318486,-0.23275330094276195,-0.1543689215420247,-0.10805755089570326,-0.15048933920612842,-0.015634241321666336,-0.028558842086442923,-0.10594992776120155,0.00967706210788419,-0.2180461500838094,0.11135890179473767
-0.2570350728054873,0.04821510599652653,0.07464238355551937,0.0015977162159253972,-0.09926846996133573,-0.2092822364129795,-0.10266931969681639,-0.15530868849703588,0.001630316060707311,-0.07428416830721823,0.04374371107095277,0.0595120534236398,-0.2501866881043472,-0.023975593411519024
-0.13982293059851608,0.009814454044386568,0.008671132921794946,-0.019416178167992213,-0.21029053874233222,-0.14889770113241038,-0.05909753654951224,-0.13359526738608035,0.07643970005107346,-0.0697998199288029,-0.07566586387964877,0.0036405465317170963,-0.1861092625879873,-0.010386456903273654
-0.10947710061459781,0.06273927336707093,-0.06377350066479975,0.012109096824346546,-0.14612926474528032,-0.15000403997852021,-0.08608543114730174,-0.14710917959278247,-0.012958774850144874,-0.14605593887372306,-0.1075085452493626,0.036243012298212585,-0.19745591108704164,0.26374802863681945
-0.058121105032012704,0.10449212689032779,0.07499693749208827,-0.010140068739229069,-0.19547219219058978,-0.1635432895064237,-0.07204667019079838,-0.1476225926785713,-0.020808515541353274,-0.029388554758057104,-0.09574326294789312,0.0901109666994615,-0.14114439724745956,-0.015073232800148209
-0.011086417316372386,0.11186974321998534,-0.08584030732562294,0.03502396692772404,-0.18438309170194433,-0.18391191465697168,-0.08844665416003374,-0.1449275175617676,-0.059882018418716,-0.016686508245698294,-0.19497458355513747,0.008343695979495264,-0.2145525734300755,-0.06402943204424909
-0.14494218406077458,0.2129067489660969,-0.02895468653737033,-0.044281814751058045,-0.21457684703807325,-0.11958209104522517,-0.09600734037709306,-0.17196981819853924,0.04539019109970031,-0.11280353225443403,-0.15195962061222912,0.01798681823567412,-0.19739535166801975,-0.10196814365895678
-0.14645767756727524,0.09361045306570455,0.017256186747329323,0.02931511017735975,-0.16241990058980116,-0.14448265381172884,-0.07562043933815116,-0.1826318933017152,0.006997576338873126,-0.09795391600209002,-0.1501446469974013,-0.03315717018441056,-0.21825978520178604,0.10884252751920356
-0.10564035817348368,0.1582373993617902,-0.1523692910556009,0.07148086295987992,-0.09600516117508111,-0.11685266400074588,-0.08317884868974858,-0.1970696008433438,0.0816343878419057,-0.050746889530187654,-0.0966225716754436,0.011196598544098301,-0.15683943238908188,-0.11140067449017252
-0.023916533610269942,0.12821245074590992,-0.01504137452470648,-0.033178834726088284,-0.06796333928631922,-0.17568652350046743,-0.04532385670333803,-0.17802245940498193,0.055641420857631504,-0.08292111017864348,-0.17000811476823813,0.0026088780216902445,-0.18802794259399422,-0.1976550014191297
-0.11366462272499467,0.14004129730298592,-0.010282137316250193,0.021701746943599595,-0.20350247250280676,-0.1408335930601398,-0.05016040767438296,-0.18462355180457263,0.11886842712443851,-0.02744134077568596,-0.05940120922622616,0.021364718542792708,-0.20590723796734217,-0.06297141485539243
-0.09406752846725604,0.22389010810193868,-0.2028077966309039,0.10041772190066753,-0.18184299068292642,-0.17747099197310529,-0.07339360330413607,-0.20271891833002917,0.08726402375128031,-0.046159699911905695,-0.042359398249837664,-0.00305869363987859,-0.1894622656121963,-0.18058738700220625
-0.08560311430009843,0.22404274957682846,-0.02296138331307214,0.044230134708684046,-0.1870047066438169,-0.16756851750174584,-0.057061654760190296,-0.17960122795242617,-0.029088555844989507,-0.002846071971064273,-0.12685063098468305,-0.0016908493592746536,-0.2184831616614007,-0.1643689062968093
-0.08097887953403363,0.21364281233397356,-0.048208031300293,-0.015368511375397916,-0.13534451244145423,-0.22856086231508388,-0.04206878162768198,-0.1467339898707496,-0.02353204381234242,0.013778181784196741,-0.10128154370740812,0.12474629917973534,-0.11632742954476864,-0.17182025075549454
-0.08583553786675568,0.2749071204110035,-0.13367872473283438,0.06964747473985652,-0.16628857444963507,-0.1655874277429606,-0.08821888577270892,-0.17746271408011025,0.09429762421828194,-0.016901834275279158,-0.1144720801813778,-0.047182979328405004,-0.1657544589774803,-0.10224009050987556
-0.17268710992828562,0.2673056723581379,-0.12279276964438371,0.04136266536533631,-0.08636722401484116,-0.17291639129859496,-0.10029452788989048,-0.19610670825262158,0.010691546485343623,-0.00985573013518955,-0.09993951469950801,0.08497999475994357,-0.19594417589361482,-0.11782788453984645
-0.14308773797397745,0.2035813841796877,-0.04456768662932224,0.026541296055752252,-0.14533885934276514,-0.18192255124406312,-0.11793279652602089,-0.17745976357775325,-0.0005523121831958478,-0.05900574226218952,-0.008997603756032448,0.1290933675020871,-0.09498587223452055,-0.0880259653399868
-0.2368649807810614,0.13280618734907573,-0.09412596641175562,0.059767239674370275,-0.14731744634052557,-0.13221530666822723,-0.07645607054107889,-0.21501851976659658,0.09784664253723775,0.013909393820756386,-0.15967642332553064,0.10989591066978815,-0.16102972858880776,-0.18140867139648184
-0.08493464365007039,0.2487990558002923,-0.11234296915577326,0.07507510892375141,-0.17027383403469204,-0.1818688801297648,-0.09168866313712999,-0.20750784354931573,0.07372578689634608,-0.06812161495901768,-0.1412476135624671,0.060926166275827386,-0.19985371221282697,-0.16930886376287216
-0.14378204973188574,0.16533901574483176,-0.013653735115148117,0.022823919355784057,-0.2003148836733749,-0.20850412905779173,-0.097074110162962,-0.1923828318590379,0.059129154650995705,-0.05026175581219848,-0.04229623591218518,0.024540124569557807,-0.12917551938515812,-0.08843699607070249
-0.17724549161982944,0.2478857222705342,-0.006418689475887818,0.009694290450675404,-0.16189330253895154,-0.1820681072177279,-0.11530453996125346,-0.16319283067353862,-0.00296974960778146,-0.04833587335154189,-0.018749115635183222,0.09635508640700524,-0.1456015594833006,-0.17862981942574496
-0.12790860541103075,0.34376214671250294,-0.018057647477202007,0.006913401186045783,-0.12602121362951088,-0.173956396488857,-0.17253765984375605,-0.17075736199995073,0.0290630153299984,-0.05083892195634061,-0.13997959993376755,0.06051774852169036,-0.1176277356147948,-0.2601362308394236
-0.03386472385303403,0.18877791037931638,-0.043144043428350896,0.0038630527912516177,-0.12152607702005906,-0.17496197792621976,-0.09127836947098088,-0.20539465481033714,0.06096138931024974,0.003556257860986563,-0.022883205178576272,0.011899346791483727,-0.07371192678237502,-0.09273664216340087
-0.07951656096615466,0.3201361907571783,-0.025588674804491934,0.040870456025929175,-0.18562940098348119,-0.207177921325969,-0.06721751125996474,-0.23697348633226314,0.2116166509247909,-0.15997350055559997,-0.04738432694949437,0.07094382168108847,-0.18494772155779016,-0.13483360400897976
-0.12264868935024614,0.2146194839238088,-0.09728493294164148,0.05508982428322023,-0.13605067975593957,-0.20151853607913045,-0.04668075226670206,-0.16271047452720605,0.08599468611416555,-0.0774598406522305,-0.15745872099016187,0.07648880793454206,-0.1288169999578759,-0.1366034011402834
-0.11227282538052483,0.2939941585920572,-0.0946083361765888,0.04939713635465165,-0.13714612130384532,-0.1512631439870856,-0.059323684325823085,-0.1645772064447113,0.11634882341772064,-0.09641856647560497,-0.060057617380049534,0.10399748232942142,-0.1336766766635428,-0.10146538961184035
-0.10301116742115361,0.1399902019488375,0.005116106971690371,-0.0019550224790368114,-0.15563997123922288,-0.12146508559835603,-0.089917653190928,-0.18773949860201866,0.048100757663905536,-0.06895067092296032,-0.07145516150681544,0.07149358456494306,-0.2089531335556988,-0.11317061036911386
0.06553047057734537,0.08921146815509332,0.010095754381420605,0.0886579415001563,-0.16376439934824324,-0.18184663160131453,-0.09540747441084695,-0.16823212589919181,0.09565684733875478,-0.032060065325418205,-0.03753942245610891,0.11515006104959488,-0.18170425613237223,0.18630251324209218
-0.1143539916121593,0.21565719472834957,-0.020227939795028023,0.025192014418184208,-0.06737193085932529,-0.18757213217420007,-0.10219261960676322,-0.22340671184796237,0.12323765393941771,-0.031156840183703603,-0.11444744890858095,0.11976571625976219,-0.26401461387223396,-0.008527798193232093
-0.07122709860202703,0.25787507580297775,0.13408734711845954,0.055890548447453225,-0.10484833890608017,-0.19624783278590188,-0.12724713052456182,-0.2810405181287917,0.033532562950616025,-0.027298988539914863,-0.1303119418267605,0.14202752660489854,-0.2013434225423579,-0.018295203698414676
-0.07038852402866166,0.2318524681595185,0.06366265186083701,0.13917124516424037,-0.069919919343502,-0.14622739721812614,-0.09925157030183475,-0.233859009716817,-0.0003057808927117183,-0.09328611075863953,-0.06715377148072527,0.08606090786838204,-0.12177727157866766,-0.06639500975252885
-0.11411391683279716,0.223438158651269,-0.06967373541258556,0.11981216757706412,-0.1353588679778856,-0.18037204570908857,-0.050551109349730845,-0.2265449257518711,0.054481607368277306,-0.0038840121020278515,-0.011574547121488732,0.10133079042952776,-0.21956369567474185,-0.10270549733996463
-0.02178528000509547,0.2024723604092607,-0.0991602010633187,0.10214156244702807,-0.05776815076094971,-0.1698163027924386,-0.014889094498339051,-0.17908690597452143,0.07880477900524965,-0.004673793348708381,-0.09695673198800603,0.16671961682342934,-0.2721815957206129,-0.08033289612253341
0.019889549241592,0.15255874785230564,0.031515064045772104,0.16735014487440047,-0.06878511699361749,-0.19658821411354005,-0.1561186395589916,-0.19047070595353538,0.05339483820984138,-0.05222201369980953,-0.13649131220954053,0.2098327111151704,-0.21563572998038033,0.023941854959473333
-0.17961231810160289,0.1876708504412028,-0.002698325298484593,0.17342627087390725,-0.019188313098496813,-0.1758635199704036,-0.09386480525903955,-0.17634753539698922,0.23056786866075815,0.012145562828251178,-0.0058608795092634485,0.3054346737303116,-0.1805335813629875,0.45890190373661666
-0.10796473403056354,0.0880561604068645,-0.07061792318451797,0.2202968520891332,-0.09489240244457527,-0.1572426935468409,-0.07329439057526416,-0.22055211091145988,0.27991932383995666,0.05955361615811907,0.1387633709446841,0.29200848533109897,-0.22570310795898496,0.07519942714719005
-0.09762116382256651,0.22654532561614654,0.1498532657453593,0.3177952032497163,0.062117363374323165,-0.14552000974125354,-0.0939151250917158,-0.18117617912660094,0.2562625042338205,-0.023991057513666623,0.03772269113337223,0.21915543793815603,-0.1850556115953847,0.24928556039745972
-0.18096618319540214,0.150287716667959,-0.08061957201224842,0.2443995248379182,0.010327030291075292,-0.13100569939092202,-0.041922745555379046,-0.12091482668524363,0.4123796694356325,0.0445516934743484,-0.005643104689914284,0.4118247151245697,-0.2461043609152401,0.14232075830832489
-0.12404207360397862,0.21328088753921032,-0.02766028109542239,0.243961016904538,-0.046947978643795636,-0.10257938547251627,-0.04019396816164059,-0.20931778987207697,0.29195964741330493,0.10532021576002636,-0.05944370742935894,0.3432708599789779,-0.23693392998532012,0.08995049654123222
-0.17223811916835274,0.12482382629600335,0.07913163120041894,0.3132252312166363,-0.08245362434311246,-0.16673365585975908,-0.07942638291954442,-0.20854332301320247,0.29948633307933525,-0.009265003720478506,-0.07457349896145889,0.37149933631617493,-0.24954017450539454,0.1577663930589031
-0.12056356743485114,0.11506958063419044,-0.016778153229705342,0.2751194394979501,-0.09385142118819943,-0.12477415011092599,-0.07733659618634543,-0.1912188793453312,0.3171214073429658,-0.013284401879313724,0.13970070825051795,0.38380611430912975,-0.1833285000459782,0.5373221294569287
-0.032435000819446676,0.13695276834079134,0.016667763732459363,0.24657187435852698,0.07237275998027597,-0.13353226136484878,-0.03327050002339611,-0.16644644767125452,0.21653914489158682,-0.01612485548435484,-0.012882245191615559,0.36056774547909876,-0.18138199172584446,0.206905923936848
-0.16867252165573182,0.15351471068994868,-0.04997971565881068,0.3030736207416921,-0.0066796514598388215,-0.1436772554989754,-0.06626158964010061,-0.1412744207352411,0.2570273328065392,-0.027522994790650363,-0.08998952229505296,0.4308088806299844,-0.16054066382356721,0.06350499035214514
-0.19732177943636806,0.11011780504611655,-0.17451459907357414,0.262883161416527,-0.11500445532378845,-0.09098281899300548,-0.07722599004000322,-0.16652349555845394,0.47269486761676144,0.024788896162094648,-0.1529966333692408,0.3919226771252078,-0.25250196805900377,0.14473694608079846
-0.13396267472697082,0.18458534079665012,-0.0676970481991818,0.30435760278822205,0.018238193569167456,-0.1630343957470702,-0.07315676485260014,-0.16894465261539798,0.43588046800582964,-0.0004859898474204382,-0.03643910220481331,0.48137373570366854,-0.1830030472641827,-0.006786770830526194
-0.10188233190113956,0.20014685771581558,-0.10071564476572746,0.31748085856954744,-0.014270948362438956,-0.10960630099975302,-0.05900236214496124,-0.17842757878739388,0.23775073252950016,0.017256514631772073,-0.08303317655152447,0.5212377577220425,-0.2003422236307431,0.0038431268283414463
-0.06747958703293137,0.18673514588909032,0.06222606898318774,0.3178383808995837,-0.012284184677168767,-0.15055372701984768,-0.04597758128723028,-0.14351039808724886,0.3757851129846083,0.09426777335562195,0.09891563498517628,0.40156119761571113,-0.17308545443664194,0.16298261878086878
-0.11462809588278498,0.30793189023627365,-0.016687427481186033,0.4521071389058563,0.031195539241009925,-0.11291189874189385,0.004373092898074109,-0.14255365651952243,0.2863764582389947,-0.039675981281916704,0.033792637784320165,0.337532010383327,-0.12895324196408597,0.06320327972483065
-0.015786715611325004,0.25293748688971074,0.06932790098073968,0.40342814965043206,-0.03097980435793454,-0.1085950182997287,-0.0368025681683481,-0.21034130000524642,0.26630453702202894,0.0319218146919207,0.11644920423374726,0.27359751913488506,-0.12851095216027963,0.23840813498067517
0.0019921435761844,0.14906996538601824,0.059056575839319614,0.4115696429985628,-0.027091935405344637,-0.11903735439934249,-0.051742642810882686,-0.14853281416919498,0.24368612056685052,-0.02538741790955036,0.16011613048455964,0.3267455849595316,-0.18948522369789475,0.2284695558073832
-0.009051408064237019,0.19518147634822983,0.23150436559583934,0.424686234045605,0.126981441411085,-0.13243003917245133,-0.06165576559390649,-0.15560296702056525,0.16173876467427914,-0.021383442662019206,0.04745935082393741,0.34169818974073035,-0.22057090352383082,0.09368060458283699
-0.051765143895536,0.19236959495302688,0.07998283368497763,0.4154492617523564,0.002513017782131969,-0.08117921592526539,-0.038955650288493425,-0.1294346299638229,0.22864744004532528,-0.06605817133673064,-0.11747788670351578,0.3133831547906159,-0.20167712545486596,0.03890173275547447
0.04384318132430856,0.24834343884161914,0.21826873718271173,0.4570260606617585,0.026974942394342272,-0.10582056919333323,-0.08182323106377441,-0.10737303992282334,0.25011518885782524,-0.11454077942689894,0.13264828394029213,0.39213772708510525,-0.17383185365850443,0.36314603481431634
-0.08011784282587853,0.13805671220963486,0.09450071442249451,0.4822462920928197,0.04202357772087555,-0.10993423840147304,-0.08106635974786912,-0.2088167841263643,0.22245854358105663,-0.04379608778630614,-0.039240855277802085,0.31282771183237,-0.20628027657704848,0.1416152556360331
-0.048952914271799125,0.16493591101086838,-0.004388716427453337,0.3003797352062209,0.01002982306781057,-0.16860274252498458,-0.07589747962810875,-0.16763739052690046,0.2784656253972703,0.005282222907005535,-0.05245218253035925,0.3432796075096322,-0.18400956131335935,0.05622243615558692
-0.09976813330821703,0.21781998039738154,0.09781476497676334,0.46566082048953555,-0.04475101514975603,-0.16667111940904764,-0.031873321309997156,-0.23822292346481289,0.1980164615533543,-0.0785421119437128,0.0030200179480970833,0.3818095753841721,-0.24417763411571586,0.06585101441842708
-0.06618808103392107,0.20922428474828123,0.09854443817330458,0.4419734803611864,-0.009974733257862106,-0.13800654506986795,-0.11973781664944151,-0.215625963264332,0.1745588163051299,-0.0162405014246383,-0.051761295740927665,0.3651529353115304,-0.18220784505436863,0.1282367549977505
0.026776888062105996,0.2132471713209353,0.006669172391782812,0.41637652578975876,0.10104474934094593,-0.11854691944802692,-0.08755834234268108,-0.1977379485901203,0.17035244975809158,-0.04153310321475934,-0.09414634305664396,0.3536158317072149,-0.21784032143457022,0.25698587339763673
-0.10292100282493052,0.18547191988846823,-0.005942156172798965,0.3914553255392684,0.10592608276997759,-0.08152235744192124,-0.08435441410654611,-0.1876659557709716,0.22226284397951993,-0.014831723305111306,0.06509780691599493,0.4179518474038216,-0.22454345188739622,0.19304924612452432
-0.12147308927051455,0.24301050896988793,0.031353857172118416,0.3581398318699699,-0.047082060291363616,-0.11960077309879125,-0.08459741277645168,-0.1664208847912081,0.24384934374620437,-0.04697022643350686,-0.10245294803573207,0.3637344076281241,-0.23839242124392349,0.21506221756882057
0.08913715085999913,0.14769941864835526,-0.07066833869902282,0.2940493336270557,-0.04011141244011046,-0.14316181039659653,-0.06366538296454095,-0.22334384913969135,0.09014481704383714,0.032120804564207565,-0.06496467609628775,0.3549536832607415,-0.220908176291482,-0.002053414367124405
0.007709375500469502,0.12267701181918889,-0.01607384578194115,0.311786332498686,0.05300290370742177,-0.1644408325128918,-0.11659830396415231,-0.21852564988051823,0.19385188700786934,-0.0478405774477994,0.012133500491973401,0.44387408750491913,-0.25908122469200673,-0.045624604373973844
0.08126109533756509,0.061849938921232,-0.02092424642563439,0.32521036335825204,0.04248311757327931,-0.19010308880079177,-0.08927787212697393,-0.1993286061706471,0.1413176716539684,-0.02563761032886526,0.05585929561752917,0.39530544861345424,-0.2266907762466273,-0.013083918620544985
0.004210921621826413,0.14559552873702725,0.03318081150446307,0.45077789711447125,0.04002006515875065,-0.11985656196061267,-0.07395289382788969,-0.18767635562651963,0.1527226951928558,-0.07596799468213197,-0.055805815195332675,0.41865264963402204,-0.22071183158147425,0.02114723966290684
0.00948518560197335,0.05795944925059614,0.0162408711877875,0.42710427798121486,-0.001830413117301399,-0.163313231850566,-0.0623117692991171,-0.23179414167824205,0.24930394753281399,-0.029629555512265062,0.0867599435961231,0.3893897910558589,-0.19563354856509102,0.13710035505966334
-0.07686864014570786,0.18082271839968087,0.1794497438288981,0.40938581028211385,-0.029250409577147862,-0.12803003686348424,-0.06314393293389053,-0.23309693920554972,0.16075832654129063,-0.10495872645507637,0.13927937971895385,0.38899703797945273,-0.22017303030868063,-0.02634749276915347
0.007017162550898518,0.09234272224040102,-0.0891306218682334,0.37002786204571075,0.0508513681133708,-0.15562511652991512,-0.09816893257909576,-0.218712165436612,0.1927456744907178,-0.04511927405653387,0.02927075865413631,0.3759843050039037,-0.12460438380226671,0.06840303766237102
0.012113206412644146,0.08477253375844082,-0.02617625870711349,0.39150227128379106,0.05753813020204592,-0.13989191558376946,-0.07840750636497533,-0.1679029629668336,0.16331502670373976,-0.01653644114240165,-0.005168565630180732,0.4202063859359147,-0.182965645919933,-0.06940805712631559
0.026283886733640634,0.14637331650495844,-0.04041868224413815,0.27494270685206035,0.008243836366724745,-0.16640748033299804,-0.014454172883902848,-0.15980507668239552,0.1550106224469035,-0.0645881684478302,0.017399752059869475,0.43625366830365486,-0.2229346900797705,0.09020057162201647
0.006924460037364375,0.08638755524568545,-0.1387657267836243,0.3431676061717225,0.06896054779644072,-0.10076889719822874,-0.09700767182412971,-0.1330752387883722,0.16794913074627194,0.010739473185830435,-0.12011324242427003,0.3522301488830355,-0.18868555669912135,-0.022081538456312846
-0.03515725330083621,0.05618145396442155,-0.10593188248442684,0.35923680897384896,-0.048684080978234553,-0.13638841107559996,-0.06330378419958423,-0.09400762143012349,-0.005850054054817026,-0.005444377795032988,-0.12961222149291926,0.3425928574703525,-0.14959089906333986,-0.07828351908768019
0.007856841364460996,0.10575382906685253,-0.06461417671691275,0.2986790053317887,0.02071046473066698,-0.06193558820562572,-0.02044313879533911,-0.1352151666095174,0.1967615860471578,-0.014954981573530762,-0.01140486791667758,0.38234047958002737,-0.16219589797312609,-0.09243051896564568
-0.0439340932803809,0.11171583376450189,-0.02037126308429875,0.3358137799251909,0.006249005089240845,-0.1068268687421709,-0.11164975538850531,-0.12424307358090694,0.2108900732325917,0.007932224472678795,0.037335830928336936,0.36327755127665284,-0.1508593276797578,-0.008911945925179531
-0.09940629871254182,0.03594664361572896,0.09504627778524033,0.27981071453972395,0.02705938502342852,-0.1441308497241738,-0.017434585825765774,-0.1801985439422262,0.04805184999101597,0.01851440220523209,0.028078423135547807,0.4157119918350937,-0.09373686764943,-0.005066422897635916
-0.12610646924474886,0.07335587615951963,0.0029468273341214904,0.2918496759514353,-0.07616198756212592,-0.08605870696320261,-0.04779145428550882,-0.16010393577336957,0.23784432429686309,0.009016746355752055,-0.08297957618537431,0.2899868776093343,-0.08159260771262945,-0.0717552517754559
0.01509046319128283,0.2096316035456146,0.08911052358895755,0.35315301578849456,0.027222494246702377,-0.1387185609466968,-0.02629460947914255,-0.053084170686709835,0.12177586569697707,-0.06535311933533666,-0.08641885275977843,0.3945893717104808,-0.16119782022996315,-0.0732884052256645
-0.06786506838322053,0.12384550096693586,-0.1491103831805093,0.3406012797315005,-0.008019690716052075,-0.09883221554250282,-0.12570326311663152,-0.09799175782565746,0.18158821392195343,0.0453658816259789,0.034207809019293975,0.3445036364299566,-0.11471488570582528,-0.1701444825343566
-0.06009103060795497,0.11641825753751214,-0.005175524745944371,0.327502775512454,0.014356509743223543,-0.06909117358692238,-0.08813767643504034,-0.12484607400729379,0.24695033338767694,-0.06717884868151755,-0.08596135892734824,0.43924699742889717,-0.10478040384945285,-0.0029755467336770635
0.008230005846364501,0.1077064389336126,0.016023419818306527,0.34074969849912534,0.024612588760185978,-0.08527987731832222,-0.07320637348008692,-0.11271912104021058,0.10690108600509876,-0.06351981309471294,-0.022419430557393778,0.3752729810650488,-0.1530135891058014,0.0749464425380894
-0.0005012094460719306,0.1487599956321805,-0.05099350876812252,0.3420373892717327,-0.025681464441116117,-0.12734068763861522,-0.09880395013148192,-0.16073269287439448,0.09803425631961031,-0.06893762105850725,-0.03439412814314876,0.3511129407093728,-0.09127412184621655,0.07205769547425876
-0.10250322024278109,0.09858076906727295,-0.03138367135818702,0.39829298093243787,-0.037845252808292665,-0.14507965469841824,-0.04427632224750498,-0.13126127911909524,0.03896593651820538,-0.09476089979069982,-0.016665568256012335,0.3995824579714385,-0.19882937945825493,0.11891307539190323
0.0395364495360208,0.07482877638795184,0.04500077602001484,0.32043964448445433,0.004924360251975901,-0.13077489399161113,-0.03276065048741841,-0.14205275492825997,0.10070005606792849,-0.058751958840795905,-0.06923749072427687,0.35110692441376584,-0.08923937720042201,-0.0050509888344012766
0.006609354015080904,0.23148674416348713,0.0826990726511842,0.33464122026725296,-0.021035503093257878,-0.11523584638249122,-0.08262098969925546,-0.1106120275442718,0.04839931060954361,-0.041449005715337106,-0.030475841903711838,0.3144792822134995,-0.11537866713090704,0.031218686394446696
-0.10413932723391989,0.10862093830264051,-0.0062546808939309365,0.32676095353362217,0.05935071352759436,-0.08456979106350519,-0.05659790037523706,-0.1328556271394073,0.05934676871677927,-0.0862701406655606,-0.1501151151542209,0.3295734171052403,-0.12474737987873208,0.08553642187036835
-0.04180633544460993,0.04103598451767938,-0.1654555285995619,0.3076943356021607,-0.078631043761593,-0.09823442395276953,-0.09339496067024596,-0.1729189047458578,-0.04109661482886973,-0.008268894160587147,-0.06331361474378394,0.4508218047011269,-0.14588898912178297,0.03253919531166642
0.002846340641878302,0.01897744428532331,-0.19089118476222852,0.3590890876637697,-0.014145600162058371,-0.07979864949927443,-0.10640781771751727,-0.16281246095425594,0.016465296752477713,0.021631460757015677,-0.054687158451199834,0.2738620176103423,-0.15799033168482549,0.06526091759686561
-0.030120025292876995,-0.06841125356046478,-0.18056294523434457,0.2768164897159639,0.08108744626664305,-0.0832171795243693,-0.01449675082741471,-0.07157732374807386,0.05377026398624348,-0.050761202880777005,-0.008066722122798327,0.315187005025706,-0.14520157739884199,-0.04021114307740081
-0.04118792163610786,0.18665770220498104,-0.02787477105300231,0.29664811589226436,0.03585739189860616,-0.06778757094476091,-0.049935091620325146,-0.06640831159450836,0.1368256071810586,-0.024867560122115395,-0.13631553177853203,0.29628487024526706,-0.1563794384366774,-0.035096558622337286
-0.06943200766318267,0.11714899160704895,-0.08443656968038296,0.31445142399875176,0.12395249521007898,-0.07094993725052436,-0.1023329983834779,-0.08492441929978489,0.09603131280581602,-0.034829383763381565,-0.005925503838365048,0.41655759851647534,-0.13245942606750555,0.21900173770309606
0.10910520744193847,0.14199141163487722,-0.050986218195361574,0.2727204437548563,0.048553884766613264,-0.06781024778382766,-0.03899816196385261,-0.18823764936860027,0.07008230719816992,-0.030037164976802356,-0.04505874707722122,0.37301674906188637,-0.09374754266471673,0.05957955141910418
0.017880575920475827,0.01569553202383208,0.1052288157898447,0.23462409205630103,-0.005886709993866379,-0.025170611217989254,-0.11956214070469486,-0.05296438664986128,0.03668153697149234,-0.07947675805377553,-0.10046995237692734,0.24550472579600258,-0.10151831402497927,-0.08408123615683473
0.051153320624733226,0.16972068389234699,-0.09320019155215034,0.2816375921958396,0.018535262433108123,-0.0957700799858442,-0.06939410466311997,-0.13416206995991736,0.10483170882787315,-0.06829927223933795,-0.029729107727220386,0.34676233273340673,-0.1266038958475285,0.13355350778622635
-0.060606549755013193,-0.02106739501320443,-0.07052930249951965,0.2236980154145093,-0.0218439357153622,-0.08607627819028695,-0.05654317884513169,-0.09831291421796434,0.141755281688033,-0.019466982939934468,-0.08768819421463354,0.32174735554677575,-0.05815509499824642,0.03199507993656556
-0.061244571063120944,-0.053202235244044147,-0.05884402309567088,0.23995601469807643,-0.06780234001858652,-0.11157221054557305,-0.006416448455750949,-0.11503680552899814,0.039268705644799846,-0.10994283824080589,-0.03527835398308719,0.332586941723952,-0.1326484766450162,-0.06720340339541393
-0.16758869565030715,-0.010194148906830125,-0.1524555844652501,0.16539724111197535,0.014638664369671069,-0.12518156781719547,-0.04120016551024185,-0.07593548685269236,0.055454266793395074,-0.09113923817327867,0.02144078860741641,0.2433463299491078,-0.14399332415008537,0.0272641462953391
-0.00937081457458583,0.19305605472747542,-0.10589867379280339,0.19744714227582533,0.05008484867528501,-0.08831147501722783,-0.023367406214447706,-0.16102811665468478,0.07336093060285291,-0.027182470883643107,-0.1564494435321325,0.3171206017016738,-0.12490612105092445,-0.09444994066973285
-0.07303119153565445,0.01466359820076354,-0.11540858718345866,0.24273085149262033,-0.06049915477108444,-0.07888940506212103,-0.08379877624313394,-0.10615883481885141,0.08581035266189006,-0.03015323690020605,-0.07137649232388918,0.24649319111547335,-0.13568488855458732,-0.05544274171926004
-0.03325347174920173,-0.020492214221620977,-0.02952024691609785,0.19217828515105853,-0.09034623748637308,-0.08170593419606997,-0.01326120279231194,-0.1080299045016205,0.1793456730729147,-0.050380059044488425,-0.009836628529377795,0.19979425331482115,-0.11077979807597839,-0.14137272438279216
0.025945657853482944,0.038499789162661585,-0.05965763378781599,0.22913116675540326,-0.06976323403370915,-0.07000853170546426,-0.03625633337140372,-0.08702464940727216,0.14851630540113714,-0.027489704095330168,-0.06358785305700078,0.2533821321717673,-0.08046471902185093,-0.03800129087568414
0.06018671238461222,-0.05780434000892167,-0.039000820463583684,0.22465072709152517,0.01691392235856877,-0.058691583313135336,-0.06561632656585113,-0.022467357235140126,0.16146407350883574,-0.07564755195875561,0.020072533184117777,0.229421312920425,-0.03515212543704902,-0.24868210847128397
0.07299268557107622,-0.020516598470978042,-0.03387654380772224,0.12017990074120259,-0.0254187589986691,-0.0159161499729303,-0.08809405958550572,-0.10768372688842612,0.15096139717685172,-0.03609814201211391,-0.06359927446833692,0.25053927113442426,-0.10517506898686396,-0.01929087223066202
0.012794701444901463,0.13172001149704138,-0.05183169791881218,0.15892569432893502,-0.09462740862757962,-0.08806319451297506,-0.028912399233291013,-0.03877870222474922,-0.01410972120512614,-0.08375433157000602,-0.000715234988809322,0.21059269218745508,-0.09726614860963069,-0.053946814534552516
-0.03668238529139637,0.10607312129529854,-0.10604420970303785,0.1873761839860783,-0.029283708720295835,-0.024399306361301932,-0.009212445637715429,-0.10219636106731134,0.07115329414391501,-0.12495492532930734,-0.04266343536934537,0.25361216797150715,-0.05627461242027236,-0.21882133053962505
-0.072930955796501,0.020578953887262635,-0.0704670446488361,0.2502039142505635,0.0323941704053032,-0.028873549877879188,-0.05445783849541265,-0.0976609873229991,0.03222628870794218,-0.11360591761498005,-0.05118185756032911,0.2888720681874059,-0.0519848351191708,-0.08120290207162112
-0.00424754972135861,-0.013667592125272278,-0.11132010737474528,0.17383344487592775,-0.06062071339388134,-0.07712664466054198,-0.026481462250826898,-0.113604058313783,-0.0010969703700396507,-0.09934101291227489,-0.08679755426396363,0.22604984250744703,-0.10893647062380221,-0.17526295250171048
-0.10757546223215037,0.06668618642044696,-0.1384939906009079,0.2408534446473168,-0.03188491287633998,-0.013220917240361856,-0.02664413827431351,-0.023476234855456694,0.09371347354787538,-0.12266112971312286,-0.05902205840361586,0.1953029039258844,-0.10900269746968148,-0.08040391859577961
-0.07271093772945686,0.12619123715727534,-0.12445842691618172,0.18804209240973932,-0.006347676523832984,-0.015717041373006484,-0.05145586958671313,-0.053583322961445135,0.1487909270241715,-0.09673298661881442,0.07545905087940538,0.2516615839198226,-0.08227251711829868,0.0029538967165055716
0.01485875406326451,-0.02973179971100487,-0.021062003125787803,0.1787408028769307,0.0012644065207017153,-0.06258549758657829,-0.04551337268577277,-0.026046080059273606,0.026562604107740813,-0.15094173865831337,-0.08597451626217577,0.15527442014412085,-0.06502176690136643,-0.030998373733127263
-0.03040367035926228,-0.06004717150474424,-0.07476012885458876,0.21061044229445625,0.00376662012215638,-0.03304990378318276,-0.030844441585178,-0.09444629223896797,-0.02885751572032943,0.011989882646420426,-0.03092061410950947,0.2353340588113327,-0.033185302087713094,0.045720434560365
0.12107018810599979,-0.012726096820225493,0.0674657999014959,0.14048813554163753,-0.01359869978355742,-0.052126693863929034,-0.06513947854651686,-0.08803972902169184,0.015535359253086812,-0.047592660084115855,-0.044504112156148475,0.14529632125709702,-0.08683344260756948,-0.028934806975717764
-0.09543368973492843,-0.07016702616198005,0.11615810401229858,0.1767026326716695,-0.007887936107069038,-0.020892496828609455,-0.07023225824634197,-0.08006527887485787,0.03171494781359225,-0.06908945660600087,-0.08303712629840472,0.09566955459936405,-0.12147337146234931,0.013455481192288317
0.03622287580017366,-0.0660520518534569,-0.11842879076738981,0.1179514476732777,-0.01531559224243514,-0.05673946098825575,-0.09541792837823332,-0.13838276176865413,0.04603880456580471,-0.05889205320860008,-0.01590161309905097,0.24452667869805894,-0.057884332028654444,-0.11800055962473792
-0.10559120562575135,0.03850389289538944,-0.07969678220179308,0.14483425039709588,-0.08314639394733761,-0.07990959636202544,0.028776020626744035,-0.09240128177137866,0.12014166023995607,-0.10124836724289048,-0.021729155018172058,0.19181048912126367,-0.07690466440740891,0.0779646644589052
0.06398147889502101,-0.11730395565156158,-0.1085181293678664,0.12157794625002365,0.012097398196683718,-0.08674726168691037,0.027716058074564186,-0.08962375461945096,0.0038004547524320936,-0.06963456391408285,-0.09181992488529196,0.2108098211539725,-0.08962312841050757,-0.018569528504566012
-0.01979105937752704,-0.07220469221461398,-0.1817766822941445,0.09107425814333886,-0.029377234978066154,-0.07680209138597657,-0.09520470312920147,-0.07245326022462947,0.07416584538072503,-0.05020985044541152,0.010474408647960828,0.14740469623676403,-0.058294749917971726,0.11463699173647894
0.03012174834023944,0.04407598848633328,-0.07853955998966236,0.17289281136436874,-0.06164980126888779,-0.031163415191587825,-0.05889221544004601,-0.026909259663438344,0.002238406936637918,-0.08518754643519043,-0.09534979797252083,0.04686113756851296,-0.0543874640751764,-0.11015517005003744
-0.07397783511230001,-0.15726711866752824,-0.13999916344525012,0.1269715107950579,0.016833757216453325,-0.07235289953485179,-0.059058252543901256,-0.07524354889103117,0.052410690015192406,-0.0195196333209083,-0.07676935169141484,0.13716929955247079,-0.0674946455287181,-0.06330850456272359
-0.03863201837179992,-0.05401885972108013,-0.0403624863737242,0.11625171613710908,-0.030490258359851995,0.00733305799388742,-0.024312651522408663,-0.07701777792554411,0.0331692372813373,-0.11432569144363608,-0.0945399002739059,0.1783215622030954,-0.02932672959181971,0.0675592069516614
-0.12235424394113013,-0.037881333327409776,-0.008945655416365467,0.031994845279757836,-0.07343989247704459,-0.0307835375424724,-0.05796012049922696,-0.0337476828429007,0.13228985862633713,-0.05889931435224129,0.028593017592212066,0.15148553419946492,-0.00950877709505484,0.04560679482351761
-0.04888362034689337,-0.002951773753976804,-0.16900688287955531,0.08465511210579592,-0.02532101292268616,-0.02214525599760125,-0.07559046626286603,0.0028126723153959264,-0.04083119864489927,-0.0643618219444295,-0.0669319723281051,0.06668667483252964,-0.004687272800107701,-0.17087791672694946
0.001974758613132648,-0.016814645821614575,-0.037309760243793004,0.053009011805378085,-0.04487031172054035,-0.02556020557567101,-0.042561697919781115,0.02126134482881882,-0.011738022178582552,-0.031792553505387525,0.00021246421602922404,0.13209752909963976,-0.014230069817261836,-0.04885494899219115
-0.10518715826469266,0.03902691039232375,-0.047204779966078234,0.10413424981628773,-0.05082281056138883,0.020691376475932756,0.0012245579372687546,-0.02054988038250116,0.06477205022915306,-0.04750487386972709,-0.04585105183899631,0.12026395217581809,-0.007509045556489089,-0.041224755129852395
0.0030694095269781885,-0.06002772701207471,0.006739058392453292,0.05104591486250377,-0.10591896734698497,0.025455962922500467,0.007469415026319816,-0.04985566546725797,0.022490025550678326,-0.06634769457238983,-0.026276666976847968,0.1335313087851379,-0.045747074955744385,-0.07063158495666519
-0.034032217289292864,-0.028542406273617035,-0.12952109639210135,0.07580765316357908,-0.11573397054120563,0.028983704778850126,0.03427566685810738,0.021834322548825186,-0.013403201967202407,-0.03556213362669434,-0.013227172601626602,0.12426270431154877,0.01395692526605861,0.09061776986794107
-0.16728808497493083,-0.07814663540452679,-0.007074156521113797,0.062454402404425596,-0.06023899358304656,-0.007443798008770692,0.04005981412468313,-0.008528011741550335,-0.07577228620235757,-0.04448233543233833,0.024103872064265584,0.0590711084021992,-0.024652150449249635,-0.03401145042852348
0.02061381119955677,-0.015885657485866615,-0.17130743902874912,0.02678623061310736,0.0009892871652058444,-0.013086214976757833,-0.06743967310846843,0.026246167044258195,-0.07221792476718672,-0.12060224936599244,-0.0125074208659841,0.02356527450192592,0.03901374354298089,-0.08767040065321859
-0.11642660804746215,0.007157573411532412,-0.060004511188781,0.0471096415802437,-0.04726439377781544,0.016065077496281024,-0.0772092550437516,0.025296306911468336,-0.017548524650548552,-0.011686555671025297,-0.04396930483922723,0.023291858602293665,-0.022283715267843104,-0.06073049045007869
0.016794378754299746,-0.0673196314000952,-0.18286513626516035,0.05681931419444579,-0.11267245844298007,0.0644526756395241,0.015975944344459567,0.016570494001966307,-0.05126635237036864,-0.013634079174500748,0.03384025041859674,0.10770446173939452,0.00853553544696152,0.011794403144185402
-0.0489689985837002,0.024294669406885083,-0.07038924578351277,-0.009021400900203288,-0.08051694888322246,0.034709876895924106,-0.041487972462274036,-0.034700692196048016,-0.0030038881179721613,-0.07205055695905976,-0.0791109711211823,0.03890578507668768,0.034869522223825465,-0.1137880177486618
-0.17212604828415198,-0.009678188516008093,-0.029115231962326855,0.006787378360374759,-0.09115019209041364,0.010654758827372924,-0.0050476934341382625,0.04863910621685149,0.09765224146446629,-0.055162690759850926,-0.0369455534627368,-0.0031433466005613146,0.04180245668653942,-0.007475770601100052
-0.06196737637601551,-0.04149399679968346,-0.1008656715553265,-0.0014496597435521624,-0.09679400521329311,0.0016672064934357858,-0.019624817717415012,0.07924247127081059,0.03696543055638877,-0.05984360317200072,-0.04223322977941032,-0.0007017841628813576,0.0072601972615229105,-0.11371237040323523
-0.12369643253643327,0.05552149331796767,-0.0944010708762509,0.0076473995027033,-0.1357916091360903,0.004394615706959524,0.0023659973788845872,-0.002851448592528205,-0.07857797537273466,-0.06342518289658072,-0.08720344217565187,0.03418081164308096,0.03308583390776925,-0.2067734088588396
-0.03761123108597634,0.010287273386206356,-0.11411994313014098,-0.013491251462646266,-0.041290168532664616,0.003625199575389022,-0.04684837081388094,0.08169409043835586,0.037039216401050484,-0.07465721882325455,-0.06713248378378747,-0.008349469982970679,0.005864833693397725,-0.13978821007258405
-0.09629960950618985,-0.04845687140470062,-0.12502855308231595,0.03383190654770173,-0.08035090918822348,0.037075545855244925,-0.033786636849646,0.03076913276643314,0.03938029627029885,-0.007456398552229155,-0.06167641809199461,0.0005726234103020361,0.010829003113368776,0.001685186963178836
-0.006690923453744189,0.023629173149188255,-0.018892420325427144,0.10624007417397921,-0.019690488831369587,0.014302077093840697,-0.05739057446777522,0.03515819199010278,0.007406902293910596,-0.09953276800745578,-0.09245944457862866,-0.007531859541837769,-0.022372003457357105,-0.019863523484662384
-0.016128331356319924,-0.061539377652264186,0.019995021517931543,0.028666724744697846,-0.10290421770439753,0.05135941761425273,0.019344297681387856,-0.00958948601009677,-0.03384460933442949,-0.027362844370849276,-0.09647394325979652,-0.07985577574740366,-0.004838761392810728,0.17221675608874515
0.0223720127249517,0.004848917839498155,-0.07347347981444091,0.07995890185381833,-0.058075945008634916,0.05716501007965202,-0.03564415606406598,0.03304209391173693,0.0315171735630132,-0.015761242986213803,-0.05010735774911593,-0.046700203233050304,0.04606722755966204,0.14985876348743185
-0.09391285443160066,0.03206178684842522,-0.13035792345263605,0.017353739469212145,0.03265695558367797,-0.027541390795165446,-0.03171811982242816,-0.07208493843489948,-0.048793280683245205,-0.07262771977892919,-0.11468042348648678,0.014115030600131202,0.01056144772798219,0.09931559665338056
-0.11463592434076557,-0.03690890597770692,-0.01899036588424271,-0.002209166390564112,-0.012064086366555265,0.03337274441636374,0.008890818871409616,-0.06851672483339571,0.03504279571210389,-0.10090363341529969,0.03457809885847202,-0.10364075011584759,0.01962009829244397,0.03740250301659012
0.010020937711256344,-0.06507973430371601,0.016516249840004146,0.027319385784149722,-0.03434852777133452,0.05556538128321982,-0.061899931601134016,0.022007786382959606,0.06265615333673855,-0.03500626258060417,0.01421997784633928,-0.0576305749016649,-0.03971915567809406,-0.0143302161624805
-0.036878450365225864,0.007920651206238435,-0.07012194414069937,0.018049110590834586,-0.005977961655793513,0.08978708471832424,-0.08595889006228223,-0.05120043768797669,-0.024854712314373396,-0.1405930459273274,0.03972827588000048,-0.026388945052565747,0.039780899653239866,0.0918812807514252
-0.06098914820410166,-0.10217272390049473,-0.0802792611367282,-0.03036476894271749,-0.10433082295649687,0.024816720701787625,-0.053433361909439585,-0.01877707942450476,-0.05334494861472412,0.024745268253771494,-0.036552795124038764,-0.04953791355294347,0.0028451480208764863,0.06354833717156723
-0.07322508870675937,-0.032735344769918046,-0.18178900622346153,-0.003521963969397471,-0.06232177678331623,0.05026230729642806,-0.004299182407577591,0.0041277261355737345,-0.10528608810106233,-0.01836632773252478,-0.02964352942737598,-0.001127358216939746,0.027131941609094382,-0.11960712362915182
-0.09107674200390821,-0.1360583640390933,-0.18391548505550165,-0.06346933963646957,-0.03617496033040804,-0.019580858563620247,-0.04969824574750986,0.03626573571114052,0.02079111067862606,-0.018718902824199066,-0.022103423960332054,-0.06830322717271078,0.04179598050834441,-0.04760057185938235
-0.013665485642421324,-0.08303423299083175,-0.14855898888788413,-0.05020591648590463,-0.03684976226104122,0.056205904025514876,-0.06190364861208906,-0.015024006975445935,0.0017816127692592734,-0.0612858595031633,-0.048257118614093715,-0.042574478783137214,0.08007675662433085,-0.07127761563423267
-0.16453155957170082,-0.11977729046790213,-0.08146473903937305,-0.07019568214553314,-0.07931906954932742,0.05943260870190869,0.015353488713886636,-0.013813856238363117,-0.14632095042907928,-0.007722501095552443,0.07704911244842659,-0.05487643305195719,-0.0070406706878133815,-0.00010160487874466095
-0.011483310843991632,0.018498566585746178,-0.028747314161597502,-0.05231658960623462,-0.007553457848772737,-0.03120189840590627,-0.013301148370641171,0.052740826677665185,-0.08784806781275437,-0.10668679413117672,-0.03858394836500854,-0.07842782380930918,-0.04541937284816348,0.03540801606285
-0.06257543734537505,-0.17859795615187612,-0.09458314179333184,-0.03844678466578797,-0.0015398477223800536,-0.004908956075633286,0.024854553262213842,0.023882160311083304,-0.017141284447847356,0.011664103601457648,0.07587459503831086,-0.09285333652158513,-0.010417444564884817,0.03096604395166124
-0.0428837073882606,-0.14408688949125223,-0.09692637090201589,-0.07838786304474903,0.002510178014069156,0.014862109158895402,0.03701068689184747,0.02989898916594143,-0.039342994205558174,0.049503555831861945,0.048461981082591046,-0.04467016825567396,0.092103017943647,-0.059345187501276576
-0.02734029218543989,0.050292815662789835,-0.03487687755866599,-0.0597977401343168,-0.0902893989059612,0.05601274341346993,0.03614721360879577,0.03345364921093615,-0.07865141254176562,0.011218994106952419,0.015490662113506524,-0.06976258795123033,-0.010080409073971855,-0.04601003269949627
-0.013212215572640695,0.02619579766298075,-0.13755609503640692,-0.08920430214116348,-0.033931969632558096,0.04784644024577764,0.005673382692150191,0.04416242584668125,-0.087570085549858,-0.05120131102723329,-0.0047162993648291,-0.08772502444309672,0.06733784682975523,-0.0023945585795210047
-0.12912161154467536,-0.1492011030329902,-0.01074095219429826,-0.04946421095244218,-0.0956967749620212,0.023816855110333043,0.03636312260308422,0.0345894843178927,-0.05878669933194716,-0.005763940362145854,0.0596422944728323,-0.028310005694457435,0.06858025481439184,-0.20296505761007944
-0.13983304370531457,-0.0790002148555161,-0.008861735357292878,-0.0855036471636034,-0.05726675455883832,0.06346837931098957,0.0224929057589717,0.05576812511614114,-0.00010135188598670142,-0.06480050205428366,-0.09404669403486966,-0.08594208380414388,0.011218491821043154,-0.0017335741383903234
-0.05211470717416224,-0.01927032899385457,-0.161026763840696,-0.04982909930174585,-0.05171978765757402,0.037364859914307484,0.0485760665937012,0.08538777486819872,-0.005823645575503543,-0.003642189873311126,-0.008343875546593455,-0.09613355334885082,0.04947847367639139,-0.08325735161619602
-0.09066044662016695,-0.06416436475860642,-0.05507974150075084,-0.11743407246755573,-0.05068435676952144,0.06946535221109289,0.008644785400484498,-0.04780824091501678,-0.05729769459517921,-0.05011059836080734,0.006439079213146684,-0.07123315664683337,0.07107694587004389,-0.05205791542746287
-0.11617136626580694,-0.0654890022838048,-0.0803630446282516,-0.10988614206552494,-0.05305664475305255,0.0738735484135163,0.07269080501052823,-0.00089382922603804,-0.06908265568394081,0.01042424102639132,9.4300348994518e-05,-0.13780594357182657,0.08880083033758968,0.0040456319348784455
-0.09239037823835597,-0.09848575626928223,-0.20893826016955766,-0.058245114414010916,-0.08096831073680563,0.08592216456324298,0.020595942237611815,0.06552250800597814,-0.05971639948128683,0.041343864931379926,0.058126304880475745,-0.10107832166770225,0.039538420756648394,-0.09355193316848595
-0.10070014004773378,0.009889588809247271,-0.005067511223547167,-0.00824284215971988,-0.0381267587608337,0.0712006225342868,0.03514957437656485,0.08628218067518736,-0.13728981446829083,-0.004951198065738925,0.029130446554193546,-0.08341216175554941,0.028536512662546292,-0.13292047791716677
-0.03498652164701933,-0.07309268065729038,-0.05480189558601872,-0.024874192650009726,-0.06672770384667456,0.12473451104473096,0.01914031321500658,0.09171905459548252,-0.04657544943372301,0.022747730646570832,0.02415864971426463,-0.11381941263591185,0.07891049491162903,0.023769136020491348
0.017999896828099576,-0.02779426722081968,-0.036340596102405504,-0.1117314647248327,-0.022902352687881072,0.1533094646604347,0.032318634584128626,0.04529318679461171,-0.014251503703433647,-0.05900220528900675,0.008177259803516336,-0.10953708959028347,0.055086925547119546,-0.03505166707609297
-0.061976389868040556,-0.0519396687528412,-0.10730371770725548,-0.060041000893366385,-0.11730372125674673,0.008540082439945204,0.045658886563271266,0.04934681744441715,-0.06077797881107587,0.022939721116695806,-0.042141492262730326,-0.024279053698476244,0.07724975086861809,0.007995514654524687
-0.08954871230242692,-0.10478571960983775,0.004689430580527869,-0.029771458999969625,-0.11324920995267884,0.08911341558525435,0.04284706010642061,0.04319791824710316,0.028181033730442142,-0.06126384657713475,-0.007521687636811062,-0.10910779535278638,-0.002964506656499635,-0.0634430908139688
-0.07980705829423357,-0.1083561957135821,0.03101157392544429,-0.10440168461614023,0.006686399490762302,0.04585134311972732,0.0331775316381527,0.0032398600290253635,-0.14525841987470547,-0.09377553382109889,-0.01807066372438142,-0.1586374899631784,0.04286284171061498,-0.02945646774523968
0.012048327416699159,-0.14974250437244627,-0.20521479698385153,-0.11594828999092342,0.0003777718467483178,0.0630741748764455,0.09872108633947377,0.00444739973333432,-0.0517367635929154,0.003652338351496048,-0.08580906511594324,-0.17229618595862164,0.046364261300929216,-0.08627938142838523
-0.06425617580260468,-0.12196300340362719,-0.1685501985962617,-0.09388835622250925,-0.028964368250353034,0.07398755809718256,0.09187359391491592,0.01944545058820978,-0.15707646116301824,-0.02369369919573513,0.04970234891421614,-0.11977562480927942,0.05333476277974719,0.10107539473207275
-0.11354891821109875,-0.14843946986555803,-0.15787347299423718,-0.01638977067302515,-0.02613469981832611,0.09607970545265918,0.07643108626948861,0.01309005146302373,-0.06443149503214873,-0.012947521371379125,0.00022484517345234775,-0.13137367772194808,0.0007972617718992717,0.010210122559859295
0.03460596915646499,-0.06598378427051176,-0.10208182366290257,-0.09893102905441706,-0.009591822825046408,0.08468157012163395,0.03386122367796656,0.10974892997786616,-0.0240782829343514,0.10424335270852719,-0.01860597538245583,-0.22448903851107657,0.07863252067328691,0.0273396609874535
-0.09392230358870941,-0.20993997409870838,-0.06822151344772234,-0.04994317907572642,-0.008696463067508957,0.05983783805729441,0.05528062049224465,0.01779841977178586,-0.16144090087022137,-0.07430056103498447,-0.013402009852235193,-0.14580644196234435,0.02090024411005239,0.045357797589758934
-0.08899687307281681,-0.17708309628822066,-0.1338761670484091,-0.052009410578393825,-0.03412859136981309,0.04253211473688993,0.052647619782437864,0.027501275442881265,-0.0820129637955196,0.07589146281934352,-0.11504518976987192,-0.18403124106295488,0.08652833811818228,0.212038714445085
-0.014354043688928435,-0.20877699111187034,0.020927160734823487,-0.1351431833957329,-0.0773684891393574,0.07274010799209306,0.06453143814612093,0.05611896361159817,-0.18939950251456095,-0.006627594902130549,0.07794543825379457,-0.16274720361791944,0.05416910428737266,-0.12152614433879226
-0.0019437465568287638,-0.001115467982257424,-0.07162502580282586,-0.08611961866204326,0.03566053869671783,0.0063946955123302335,0.05586469666293911,0.07754232985726657,-0.023916365243428866,-0.00660700237608233,-0.06028823342891192,-0.10380670023425666,0.03719039226123891,-0.06729005946594263
-0.08058709944148558,-0.19153434911860875,-0.07472511961160477,-0.12833902785737575,-0.11084721998828062,0.09001053551621979,0.05074717585310688,0.10011695656388776,-0.1022025752109131,0.0396176551450392,0.10494421270192077,-0.19093306426563694,0.05731702269649718,0.03213709307838509
-0.00962646804486555,-0.1968769689266433,-0.14691545789841587,-0.16960216623538185,-0.11244174434495548,0.0762106697874469,0.07382153825906068,0.08862570682586626,-0.024496595003453064,0.10349489934350077,0.012787587234434955,-0.11086925881275461,0.10327482072218566,0.03498887188167536
-0.05069775651879665,-0.0019927932750130875,-0.07462668288057087,-0.15423799280483408,-0.09068821726993728,0.06818070448932717,0.08536059839411002,0.11742463004494556,0.03168869029997165,0.019097586130442604,0.02010768287706085,-0.15467146212918337,0.08337210740590689,-0.09850596052483038
-0.08421237518137127,-0.22869908867107555,-0.22066990838605108,-0.07689959397402671,-0.08184320757635277,0.09846165155766663,0.0385770581721197,0.11885203596817083,-0.06981296447005902,0.10335447844705054,-0.026153113885422116,-0.14929804634574984,0.04005115405742059,-0.05201475689564801
-0.042939578607967044,-0.05260006469727975,-0.033121785986890986,-0.12668258677708572,-0.031196069960798354,0.06633046309871231,0.0938512717362834,0.07867030688106581,-0.08831186317862168,0.0341227357412684,0.12766394741025835,-0.10985712873287766,0.1244931013128065,-0.11330656844065402
-0.04671241087349111,-0.08684633925372497,-0.15662265653805926,-0.0789808928252632,-0.1067852667487311,0.1253798950377068,0.030355976705740147,0.10373798894343433,-0.1275385021371091,0.05631102959335849,0.04693851037878466,-0.15667187184513792,0.2151741110478086,-0.04590753612588782
0.010816572723480064,-0.10379850694715594,-0.07253846411616273,-0.20165334169053534,0.016022695857947397,0.08657772302129857,0.0757320034408839,0.0985204684629666,-0.07692266768931044,0.14485829096088376,0.020609776614162658,-0.1566010539275481,0.13859601888115736,-0.037165003642551146
0.04374787100046503,-0.1265109476080389,-0.01768946302397134,-0.13219349993945717,-0.07037734891417144,0.08741399921464592,0.05080545254241897,0.06600517894681895,-0.026389212265780452,-0.0032132128184801973,-0.03999450106952407,-0.17180233834450728,0.16831659750172726,-0.09504014530645558
-0.07492389885836476,-0.13253477848673845,0.029883271726854583,-0.13346126386891682,-0.10843077746345013,0.09589499964709589,0.10315581509951292,0.1520638701220943,-0.14580774022055423,0.05646631159896098,0.08122286512144795,-0.12742225137179944,0.047312463598705806,-0.05960595610172028
-0.02477126787268508,-0.0491067313146878,-0.11888100085573484,-0.13611345599273636,-0.1038026725674101,0.07557020985013303,0.02747533928408004,0.10039845081372183,-0.06512473033729974,0.0793494751149003,-0.02215738097105594,-0.1720488083632766,0.08948490941990724,-0.08127629461031083
0.04100060470067067,-0.03438160707091959,-0.11961308258971344,-0.16025741528777163,-0.09059879434150189,0.10498607345485375,0.11998097335165826,0.08280136088805623,-0.07078478920936011,0.07778650219865589,0.005817045257381088,-0.20392681143056599,0.18111484229166255,-0.12198878651824864
-0.082613577267583,-0.12918458175277558,-0.05822890908305952,-0.17530192929763638,-0.089088534317268,0.15774526561813793,0.050093956319054896,0.11883515469011725,-0.04288353258871141,0.03422260956334243,-0.08438388787949294,-0.1444069707130912,0.0644947775187986,-0.11169455358214359
0.10248848099488478,-0.028459656061962497,0.10001403022620861,-0.20500614591623811,-0.15185518753719704,0.14833474444686084,0.06849337369409025,0.10066520393500411,-0.12128183552065246,0.14262873072623514,-0.014572142114544802,-0.2207126117989821,0.11271606254370428,-0.054686356249911396
-0.019494583229477187,-0.160277872957185,-0.045160790472181175,-0.16081722664322268,-0.08953486191871814,0.09947869785879143,0.07346740424899338,0.09227381230804163,-0.14974014187042814,-0.008862045289412365,-0.026555516092574727,-0.20035504861441705,0.1432678993667276,-0.04504680649657304
-0.11198836718955699,-0.13046230016385932,-0.04469783323242876,-0.15084249008578024,-0.20319412034857734,0.10323685582218238,0.07989712519813238,0.09467368902305222,-0.13626414876069917,0.013680017981150946,-0.05850774626811682,-0.18503516903387893,0.048381827475108996,-0.13474809854574776
-0.0936211958305417,-0.09218109609866865,-0.05383333736966624,-0.12598273593202586,-0.08208367232224226,0.0791160178466906,0.06589576020911608,0.09938607576207242,-0.07884207108501859,0.015459823725108386,0.0019529327137795549,-0.2672785656620274,0.11362885817652685,-0.08978250737472183
-0.047824261870805115,-0.19948445947156637,-0.11551690967868569,-0.12798695917053962,-0.12889638531847347,0.05791088466793418,0.04864688021691988,0.09700560611426624,-0.1764029414193824,0.07137035220886735,-0.022719801678908594,-0.2159833258876861,0.17763924109827045,0.018768473214041844
-0.05128642828999476,-0.16089975475163945,-0.03282101316110252,-0.15898403705236167,-0.10060008162613071,0.07293155625096165,0.0671965507337938,0.05341353695605326,-0.10227498890611733,0.08049406154834804,-0.08323220643278774,-0.21814679095569545,0.14005804013973616,-0.18745906528695527
-0.04092765288529622,-0.10975346566330897,-0.10392762766572264,-0.11610890096954425,-0.10961672003621324,0.11395378724045489,0.03284189259747468,0.08408324671789062,-0.14539430852841312,0.029387363555922683,-0.1061994930672903,-0.25284383789070414,0.09399670682107328,0.13240694484507412
-0.04192679974727701,-0.15892499472581745,-0.030045364173380305,-0.15367054383974627,-0.07637094271380218,0.06273472726745269,0.07561740109320936,0.09330693243117198,-0.14587626650964475,0.03548194227832367,0.01642862908273936,-0.2639728634036954,0.11745718814763835,-0.09310281601667081
-0.11311046731460352,-0.2586545664570485,-0.09111245029986449,-0.1526673176726072,-0.1509418525568904,0.1101149811706182,0.037689894022184325,0.0922221468114003,-0.10230536328272571,0.0311740820312456,-0.004796890690536642,-0.201941247747724,0.08448555528796983,-0.06014568145673506
0.0221548678995138,-0.18716762502483897,-0.04734890669560116,-0.17385696561805136,-0.1452463430291593,0.06340667617383013,0.04505729186451153,0.04479880644937487,-0.1306114860677053,0.020150321310349027,-0.01498198577192509,-0.24039959842591918,0.05531320366932748,0.07199171084745719
-0.13745609889833182,-0.17706493743879856,-0.08226869012624853,-0.15546199283751716,-0.050482525217338675,0.09333701441888106,0.04570923866041559,0.12315159956110969,-0.17611345746150653,0.0768369397538921,-0.0734095430604923,-0.27440538551242716,0.132045231449,0.048380811865193496
-0.13189657724918796,-0.10761604008189209,-0.0689370596337139,-0.21727716444255563,-0.0900714775563807,0.0815776546173862,0.0566492625455618,0.1303813867828337,-0.15563882427545864,0.05793872891720349,-0.021716279370161677,-0.25137848748109176,0.1359437217716631,0.017058051684649723
-0.031284459984812496,-0.14437084335415126,-0.08435925614940659,-0.18735632480224976,-0.10028355691114932,0.11277097568671571,0.03849774005800836,0.13208742985685365,-0.18288745217003172,0.02536400434095731,-0.053073540665508866,-0.2344116894889532,0.17252697838227501,-0.02093516418043324
-0.11229354240891992,-0.17719417908239732,-0.16230209215010133,-0.20218167741917298,-0.12691068869845915,0.08917855856937543,0.0497694629014121,0.1592344898070915,-0.13976789007893922,0.08372042248593167,-0.03472248166086207,-0.26083524736346425,0.06572535873524603,0.15624638562406998
0.00931744331550088,-0.1509012627834507,-0.13475779513582953,-0.21528630635039694,-0.11737271434940467,0.06501798123012738,0.03538691843184182,0.1317077681379398,-0.13119300406400114,0.07843161075562942,-0.06413893257530222,-0.2522578622444093,0.21997926990730995,0.06015600113831722
-0.030709496272588843,-0.23078702919302788,-0.05965707465673358,-0.2179017432477209,-0.03274093871458459,0.18240987653457347,0.046294270544449116,0.18909280893478955,-0.11936921764054091,0.014896343549728514,-0.008887111795885562,-0.3323448454428096,0.21108717829037746,-0.014915845914365032
-0.04163900013574939,-0.07851756669335651,-0.052763359760778,-0.2116775524402723,-0.10556618661070694,0.1095800162928614,0.09713431647586901,0.13260462391000546,-0.15541255395146067,0.02238218738601154,0.08355225069749977,-0.2529751387746758,0.23211463911489044,0.00223075545769516
-0.04205698537590436,-0.1991873512882147,-0.13450579938102514,-0.24753397029684912,-0.1430209505052189,0.1648899332438004,0.06947719452394015,0.1679420156607124,-0.1454630873195968,0.008942594683218763,-0.05064609916937751,-0.23864610802985126,0.17004831868340678,-0.0032818048241881697
0.036339271420325885,-0.13639368651169015,-0.14582482612073613,-0.1767324226885107,-0.09781850348490115,0.12526450010545326,0.08593613794179338,0.15859551138605846,-0.1355761333064901,0.050419855709343854,0.17189155991273514,-0.231668956357051,0.15534713468650002,-0.24483994533708467
-0.011769979913401191,-0.1911265605650117,-0.010264042186127907,-0.21853501589839272,-0.11140943402165324,0.14628058706611452,0.061627997464762906,0.1575431679090473,-0.17528674205233188,0.08703347948829243,0.12225089907649367,-0.28853355923917823,0.13508327927153557,-0.09813689063385367
-0.07004314873993568,-0.1856098054902859,0.0004889734438838536,-0.1915734662716939,-0.16090656783491308,0.15792895664723608,0.03340278371789889,0.1748111493086018,-0.12533528537993843,0.01867612048013119,0.011874865337110038,-0.26984234477093083,0.1486842163083051,-0.06978990924104789
-0.07740721429661322,-0.17865925186406728,-0.013234856071488681,-0.1854349870522182,-0.2030486141375887,0.1389637990486657,0.08863012490038313,0.1961399737088855,-0.11523615394363304,0.0788629544504838,-0.07110013158976812,-0.24923855463133968,0.2062789670956815,-0.09393241893506556
-0.1914438562159484,-0.21048836681054164,0.01644791613580074,-0.20040910961797584,-0.11227073995601278,0.13887217831617185,0.04416551721598523,0.2809246325467381,-0.23397771481879973,0.09394173148971359,0.04835634312587303,-0.22681698574318993,0.2392628424212674,-0.10871162858907285
-0.07240002372137214,-0.08757582779725669,0.0011503334223584977,-0.2727405209016412,-0.19778816213268058,0.10148329153291974,0.10011527724165567,0.13532938915048462,-0.09662764345089436,-0.04555613827725208,-0.003659669237646197,-0.25180702824063794,0.1973979671701205,-0.029752089207819153
-0.12251818200621761,-0.18569572182832128,-0.11694279559383586,-0.24505565571504728,-0.15243233908561052,0.15960029423838787,0.11777773286914223,0.14692670791701334,-0.21757465141177848,0.09322636001629953,0.08652629003645376,-0.29275395042047864,0.19182485116645057,-0.007596475666682402
-0.07467940026435797,-0.19708919385952148,-0.04681485814385567,-0.2536778451376793,-0.13759629904617188,0.13604123237973895,0.07673062314015532,0.2443851872814669,-0.20735910290121434,0.0305042336899646,-0.06383272907288409,-0.2846579302463443,0.2816650139804035,-0.11450291505209541
-0.010482806418652105,-0.15427758342152387,0.18665760532046619,-0.2365885972591818,-0.18102789202782754,0.11758973055830296,0.040692406509778505,0.2920457944431142,-0.12139667857205,0.0017611164631355489,-0.01044016591780589,-0.3334657369581946,0.2410194566170954,-0.07549047861764716
-0.1370355163500166,-0.1802425851004579,-0.10922157521924411,-0.24190657051265324,-0.06623844004645782,0.21539950411695194,0.055950350665799974,0.19284540400138486,-0.19481487908118472,0.015077501196051755,0.01792083281345613,-0.25727139652847064,0.16580445843415426,0.009594494770989346
-0.11238372467667984,-0.2520233231099129,0.06426084268522256,-0.23962348153765262,-0.0902630480723351,0.15539152345519344,0.06616508379944819,0.23462566251595748,-0.13809057685310747,0.03376778349240171,-0.02174981592517711,-0.27637663939710105,0.2372428953751018,0.08053211242749925
-0.009725210862416744,-0.15818799759839966,-0.06629705240936914,-0.20000314179200332,-0.17936125125139188,0.20321443845755294,0.12018880099098755,0.2300637222988172,-0.2104963698901745,0.05519275445753528,-0.00045947977799117663,-0.3391598960090213,0.17674332935625037,-0.10110690809610069
-0.0981946688569195,-0.25064996751217733,-0.1345357869925899,-0.2265865442165116,-0.1642865168507415,0.2017657241748627,0.10183102707347179,0.1945704287330129,-0.1755122020514261,-0.12615842835017888,0.04879695490944082,-0.3611265659233047,0.22213838402710198,0.013481670729675778
-0.08343496506855984,-0.1855874276926952,0.04098356449771136,-0.22047138245148426,-0.1353931288521106,0.1967479388332198,0.0755613772213794,0.2555473982552452,-0.2653999461604662,0.032447249800428964,-0.07546606318760748,-0.32038603698972073,0.3099700489541513,-0.05481589904846046
-0.02282000131715384,-0.18248306547407137,-0.007595369666015505,-0.21203837276584747,-0.12908022564245428,0.20162660129915702,0.04800883918380931,0.2529616607117145,-0.1424745342501586,0.0063101289374080756,0.018163945752681026,-0.3632927987983853,0.23255368094835324,0.052823217867011205
-0.06257867308481986,-0.19331739041072513,-0.04096003852014654,-0.2772118223360664,-0.17701940786520753,0.14140215027890413,0.07705668070934679,0.26483415822953765,-0.22489978047335846,-0.02720348243000826,-0.07092084088202422,-0.341702979643273,0.3278069907678899,0.10483099215408151
-0.11208655170234112,-0.22182518899070786,-0.03274817062325026,-0.2653429269547697,-0.11626559424533255,0.18194492166545784,0.057509644392092336,0.22390302070865895,-0.1399413121540487,-0.014061004754574197,-0.09315021332030872,-0.32820276198012044,0.23753854572423597,0.0062287639558203135
-0.10487347120421557,-0.23047787694034028,-0.10069208951539103,-0.22760049586806183,-0.1150289306395634,0.2269519268912764,0.1650935754621314,0.20730744557238615,-0.28661897859598606,0.03956083550646967,0.00952425021064117,-0.32631632194369875,0.2966136399373933,-0.04727129932252827
-0.11414813439688336,-0.28789148072502757,0.03598817260457177,-0.255090450893146,-0.07862492008821557,0.18714289546624152,0.0853573508444932,0.20991605859143705,-0.19225798427675433,-0.050361890864356745,0.04482795930306935,-0.37231459711694526,0.2730996709268791,0.009415782647979999
-0.07064920499994398,-0.2044061004761688,-0.020009252288395698,-0.2807225498614106,-0.07780928174592534,0.14781334249526612,0.04661475396853309,0.19326059410772095,-0.22534825781945023,0.017333511357860272,0.00422783198889503,-0.35503935838495876,0.23690865143984535,0.0360007361411555
-0.0714467547142946,-0.24597972655486858,-0.09103568401716597,-0.2678690375124005,-0.1890426738837187,0.20504248176478104,0.08784880624632684,0.20645305056342858,-0.2405856493880685,-0.06968414180932649,0.027438583511343543,-0.3009483377177614,0.2762182263637083,-0.13854861706504215
-0.01600957229354797,-0.13186009887366562,-0.06563442056293263,-0.3184037786125999,-0.18896373841958752,0.21994982371182542,0.042457075623830394,0.20426580558953428,-0.240089246351049,0.07201191155043,0.007486656228530838,-0.3758214856895965,0.26738840070945324,-0.012135696705154698
-0.10955775223329499,-0.24408766754462252,-0.09994177526920897,-0.2893254764366092,-0.16504666664946016,0.18072997381434958,0.09406662399713173,0.3135548211399136,-0.17757887629535402,0.08709451498208097,-0.0369342550708656,-0.34456683396362103,0.27631382780789004,-0.045097411806632
-0.1327496061365607,-0.21276883808396238,-0.16323162188196627,-0.2865677820243225,-0.1533837686587767,0.13070580990472624,0.17748688303042684,0.1936265777998868,-0.1243884291720272,0.05207641366710434,0.1003550508130773,-0.38101732492739265,0.3303338038246734,-0.12553907119246852
0.01722643845109651,-0.08925414064131774,-0.15971136831988625,-0.33137499678687077,-0.1568646507297916,0.16322417812877457,0.15773935084073143,0.2564989733287238,-0.23794264587783054,-0.04603604798472743,0.01036207282313677,-0.38657835534464535,0.2602328821588659,0.10397867501220824
-0.09384107130488267,-0.23928617637898306,-0.13368511279616552,-0.329416919500119,-0.1702379522567811,0.25958857319071554,0.1496347819874721,0.2224015606498714,-0.18178984060353579,0.023488898100548546,0.016898177109725698,-0.37425321290689,0.20535128422111795,0.040290316577928385
-0.09577162922195508,-0.20469042748162772,-0.15204326035083193,-0.3092655724169124,-0.1361309939579928,0.17692749567301744,0.07895117723182918,0.2546747639067098,-0.1721040408913408,0.023378646452148162,0.03992645454626909,-0.3840085350966486,0.2766355937559934,0.05999147411222986
-0.08564957804054586,-0.21483070140223018,-0.09280331014299485,-0.33361779609807135,-0.15167170785047523,0.17046152551197466,0.10745083404926067,0.2556482593968622,-0.18016093991634127,0.06623569461076206,-0.01980681522405661,-0.3945280931636388,0.38244939604188183,-0.103112708373012
-0.11607802145735796,-0.1665367162564605,-0.09504078268109095,-0.2960591825645191,-0.10186410509360712,0.21876528175635493,0.09158046260716683,0.2852889210465155,-0.27151727523033703,0.0277143066327888,0.04346994456764502,-0.3557232173804403,0.343980823781215,-0.1274046949254004
-0.07834573709936456,-0.19536151620556563,-0.07459157378709111,-0.29250475145856486,-0.1168306878935356,0.20679322979229453,0.1325235512235522,0.2864441940017786,-0.1536729714717844,0.006092130256586704,0.09575655860719935,-0.3217628973417593,0.3341631504828021,-0.009543484764114396
-0.07417573135301853,-0.2655594966753913,0.03372697055599758,-0.3218633098699899,-0.11073445849269557,0.21533424371958432,0.12994170633435456,0.2986144408630645,-0.25964872016339696,0.048619950613235964,0.035390362677435734,-0.39709949878525097,0.3324831835260326,-0.13538090441141779
-0.07295117903613911,-0.2429301598129355,-0.057864691191137047,-0.2672112443749895,-0.12267592120330527,0.1925449446712668,0.13346312583642433,0.2691145633392193,-0.14201735808343313,0.06943638161247834,0.029161129304358324,-0.3554349368659329,0.30272436060529256,0.05992553209889085
-0.020727668148567184,-0.1947692075310491,-0.1085818494108247,-0.31487409525147486,-0.18826231595635917,0.18536840377622132,0.09618731540647577,0.2435559539899943,-0.24693820279103312,0.0733148930464147,-0.010343820603658977,-0.3920906677785487,0.3195620523129327,0.06476799918785905
-0.0023327300893105926,-0.25282660161629794,-0.12207150685313935,-0.2951795918162699,-0.18618984171718603,0.2529378730158629,0.044585373381949914,0.2584016821232364,-0.18741829329126175,0.03920092871731824,-0.010523374003700103,-0.3726299749385324,0.35016709143744207,-0.07041149709982308
-0.06602711955341882,-0.2374511105848676,0.002179193107762414,-0.30999400708193986,-0.15812331676038202,0.22637295258859855,0.03923665143926406,0.26874985469218504,-0.30396688556836604,-0.025148163013973934,0.061499073263004016,-0.4352841898035807,0.3930991067877374,-0.09566076745987762
-0.04234219266836224,-0.2686078702747925,-0.04673287064932325,-0.31647164582652215,-0.11077295867620073,0.18409842783413138,0.12732106679014024,0.2787626788439396,-0.2020432760126248,0.03403835648781306,0.02284550625503536,-0.4122280344907168,0.36424956612193776,-0.10877132679683035
-0.12429793184451851,-0.24303387892422876,-0.0057856938117530924,-0.3060678308607591,-0.17629420797050785,0.24495205345686263,0.07589684039967118,0.3057758003479506,-0.2763093425946224,-0.016982030022918797,0.06670324156293188,-0.37834184204473437,0.2641025715284755,0.17510699765634188
-0.17815157416215927,-0.2610116366880713,0.04976133241195907,-0.35715658205456224,-0.2289585858145719,0.1742481363509973,0.11110926089658996,0.31123926315488465,-0.24842114485726557,0.01191236939621507,-0.06816676668381677,-0.4021398032610538,0.2994502347848248,0.013171936239500078
-0.057254183783039043,-0.19040770414438207,0.02793450668451365,-0.31695201618302876,-0.14235230352521033,0.19568131542517825,0.03782582720032637,0.26823970125251295,-0.24576195571409876,0.00899808394444959,-0.09418909346802287,-0.43399253618097494,0.3742697397368508,-0.07147157481106262
-0.09875699463560102,-0.15011362990873933,-0.1385844730524535,-0.3282886399757734,-0.1534808700378452,0.20297800761736084,0.047200919519060386,0.28644219964356493,-0.2136292440946843,-0.04596985355794956,0.01531866846942715,-0.42382614901874976,0.3109822645094485,0.0522933025557386
-0.03522706590127958,-0.1770951562946085,-0.0028455873380578123,-0.3446338013266083,-0.23404744466224695,0.18594023277904198,0.11347726616138452,0.3262280663780813,-0.21133298068866352,-0.0650284007958593,0.0685292716409248,-0.43427993028490286,0.35778529642532425,0.08654704239066979
-0.11084566567381532,-0.27737153829565286,0.027457885461720653,-0.39095722229818186,-0.16647548738444082,0.22935190811108516,0.0637424024335904,0.25041106185802087,-0.2042292462990652,-0.06941284320196361,0.001710414798225242,-0.4238181693151526,0.29400609929850063,0.10976604672233804
-0.11147658829925439,-0.23367318292527098,-0.057047405911151816,-0.35553169638937254,-0.25897593319136986,0.25274105359136995,0.08435258259680242,0.263914643515774,-0.2694598137076614,0.031044103340788873,-0.04140298140677275,-0.45194171855078685,0.40728678728799456,0.08453220800917455
-0.04915417266801947,-0.23133978929622503,0.07490963936459452,-0.36261386885381924,-0.23640881137040526,0.22751765910360944,0.09299613791265522,0.2611476425156529,-0.22440698519665467,-0.06955932932576457,-0.002982558761959158,-0.4577452954395836,0.3576410133292556,-0.08479887348028436
-0.09348270014860287,-0.2686525389729834,-0.025159903641623616,-0.3837729627911562,-0.19540675978588964,0.19783508450568282,0.11541356996758512,0.2636853480861938,-0.2545598890516969,-0.057765166585110224,0.016945040332962784,-0.42291621876876145,0.3848745889214498,0.17025924305749893
-0.1423775083977484,-0.3158448324434528,-0.03429616810974718,-0.4011138629177592,-0.3005757011214482,0.2199040455565967,-0.0124203850923625,0.28259544237871137,-0.32251521617064155,-0.02365157931876716,-0.007120654865230491,-0.4679363270316113,0.39271569492767167,-0.07778911200270584
-0.10889044348432608,-0.355164786962853,-0.03245623333093423,-0.39565186317752393,-0.1989595824664254,0.22231463637239074,0.10015590688388891,0.3123115566243016,-0.26761798648466467,-0.10694131903365336,0.05597057221093658,-0.46633293283935995,0.3648824746899907,0.128336098744761
-0.11704179390652988,-0.25191419050572633,-0.12635153978182334,-0.40884283370597735,-0.2669402988883617,0.2835805395101209,0.0940343098912188,0.2973766292534272,-0.29386432207776503,0.04493170709247714,0.0297193960493673,-0.4333822315906116,0.43570777540855093,0.01629652908167273
-0.08643391816995026,-0.38551144208860005,-0.14938669921182782,-0.40308763115564367,-0.21551816273504523,0.22884739025211243,0.10003947292782375,0.30144965547260644,-0.24827924227352982,-0.02907410767877895,0.12887334492920752,-0.3975889221871585,0.31137107863038677,-0.052114137189891684
-0.13268305330039365,-0.13736212853672275,-0.07073339440474256,-0.40125835001218046,-0.2296042113169913,0.22734399988426524,0.08246539340304986,0.2617626620091836,-0.24389403621521397,-0.05652043307031504,0.013384217026542678,-0.48325392591511207,0.3937167236508285,0.02727905751984761
-0.032205869429062645,-0.28206746388039533,-0.0519071500727337,-0.40781559938881273,-0.1806437089130438,0.24383696884118214,0.1354845482348124,0.3165578961198864,-0.30493740659710084,0.00206254530206496,0.05382781234316165,-0.44031655023128624,0.3668490428390035,0.11848671819646785
-0.14443851787060355,-0.2935093413394812,-0.014154831766634873,-0.4105223434830017,-0.2408050538572566,0.2776502844196074,0.08923577981565965,0.28640253275953675,-0.2833509752414023,-0.04837771505575247,0.030788486820809726,-0.4703242913890148,0.41424158559362745,0.01875265095482028
-0.022945034057808567,-0.20753648672797206,-0.007978943328142724,-0.433526727822831,-0.27960449777363794,0.28262273001095367,0.1118299641883527,0.3835206392869532,-0.2680003552607501,0.03416139201119946,0.0856679138288696,-0.4782902045054842,0.43644574886797927,0.00775132318494875
-0.06887575299691968,-0.27949761805494855,-0.10173090613734956,-0.40602153913548183,-0.25575858261586065,0.2594890316274831,0.07475665790816598,0.3836777784147637,-0.27205916800987207,-0.031551895205753765,0.07284452632768999,-0.4600334673739518,0.3410285530592682,-0.09842410057859945
-0.1785206269370562,-0.2576850400435145,-0.06704421919664233,-0.3691426868874521,-0.20548144466010487,0.28081352353017747,0.10453604212483533,0.37398839403645584,-0.3045937802924703,-0.073969881712593,0.04417229161439302,-0.4371053424437505,0.4498728086593868,-0.004291663187971108
-0.06648346896584538,-0.26227227616016063,-0.0439757897465475,-0.42382990876168486,-0.24908996388434937,0.2729646353781515,0.12620296539623577,0.3872682072660201,-0.29858631854417056,-0.03976192713477877,0.1482368715903618,-0.439720286144409,0.47778915118112614,-0.1502472964809054
-0.10661429402335426,-0.23321391950123455,-0.21558365878076674,-0.4026470230672665,-0.23313887726688765,0.29652912852936736,0.12119360881376703,0.38395611643996375,-0.2719240368729164,-0.024992630799469683,-0.001480645810414841,-0.49202028991664076,0.4295492660165342,-0.08216892507103742
-0.1362665229382809,-0.2109065392081724,-0.010103087499281023,-0.4136347030312298,-0.25126152041152205,0.3036764527780762,0.14399836079796,0.4181142735022668,-0.3087501714567419,0.024761441613231433,0.022572197465914837,-0.47884534461900957,0.37809211168224405,-0.07098300526431163
-0.01127902544195232,-0.25553078022462183,-0.05825984629220603,-0.4467975153394666,-0.27982793300201114,0.24048504179122396,0.11392634807313044,0.4524442356533671,-0.24908620533592593,-0.02769484460048811,-0.01719498817425773,-0.47319981775860737,0.4211932921178983,0.022037471052827075
-0.022137124871864006,-0.23468538798029287,-0.0455580029405374,-0.415872003093461,-0.18963696335174252,0.3453699955671621,0.11596099336432299,0.37771024028833683,-0.33051619870653237,-0.06836954964701811,0.10093050249760548,-0.5063399414177453,0.5076635627523406,0.13961516043806904
-0.097284078236632,-0.33574458700775306,0.07026481579526507,-0.42255462823889567,-0.2151827301686158,0.2600513460028363,0.1618623658453303,0.33474333910190956,-0.29959702212774086,0.019867013624689636,0.1017483460001676,-0.48212696021970364,0.5132031176864866,0.20866021041290794
-0.1759803136359819,-0.18650499409828353,-0.08085759369118858,-0.4302559080210368,-0.26053617891061126,0.2894804020482938,0.2037250375803594,0.3641015366112918,-0.2694872623818219,-0.11248563032822262,0.06602766933428686,-0.4895078584948905,0.4256492002912355,-0.057030814971006684
-0.07690049713104974,-0.22710770417214773,-0.09941089452499,-0.4183113047637858,-0.2850864668363828,0.2537660636473714,0.09064017271791154,0.3266586240477252,-0.3605586560203622,0.0036355458471225926,0.01016149944257011,-0.5067343306906635,0.46250469361470864,0.048862051011331245
-0.043030016605641395,-0.23205279899535047,0.03551799563583765,-0.4082324859187614,-0.189100172283693,0.33259442093756925,0.17183917912684632,0.36284830153137,-0.29735800361834064,0.015098960227372187,0.0648796173121182,-0.5017159063528093,0.454812028393155,0.11418431908246116
-0.11312574085303401,-0.27924794430015243,-0.07566063718567838,-0.42083085153910044,-0.2454947252222476,0.34298074185636873,0.11193391444346783,0.40199785351689543,-0.26687503590949774,-0.023968405687514065,0.031246106336112172,-0.4880739386444019,0.45193243620676765,-0.01904969757156917
-0.086310247475044,-0.28716766753120865,-0.003320495107554729,-0.4364336482009934,-0.2031609071525503,0.34709636871469024,0.21280276500080011,0.42186999957966065,-0.28938593662254986,-0.0022774605729952895,0.07557735818075964,-0.5000465729819276,0.4198153907075862,0.08505876669715734
-0.01741230534744034,-0.2573526505258099,-0.025412735471035387,-0.4151741244789,-0.21889027867993302,0.33836849291756893,0.11970416736602504,0.3279956667997603,-0.3379681722619188,0.05210945812154093,0.09030797761344884,-0.5028545485959323,0.4075686533394246,0.21584677163056043
-0.07861376949274099,-0.3207402058022652,-0.14181497542316177,-0.4175093847512435,-0.21366376635985307,0.3508359955992937,0.18589283121251793,0.3419517017967897,-0.34578320138688373,0.047445401296669285,0.026425496779739554,-0.49715287701461164,0.4686123124474949,0.07195315803514729
-0.06996113135065603,-0.31835544770950747,0.1114499123254808,-0.430661096691358,-0.15857174122300918,0.30043061623162215,0.13677697954609194,0.33504601362972253,-0.2996891373251701,0.05198974651036234,0.07758731180261669,-0.5060590633554666,0.4553829156538296,-0.009275579405749598
-0.01954059406620587,-0.32017157064412655,-0.10492303894031334,-0.42749130308228656,-0.1804465255123308,0.25959685021012974,0.12133200905655549,0.3277357035986561,-0.3369766958641436,0.06069604827889842,0.13170355295135439,-0.42972000179107234,0.48701588491906994,-0.031544408059371844
-0.12272947661261017,-0.3536711667044789,0.01308065919410979,-0.39084452402870723,-0.22184658699436385,0.27503985495982675,0.13157277107472587,0.3787089013444678,-0.33567369910551537,0.07466392227664184,0.0329475930438037,-0.5357350329948136,0.4407358222211568,0.09682381769162512
-0.1375567939486806,-0.35220905288336607,0.05725275778140251,-0.450936676726768,-0.22634778610189724,0.3098407213697233,0.08046433363681206,0.35224612312890696,-0.32881312640383786,0.05947982362980702,0.07358787818415823,-0.4936398413222912,0.4461268137847038,-0.018634728608960982
-0.06852659590167731,-0.3350515129492758,-0.12499825506456004,-0.4259667517739367,-0.17934068101345396,0.2494342422881157,0.15702105941263753,0.4109312774285944,-0.2832336346902742,-0.009580362127085818,0.09348125744203029,-0.4700426348883119,0.4850190183898313,0.0285911768156135
-0.0640162812482956,-0.2162336321470141,0.13882417445164322,-0.4196750195014416,-0.12442552370593167,0.19834867069286197,0.1907398084233773,0.4576689711630162,-0.3358866960692316,0.044256375875173046,0.16313313855890024,-0.46867800199738924,0.508238217490251,0.1745449754294189
-0.09653153543600188,-0.3163037349216809,0.033855344746259716,-0.4057459805531078,-0.20022162647584751,0.2997222311162946,0.13818626978310183,0.38183359647183607,-0.34973039924589044,0.006037642177415426,0.07069483118780767,-0.47745190908141233,0.43820724805574396,0.05408408009542065
-0.07953033329665087,-0.40088328083790276,-0.09470044859073018,-0.43969492327413207,-0.24698930452294732,0.27376067538865345,0.14491325455876475,0.3613155665958734,-0.30202891835343476,0.04204735578476878,0.06605420972217234,-0.46589499260359724,0.4075149951921691,0.1249635652534336
-0.08562163762429602,-0.2715935708760275,-0.21490707663869252,-0.43133061822795504,-0.1978720782016734,0.3106836036493533,0.14520782202584084,0.34621495486953935,-0.28274234339346155,0.07978890556646695,0.08397913473350871,-0.5189197580656332,0.4793215454166854,0.09868770805005823
-0.07401481842167032,-0.2813025096001828,-0.09455015857726733,-0.43285736912464906,-0.24028769934981298,0.29410408221953765,0.1634677075476306,0.4219128641909634,-0.3354452905961806,-0.06605266728641217,0.12468582253898908,-0.5042017927525342,0.4890840695123647,-0.022722725740134328
-0.14601826206491503,-0.3243876644559132,-0.12844838475126139,-0.39610616175107266,-0.20381683930968833,0.29643708235163124,0.17552099743767335,0.3504542318198928,-0.3435583417858813,0.013366627577871274,0.1573949281900548,-0.4984498728397693,0.5431023155032026,0.13227594749302202
-0.018920074642753575,-0.35980757237882555,-0.0953324419829584,-0.42479394250291463,-0.18107778403789987,0.28134816692365644,0.20405239063208397,0.3390914960055459,-0.3192969104144697,-0.004008982344387646,0.06083243389560226,-0.5184863078700849,0.5008413229993821,-0.10150757199656871
-0.026918088901395267,-0.31562593764869334,0.07267204945378737,-0.4349712664428017,-0.23573191487979153,0.37364634537441604,0.08769518684402115,0.3690498337165749,-0.34359000667386563,0.03449720968053429,0.10628214260486199,-0.5054514735160532,0.5321283123692024,0.0550920569011474
-0.06544201556508927,-0.2313039105065729,-0.004466563279394546,-0.4088107830933104,-0.18946210981464304,0.3088620997857877,0.13598923471264912,0.30889311800561126,-0.2981771758207525,-0.006681414759636303,0.054365109200729005,-0.5001959928274776,0.44302046939831824,-0.049902240009290305
-0.1136623641631059,-0.30890349090291186,0.056567037553205156,-0.40637789220076054,-0.20307215556008482,0.35244988190661114,0.12996359398748097,0.4155868857504367,-0.3691005586530633,-0.04868540165829028,0.1460679116510227,-0.4963176568650092,0.4848892332483865,0.054122726098982984
-0.09650132978357125,-0.37502633632970395,-0.02170775216248109,-0.40066301504388313,-0.22310108952725197,0.341531207714759,0.16617685802669488,0.379456702377337,-0.3640890077301535,-0.009568699472072837,0.11111976267866694,-0.45200943514543435,0.5734552671989087,0.09457594511805303
-0.10125627578609596,-0.3640858729733239,-0.06011793679756185,-0.4270861693931134,-0.27040013541028063,0.3346508289453604,0.2020110657071633,0.36710072133739996,-0.3409453071924475,0.02893978469753445,0.07506437685449494,-0.5088035666988824,0.5494103222909132,0.051585769948213206
-0.08169252882409397,-0.30119083983547007,0.015181425978353369,-0.4366533863426864,-0.22203402509459558,0.28641007763287457,0.13157559994021675,0.36925042069021163,-0.3373463788581987,-0.039056976087590366,0.07499675488682651,-0.523490050814366,0.481281803859661,0.003624984347457353
-0.08538576384299217,-0.38082708534449616,0.03183470860147706,-0.4035237300119328,-0.22818691774107108,0.36527533536321594,0.20909677512991348,0.37764092144542116,-0.40150172100887505,-0.01320876693603375,0.06453689351561707,-0.5125201702381007,0.4835481595840022,0.015327626283047504
-0.030468290631880526,-0.32614139904937023,0.04759424198165123,-0.4209913447402629,-0.17488667735966945,0.3379720638895293,0.1453690332590248,0.38069311918221516,-0.3009830346480239,-0.09017484849010461,0.08551542708528632,-0.5030717108378083,0.4741808083772397,0.17522435940722383
-0.0737936404862809,-0.3637983541187918,0.01258118298969544,-0.4074893439611311,-0.24127614100246064,0.2566804288754723,0.2070653578822656,0.3698032825946042,-0.34396681502047266,-0.10535313628004667,0.09665926443698254,-0.5200891652474698,0.45116379265882056,0.09403905809036717
-0.019552204901042706,-0.3441399366796827,-0.005727792073456905,-0.42521615086383346,-0.20682765621088495,0.3724948758100046,0.1718499863433629,0.3646098808175664,-0.3515470995668811,-0.031167295069661757,0.07783155687634677,-0.4993752918749279,0.47321963696495745,0.062439115685325605
-0.05357460055983952,-0.32426653458786486,0.12987470168385226,-0.4488270186618187,-0.19138296471828428,0.31836700672155255,0.12927284034741354,0.3671403570485925,-0.3313278397629786,-0.040240728479371116,0.005196012535613524,-0.5207029035997052,0.5091649311587855,0.1856176060030805
-0.06815255885972897,-0.39632494655380035,-0.10517294168271185,-0.4458618069554296,-0.20712589521334063,0.3243421077408587,0.18590601766036902,0.37119608987606156,-0.3986526112766614,-0.08024055719026653,0.2035193322536303,-0.5003000478088105,0.4756451435195956,0.10695595855890777
0.0010991578499810965,-0.41021451839291545,0.10885138261505399,-0.4317007490409267,-0.24659715468042892,0.3395649239418792,0.21580590688927,0.39280458749562025,-0.38756519218377583,0.018301026374586984,0.26269912167245996,-0.5664303016170142,0.570366278328438,0.1842624990835362
-0.0034458043369366173,-0.34512751288349924,-0.004543227505956199,-0.49828125880331037,-0.2205404362347573,0.21949051105382214,0.1257279940881152,0.3707888912135057,-0.4220842882796333,-0.05751758581193213,0.003237458122374596,-0.5197816765907449,0.4465078204373249,0.16030913767435254
-0.11739331133597294,-0.4210752802664947,0.04297056690291914,-0.466718303897726,-0.22688304165108036,0.3407282738055268,0.1401588189882414,0.38278994575942843,-0.3455901555149642,-0.025066871016221265,0.1542556564390037,-0.5600315640387059,0.5895789687177883,0.03681882487791762
-0.13848513923626568,-0.375020850806992,0.005111890289667336,-0.42858994617229457,-0.16675944909244317,0.37695640331868174,0.13349898072851693,0.42838086461982555,-0.38049134608970653,-0.02523580844749537,0.13444179614589646,-0.5319642965516217,0.42367284726566357,0.17635280411393428
-0.01045729100136316,-0.3868828242428478,0.028209161653758072,-0.4759804493229227,-0.22853870202967466,0.26693989296988163,0.21334416139035203,0.4503080227945438,-0.34138842389904595,-0.011378183642990874,0.23803863008372486,-0.5327246928125279,0.5029626594787395,0.2886584601050424
-0.07467738756441475,-0.3408856748353124,-0.07538062882788771,-0.4931179919767577,-0.25543847051180824,0.24919739204820676,0.14157548283833443,0.41994863568711405,-0.3503285683560942,0.005160910025076874,0.18098995707955992,-0.5340199475494278,0.5408189698598416,-0.0019051794597609128
-0.10197516314838875,-0.3181566666940847,0.02632157221742211,-0.479929292106492,-0.23950766078333566,0.2892396189405338,0.16987028893643266,0.39955862987650365,-0.31901204739435707,0.03262784577696676,0.18802553347836518,-0.5555394086881444,0.46095119193936646,-0.007123890033299996
-0.06387029827806977,-0.3509876941260158,0.05322894406522241,-0.45620692073895475,-0.25341539938196744,0.3256441621767232,0.14080300312221575,0.42449477728792623,-0.30229129216992584,-0.005523903849668493,0.1501371443774541,-0.5503212423334567,0.5222760891540725,0.08993610839454096
-0.05624903201510786,-0.3184255408484856,0.151039502363934,-0.4349573511105795,-0.2676836980913956,0.25954125469469486,0.1558609611481433,0.3517347902960503,-0.3638956781261009,-0.13358925022310544,0.20398660371585278,-0.5310327582109262,0.442247088395709,0.0893202816480777
-0.10541999208022314,-0.3507716008672152,0.09232203158289137,-0.46114010687733664,-0.21799493857780797,0.3498183783914447,0.13572375402772258,0.3648801267440613,-0.4090399366823858,-0.060134390800134545,0.2148020452640386,-0.5461080290192217,0.4454783499361369,0.07584102264213842
-0.09158172931320091,-0.29448815343283014,0.09667527419549327,-0.4971569413051134,-0.2723394622286004,0.30518364205476,0.14636598073259113,0.381738554122855,-0.3016112615457732,-0.0710362202136202,0.10123606518428747,-0.5301695964607843,0.4469709260537069,-0.007075867054445307
-0.16896012950610012,-0.3327230242966585,-0.031976148920864984,-0.4631122770231641,-0.18306306343915946,0.3048247462470266,0.1372260084458473,0.3892725116498037,-0.4273965367252171,-0.07739583349210523,0.13355315543245366,-0.5336697633448998,0.49385570238901694,0.07359103568327176
-0.05087810564464623,-0.40086351806704934,-0.026082166529961984,-0.4787221709270895,-0.29096041522242205,0.3485763126785022,0.16519422357099223,0.43830851382533115,-0.4179331792882393,-0.0953053291741789,0.17232216450953725,-0.5479713512936063,0.4675281560405318,0.07104016116422834
-0.09636695317186492,-0.3367682068001338,0.13433253006599621,-0.5036284550086118,-0.3016427206249112,0.36011481172103943,0.14530545774685674,0.35092429806029707,-0.40816875933675134,-0.12287018587381827,0.11305106463702681,-0.5578456737121794,0.463443857539948,0.12438542907343747
-0.06944770419015406,-0.43366360028275397,0.14977777608527204,-0.45963510256061,-0.2624591327729568,0.3443807221284466,0.15367136343248694,0.4005252667588984,-0.433278656311149,-0.04188857113911552,0.13932184072179774,-0.5334598394961939,0.47557625692441086,0.03374788944157344
-0.05984058519664567,-0.3912078805451448,0.09074542985657263,-0.5022125173848422,-0.2244913303628593,0.2459266761305353,0.18609928158026978,0.4633034621355964,-0.4374543431646154,-0.061914883301500384,0.23783867216123425,-0.5246479663560505,0.49217953825147087,0.11642632994873435
-0.036656843509018926,-0.43883507988142006,0.040479176443248825,-0.46551897534808384,-0.31239330625341255,0.3745407815284598,0.14501201581446146,0.464189221179163,-0.4198683032492369,-0.08207524670007692,0.11106263757797405,-0.5811894894710434,0.5145332071360812,0.015335421716502222
-0.08767519346336475,-0.3921306222325705,-0.03634814072174276,-0.5147822477090807,-0.35396616457500696,0.3830795783246627,0.20000273771666013,0.505890517744156,-0.3935857435477321,-0.12016094891654547,0.10028007456564028,-0.5727563277810108,0.5457376321179017,-0.05268819110572656
-0.09389966205634231,-0.43369442350398874,-0.07879588939683362,-0.4769376517637903,-0.30080849485107203,0.37044403983325386,0.15739470567202288,0.47694922225134156,-0.338201223870971,-0.08575746383032051,0.18220652240274485,-0.591090025680301,0.6102907216626926,0.10683880576100828
-0.13754831809788887,-0.37657835474669504,-0.040942583294716665,-0.4924625932126695,-0.320683836919614,0.3164502509803627,0.18592653842731535,0.4010237960850204,-0.4366270726464465,-0.030891056785593778,0.20892144367086882,-0.565342323989534,0.5473006920611772,0.12431082660448312
-0.14382970864444514,-0.4131403169940801,0.20504499053058134,-0.4934193558999548,-0.31855753362552186,0.3264198204301334,0.16444412236460867,0.4238824998057299,-0.37891558508918544,0.049157344434544,0.2269100062768898,-0.5684835303160801,0.516845450786424,0.24470090225975163
-0.1127272921316041,-0.3202759393568863,0.05709224551347187,-0.5037790027669556,-0.27690940106283124,0.24718327735660323,0.13851003046012209,0.4183486066790762,-0.2811330092911196,-0.010523885820457619,0.23533601852795197,-0.5653551875084807,0.546675238863258,0.09755967769673236
-0.229995844241943,-0.32281821398585825,-0.008445532385130367,-0.4574152910258869,-0.35771904159334317,0.33158243215640903,0.11031112160287655,0.41287651615174403,-0.34217972709431704,-0.09451675265561248,0.2737140893149612,-0.5881841805715181,0.5296036591862597,0.16491283874819423
-0.0968461658400535,-0.2932468097207071,0.08865545718360596,-0.4835801635368685,-0.24949868105210843,0.3717354890258997,0.12753190168027967,0.41847516903867105,-0.31852889291017683,-0.017087823175037167,0.2007848184916138,-0.5486648439366265,0.5282015967610869,0.1258933985954982
-0.18772067472822143,-0.3816608902012996,-0.0035624001377330145,-0.4918968637101719,-0.3354428297923805,0.33311469042712916,0.08012776795521491,0.3676476051257237,-0.3869953611943785,-0.00044855663314040644,0.27241232371987506,-0.5840346596564084,0.47745671792889,0.15201701983996388
-0.1761971461250721,-0.2252469161940178,0.06796391633748063,-0.4800721339174156,-0.3193001897653699,0.31889487919741877,0.06561406881418151,0.2833153723842781,-0.3745117494824026,-0.08814303003909503,0.05984813891108563,-0.5422047246099196,0.48010525978444213,0.11569963076151596
-0.122878354751054,-0.31180847165844533,0.12507722841541163,-0.5127625873667135,-0.30474663062979934,0.26710851557841736,0.10137617394075771,0.412205968725616,-0.4255679535155112,-0.0970379105297722,0.2407135214756496,-0.5668436439411588,0.46645286363843785,0.16730050823622927
-0.16912450299165976,-0.32219186335652056,0.029665594488360206,-0.4582110670752051,-0.23263514138903155,0.3164061252413995,0.10003759767741932,0.33272112219486055,-0.3958146907420505,0.006993745978432747,0.16635535116119757,-0.5260772578909902,0.4537356856842828,0.2179383677139635
-0.10951924500581293,-0.4398658492657321,0.024009307274414655,-0.462783828455301,-0.2164064869536978,0.2832953865745976,0.16915292611831323,0.37128640709465305,-0.40759538123130046,-0.037649129666057934,0.11322550638983007,-0.5400550647572604,0.44899872337463875,0.2931362234506291
-0.13317519325521646,-0.3736996428449323,0.09797256514367146,-0.48866356131705513,-0.29121934887205947,0.33170109136757103,0.19712391836454393,0.42764427911519437,-0.43680205418103757,0.01316529785771053,0.07460397904717872,-0.535528589930268,0.46933011396182034,0.2103427000600972
-0.11237412801371928,-0.3907043354092114,-0.03483792051711484,-0.5105731348309775,-0.27174025604476837,0.24983342395821614,0.10476866782764813,0.4428056437970464,-0.3916502739059905,-0.017593144848813146,0.25212848608924215,-0.5534915560454835,0.48929758781634225,0.3186826826412842
-0.07142040777797008,-0.29039372991375995,-0.0757368924009619,-0.4773596542378031,-0.2105229234367862,0.3232909053316686,0.18571712019445308,0.3983024422204615,-0.4876778482187126,0.0521909307440886,0.07758696322088414,-0.5072314198744582,0.5080024823972518,0.22564878324898271
-0.11918267688874602,-0.3737696398239467,-0.0472204509753026,-0.44874410514620555,-0.1648939536681882,0.31544149684229994,0.23052032461358696,0.45093567258220646,-0.4134347790408144,-0.025017273656194848,0.2315650933904409,-0.5549826501674029,0.4755681658761502,0.12383160463618224
-0.11827303873657291,-0.4506648284912477,0.016808831566552246,-0.4844610633065455,-0.20994613018264177,0.2820862680253358,0.22250860643129375,0.44086395559919317,-0.3906806750160869,0.06858112674402721,0.2860487758300969,-0.5584049473387412,0.5228015759964543,0.18423755371566786
-0.1140285109038721,-0.39634839668880023,0.06728866954054617,-0.4964767219225742,-0.2673212915750142,0.41936183642561725,0.147926465236888,0.5782496333591169,-0.4028654631132607,-0.03316149884143568,0.08110712140699987,-0.5285268324413437,0.4728015994519797,0.10117751896680394
-0.1440944588145027,-0.4100146518563507,0.012421506106622984,-0.46174768750590656,-0.2176427598464437,0.4008270964976068,0.24217052297077946,0.5163944624522185,-0.344689103832804,0.03137827889672792,0.2863037558566303,-0.554219915732645,0.6385347421662722,0.2686290886905831
-0.08267278646426139,-0.34794978393139775,0.02934939033507524,-0.47315129208862344,-0.28386490725775965,0.3705932883438899,0.23098321063449145,0.5835135450721457,-0.34375931538306576,0.06874513634547637,0.31285049557724137,-0.5360832804117465,0.5241894821430125,0.2095957085937133
-0.0648507197876999,-0.34381001840290154,0.08127947993343472,-0.47595837721206324,-0.2363976645759933,0.3706064152297871,0.2615459838286111,0.44756886606366564,-0.29799012014456094,0.06722946713292241,0.31005864514383374,-0.5332192148886746,0.5463195372424152,0.15226237671463527
-0.07251409380274819,-0.29615168905133116,0.28542325641619554,-0.477504396109786,-0.2623095013803411,0.3470719438479291,0.21746690360694804,0.5254342601599553,-0.31563903172598323,0.1386803243123591,0.417252596305627,-0.5325672524964494,0.6419966643530312,0.09260440579054761
-0.08400311516097561,-0.30386853114743406,0.2169910690682412,-0.446538452158986,-0.2932254272730218,0.2846135945786202,0.17831954295965813,0.4815498800041243,-0.2500828621749607,0.06378061653716852,0.277177256888211,-0.49160452836846313,0.6330292475359175,0.08609634595661438
-0.08408445998918548,-0.35046127344735195,0.1434479044028996,-0.43858806862796973,-0.23170336195116661,0.34468013787263374,0.20967748703295952,0.5342234389484004,-0.26263716678165294,0.060756534999802984,0.31496882729381176,-0.5090040599200877,0.5888943841429722,0.029741556602351334
-0.11053143792700267,-0.3580521667985897,0.15547634361477478,-0.41667312181187594,-0.30512800658727174,0.41154533652946423,0.17976573772022253,0.45918805855093736,-0.2818860876792046,-0.002539946736136254,0.2512747049899499,-0.5088573237954641,0.5875186799243083,0.2178795785118912
-0.12678727348485952,-0.4437124954010563,0.037262370578073745,-0.41100649162977565,-0.24996497444205273,0.32839383967474683,0.08637014005936287,0.3961315180927158,-0.3899495878199136,0.07783533548827383,0.24366043232247894,-0.5130098099965733,0.545450916210396,0.1889488679394185
-0.16051363443205274,-0.3185856490066023,0.265534875959559,-0.4180581495622307,-0.2670894844606906,0.3409110089922679,0.22409002960244137,0.43688862795095135,-0.3611732355005364,0.0939121844819335,0.29086411602281664,-0.5527197837675075,0.5821152009654158,0.3254234076261325
-0.08095460017375067,-0.31680985753842494,0.05473369579952097,-0.40566594490819313,-0.2559366130285282,0.34173466468761404,0.10123832388761234,0.48470373967471403,-0.3043032322552994,-0.0477991868493394,0.22036816651037008,-0.4944453513445526,0.5686129281588227,0.12676769941603755
-0.19388556621823644,-0.379228134624682,0.29910174266860584,-0.4008736002726204,-0.2233520926898872,0.3473060466832873,0.17205377140725722,0.45467011261344425,-0.3632117227092545,0.00022186674763955528,0.19829587197239143,-0.4904726637130596,0.4650201901922875,0.22588482386668812
-0.17341929821837349,-0.4495903875183435,0.04792375654883846,-0.4108671290495797,-0.23455193601646593,0.3131218475740408,0.15060942760183627,0.3612676971946445,-0.38532419645962207,-0.005703406517653048,0.27161845895270287,-0.4924080008292775,0.4233634840787405,0.2773277500461226
-0.03855535134690972,-0.2679699012531327,0.02501975137063774,-0.3625879176039921,-0.18854218197391917,0.33880612810085753,0.14444905126280352,0.37567345529305424,-0.37660368613645673,-0.012704654114861215,0.10156552876499103,-0.49117188912233417,0.47801671123070916,-0.006483830962660547
-0.07890540529332361,-0.338278190011255,0.14107298421009393,-0.3839663919144033,-0.18177885229377405,0.36344019703174435,0.09087881345518299,0.40146510540973535,-0.4003819207502001,-0.07117383467752392,0.17896142340863255,-0.4883014531624696,0.5225266417688297,0.17467341916944545
-0.11340300695367163,-0.3376850632346715,-0.02005117327848779,-0.4062691004790949,-0.15805968985114827,0.33980880046924483,0.2065865068844723,0.4523155753262395,-0.3787825100949976,0.034490969367577694,0.13209527258173584,-0.5044486383156297,0.5223885455916151,0.5054298176360587
-0.0895996872463509,-0.4340091314214024,0.10531706640167564,-0.3820897302613037,-0.21280344146047434,0.3719867790811573,0.172939579775114,0.4665131002180196,-0.3738752518152397,-0.05265406152806881,0.14152950976228587,-0.4653814330012505,0.4084781960476388,0.30130003598923993
-0.16447765441517034,-0.25591593900677406,0.1803073857391667,-0.3713962970331509,-0.1974016264577256,0.3004947737855791,0.13226318069266452,0.3743639366372088,-0.3256682585507351,-0.042671016256165845,0.2080608178385656,-0.49178489948556975,0.4378937573685935,0.1431389085945649
-0.038107101737619026,-0.40710105253194484,-0.04196385070797866,-0.37786558192205694,-0.17618213500646884,0.2975298420794135,0.13418626653643617,0.37963487379702887,-0.35606518825879707,0.052320555688162226,0.32925521895704707,-0.46264583652602254,0.39143585037811923,0.44441279107126846
-0.13429850859486805,-0.45668532395539907,0.11569920999020855,-0.4070436828833437,-0.21973089114225952,0.2634763185980453,0.1029375461987054,0.45368850515352405,-0.313606322484901,0.03685532478709309,0.2766066981688183,-0.49891617263599924,0.45337840425290876,0.3004624699765598
-0.028072552234381393,-0.3968187852603845,0.1480050022116652,-0.40740144906523573,-0.2405979609726359,0.37127722653654943,0.11158615009427245,0.40566554742014266,-0.28645248510178234,0.0489857943680127,0.360260106760773,-0.4817364666809706,0.5071952740436378,0.10344630671537519
-0.06359227739343921,-0.4315874483596166,0.06973354128401757,-0.4213297345339339,-0.1987462686086442,0.3145495634010827,0.10781515138033622,0.4492082659598179,-0.21320487571432659,0.06215673407690037,0.3857795531654618,-0.4938903642303426,0.42112287565064493,0.0662215561219957
-0.059837285557772055,-0.4579487877817656,-0.02255404457831291,-0.3961312663360373,-0.23630539945283965,0.27470752354563005,0.0966559983823328,0.408560545850601,-0.2261217845315718,0.06213929612657007,0.2651412725137836,-0.4727137645480217,0.42159073561409277,0.3024556562791554
-0.14143672003728125,-0.3393168396810955,0.1516231277624213,-0.3928300652822211,-0.24704441663754978,0.25833547152379677,0.09401976750712514,0.40347597392359075,-0.12281901676515275,0.13999973403458082,0.3222387883217999,-0.4622855532551327,0.4240269697741189,0.22391380674435146
-0.07113578616980122,-0.24253577554853778,0.11688450600658828,-0.3576118833077379,-0.252731556498312,0.28566561018862446,0.14731307977824343,0.3851426150445817,-0.17276516799357924,-0.03217187958659065,0.30016591763377154,-0.45991357425436513,0.4256151499228432,0.04855691728456409
-0.1611286264031652,-0.3203168780492215,-0.020235057235808547,-0.3674381502595031,-0.3135158146882509,0.27202465378491086,0.1369262551619333,0.35352272977644456,-0.29132966589082626,0.005629755343923838,0.29416740920188383,-0.48116115119683,0.45764327101301483,0.17963882738856296
-0.19366804315337643,-0.2703108917139164,-0.09633405923475898,-0.3585735959321908,-0.14852990913174854,0.21727220423403018,0.09505105750719905,0.3551823810813649,-0.23504271806116683,0.06234446566088432,0.21254381031478087,-0.458397369742488,0.37266732135343267,0.042866979268736206
-0.11240344136351182,-0.31145495821230207,0.040482042256022144,-0.37621480554026165,-0.2674699858229829,0.1971525614511179,0.0663712189990579,0.33792169422786805,-0.24869756325283066,0.019377339124525172,0.27069159506170376,-0.4247051804259641,0.3617581858246858,0.010552097973172981
-0.11867143041888437,-0.27892966034850636,0.041512786290586245,-0.32521931201421916,-0.20451855487299608,0.22073640897810112,0.12208069552309918,0.28879379522091103,-0.2830078497196402,0.05297053997464571,0.29599052050241415,-0.396313348690964,0.2987973135241714,0.02766388489594778
-0.08425072644944698,-0.2326932307622369,0.07037751736059161,-0.3236973809775407,-0.2519506359515881,0.17903682770760326,0.1153830935071456,0.33343203693458195,-0.28790022473681187,0.022236205894363915,0.2730993034444945,-0.41542583520767495,0.3888731627440774,0.16169190708532288
-0.18564389937608752,-0.2785422202806362,0.10708905971480295,-0.30958158396920366,-0.24989462946337787,0.22719990170384277,0.09546915417009674,0.3065147365596588,-0.26980108484242554,-0.04547447562934485,0.2529629324158364,-0.4062575113432652,0.3895839360464913,0.16006049438804512
-0.09510720939829506,-0.2041620896548312,0.06777721158302227,-0.2798807047082823,-0.20428158083863118,0.23020348508710212,0.13090401930097378,0.33648779098379117,-0.3542600446497355,-0.02172512700301261,0.13171137744674202,-0.39097424985141743,0.40313416479085384,-0.04550809007787806
-0.07590015007380412,-0.2658000864752008,0.20128865429381276,-0.28692999128679614,-0.15806916553630052,0.22668298900459938,0.17853802196670784,0.31487042375318675,-0.30873699587742764,0.055907538854426495,0.17169768359531415,-0.3834990253418579,0.3318232193419254,0.01051964264529826
-0.12289643629356518,-0.2747953653314014,0.18151479843714644,-0.2731668212999978,-0.17858750493233103,0.2294799249370456,0.16468779087293706,0.2988976107787276,-0.32022716428308035,-0.0037320917813654965,0.21020828204848502,-0.3830167520575772,0.3193520514564099,0.05204643981324972
-0.07868428939647677,-0.3890926857583575,-0.03134933759316072,-0.2652292442268091,-0.21639945668291533,0.2644894219979125,0.12954698237579704,0.3607758047754678,-0.31410238951249414,0.05754046648866055,0.2702816489513751,-0.4142724982468888,0.39084727608310543,0.1256030610236141
-0.1033561883796285,-0.22172484061414716,0.13395070381736826,-0.23599537079834992,-0.13334663328631458,0.20458960916337893,0.14455633433183962,0.34145545664172183,-0.2091334129574599,0.0052847325728993125,0.3218212214455927,-0.37191389878269315,0.4222934315295505,0.04083696257876826
-0.06479104156753329,-0.3262544780001755,0.14671938322013786,-0.23545701638126632,-0.18354382673693984,0.27733910678520063,0.19081590476428067,0.3725982509422911,-0.23801270809332978,0.023189739615246046,0.3080915334487533,-0.3621899447729312,0.34896699086080973,0.0056275826341984905
-0.06037966282891878,-0.24927352342082393,-0.038669480335099926,-0.25189136375073756,-0.16791905844608493,0.2293790853870619,0.17957654978193788,0.43067429833606785,-0.19076749675314814,0.021945653108752346,0.142805145221653,-0.33059147432720826,0.37702615778572696,-0.16645981432406617
-0.12188939239312419,-0.26541534117245386,0.14322029219756444,-0.216386386364645,-0.21420243302633687,0.26788943735979986,0.15028709043966684,0.3206766919735831,-0.18395141346075644,0.016628214126510135,0.35718155001759383,-0.34668158246733527,0.2600453268315113,0.15970623884506088
-0.039595327643408354,-0.2666192974412356,0.16565615174479398,-0.2475533167515572,-0.16480318306060696,0.2912953241755716,0.15038758781043157,0.34203513594435764,-0.11792075026647272,0.08657891652976517,0.3709831219217015,-0.32995553688871065,0.32115210611450445,0.03509385997809651
-0.057555566769725244,-0.2697627239232216,0.09661383109176606,-0.22103533704555337,-0.23145795213467255,0.27545698755857195,0.1890953817077816,0.2838823557320562,-0.14492656151421277,0.10118079698362807,0.23858975307672955,-0.29334545583658905,0.28686507017686824,0.10293879620249496
-0.1404948054318173,-0.2254636089893645,0.054263805484749135,-0.1873428618148132,-0.2382573241001432,0.20252068560562925,0.21943727609205765,0.32728842787520135,-0.1704346796426823,0.09512170373822608,0.48298940886087294,-0.2854274217394948,0.24142671111806696,0.22159980279290736
-0.14929140608810879,-0.3305363059443908,0.1794872346756386,-0.2089781145979335,-0.18423598731023555,0.22817391569384346,0.203690019502682,0.22435991403333644,-0.16637403131002862,0.05101342484603635,0.35242662408342773,-0.2498631409766386,0.3400868678146831,0.14727611863059747
-0.16537612082462588,-0.24213696428956114,0.14527445759129146,-0.17019469541262622,-0.20334477886477526,0.2204452148554236,0.10347192368368315,0.3623783047520944,-0.2320811027039576,0.002642616937546206,0.2841712628202988,-0.292299624793001,0.2627463955558219,0.1960628588916061
-0.17524312446323898,-0.29680814658314564,0.23462797886905115,-0.16473930407735693,-0.1556166672453317,0.17324024795018833,0.0688227919540764,0.23604386611262174,-0.23411952226643107,0.0750190746475071,0.3214662580922504,-0.22943705926207528,0.218022977648171,0.13373291383472186
-0.14275877691957023,-0.29016772645362926,0.0808533441062768,-0.1340242189281874,-0.1861451152390923,0.23584969764287514,0.09425336719262897,0.2569176058987983,-0.28486680887629345,0.019581213302728946,0.2676106042247569,-0.2546852249386414,0.2572871315839126,0.10895986597961599
-0.003421090753039403,-0.18252182895698968,0.05801227247007247,-0.167912761864533,-0.1327762958211676,0.16101524552350513,0.20580843348660963,0.3098342633847993,-0.25906722191661447,0.06970521383257777,0.3560276436225379,-0.20633074334827722,0.32659114759694896,0.1390537363227763
-0.07723937369818774,-0.25770526590688914,0.1347246835213864,-0.20704883905346738,-0.15723971363586117,0.13660038661556087,0.10028505360082213,0.23067325686682627,-0.2549450514361366,-0.007485825732213809,0.2557415981194963,-0.1663973428947299,0.23550951768069014,0.44367492976808304
-0.09060229533943949,-0.25356266239443526,0.23864673817086907,-0.20361400251884645,-0.14456267908942702,0.19177853797508895,0.1290324984334121,0.4280803698860222,-0.16501625447273086,0.030709525305977623,0.2498959171656423,-0.20165522816062287,0.10968548542885624,0.5096917175473902
0.061159216218916096,-0.1903589991709234,0.2867732318887891,-0.14548402448271627,-0.09720999420104057,0.251821250383718,0.13250861890839752,0.4021414682306704,-0.299835898995314,0.03015734161069646,0.387479771357432,-0.13956703920247754,0.27613576101488324,0.2436919985371316
-0.06743263459167347,-0.14104519780911995,0.1514866961890459,-0.12018281510492619,-0.15057751947414785,0.2265819732428369,0.16915156218538982,0.30933908783379765,-0.22057203748375723,0.10414689508388845,0.5125045932179523,-0.12704346901413327,0.29592142306996344,0.3227572717401853
0.010787091792659374,-0.25944573920832636,0.22251730877142994,-0.0860014848038025,-0.09198583387347539,0.2057219390079046,0.20391059073101578,0.4105126039561963,-0.2104984162588078,0.10552100284111657,0.49295426522631147,-0.10466979988294507,0.31086619930015896,0.3371107958111948
0.03182137344252834,-0.21627733138336575,0.3564533812552766,-0.08012188735142957,-0.06663042520491799,0.2554131845542578,0.171650170463539,0.46432314233148525,-0.18941141777345627,0.1563711434376017,0.4751225297507274,-0.136707980520703,0.26528409423599736,0.3474743738236927
-0.012532375904175937,-0.09459757897752448,0.3412427181451905,-0.10016269962851483,-0.10036116936231239,0.2754669177520257,0.13444278134661866,0.5054599153011271,-0.12504153167179616,0.06408059693177535,0.5977422361332453,-0.1586021242760167,0.25688119712670954,0.534640023754085
0.046609753100111645,-0.121019558005257,0.26614430864615773,-0.07112430710924642,-0.1438814047106949,0.20770015406327202,0.22106752147931935,0.4090272686326698,-0.12477361468733056,0.15979685474653382,0.4328078385319954,-0.13900215252580383,0.2862218443200308,0.39270758962175756
0.02206776090784464,-0.18484371129410057,0.3661698371252099,0.02137487294058542,0.09515174786105825,0.23560807348266685,0.09254411860249444,0.39888180691161157,-0.019822496588417005,0.11287042791898799,0.6711971176303518,-0.07197551343593793,0.2745868069923041,0.32831697597248843
0.043309467677684683,-0.10525410566308306,0.25483545370418303,0.037278213827966186,0.1185955944094544,0.2227989673640552,0.1573953927305544,0.2782207970791038,-0.03221093429047035,0.08087901921196898,0.6685799584445143,-0.009752479763350566,0.26495119991611843,0.26662029900618905
0.0007030192527619413,-0.1456726143212125,0.38278407377793605,0.08133245993205784,0.04892284176915912,0.14640265013221782,0.06891228642770776,0.3040769003090159,-0.060961173434808155,0.027580684580843277,0.6856658330303167,-0.03213099307240876,0.2068267116768841,0.3652235374070967
-0.05496598086471764,-0.05179284327127271,0.24328063196071453,0.07604532393014897,0.04057832169262418,0.13468366227835354,0.11293466468189113,0.31597128343864617,-0.020806331635500285,0.003940971487105258,0.7392574364437065,0.03194790432867919,0.2288676509505703,0.41689431845399744
-0.05266950999530615,-0.0991746288152122,0.1997880315329531,0.034234659441935954,0.044605026741450955,0.16316450583161618,0.0765977662889176,0.27213552498198484,-0.08819275752365752,-0.01580727877609843,0.6230190267177097,-0.007407896638901125,0.18094949493673504,0.5293092207466628
0.006495784444671951,-0.1081771883980588,0.4772031349523313,0.07911787007227344,0.0775567012927715,0.13741447391507924,0.03967669992041309,0.2554290585883957,-0.07617653283396206,-0.05581497424546827,0.5660670548077891,0.018493950719318343,0.2287896297082441,0.24352948693241855
0.05072463325373263,-0.18447312607052863,0.28003515034050025,0.0767643047486869,0.09199005278096671,0.1665300474430431,0.05829729963107605,0.2300794741021067,-0.19243306373332658,0.01944615349479404,0.6261906498834502,0.042261961384074787,0.13750315308434433,0.27100385725785875
0.034156919643155925,-0.21111443039076166,0.22417893427410668,0.13819110468489573,0.09392908224553505,0.19620491382671026,0.06597491903044544,0.22049279350154818,-0.14416963439693325,0.006627782463737926,0.31434995640181024,0.025225445222624588,0.11445358552243402,0.3228492141913655
0.052054259884354796,-0.1990134191116307,0.40195357873767285,0.1438459025797492,0.17689481867321263,0.1547677776885864,0.04779077403227921,0.17937363154901453,-0.19677869566508885,-0.06135149986914498,0.4309616653280299,0.026176525672955718,0.10060178755085387,0.4914543055041303
0.12806301754280866,-0.16002635350961486,0.07921650777233911,0.06545522644075812,0.118034549665382,0.1628938492946453,0.09283375486131615,0.2595631930427147,-0.18768933079650071,-0.05612841995178835,0.28587090925223657,0.08429954176899218,0.1027922333883018,0.20857978232837254
0.09199894670915512,-0.26623235095027936,0.1933542653979254,0.12583618768212887,0.15730350327668793,0.1835309954065144,0.05724162973729035,0.2852090598472198,-0.10210016557924209,-0.048805086901478355,0.2463466480532275,0.08633426601257106,0.11724871467831079,0.2574196375450914
0.1274464201696832,-0.23399468398897635,0.12909867832128913,0.13916519707878766,0.16710352742094078,0.20662317577487122,0.07271956996649065,0.21424369051485254,-0.06786583704849743,-0.031807326357134943,0.28328111315592264,0.12319519564256756,0.17422760955534558,0.13914380694292028
0.17697442719961687,-0.2553653097019191,0.1054688467600748,0.14965710684274836,0.1478833870714618,0.1023410234661372,0.021561567984943054,0.2708063947069595,-0.1320787978781898,0.03847256944885886,0.340043935865058,0.12697545603759397,0.1485122553456261,0.15849552867622774
0.12375821501412143,-0.2763636040188676,0.023869822898544037,0.12413567877713985,0.15277857284904722,0.13063655575601518,0.0752453987432227,0.2982986485131619,-0.06985411436458716,0.03623150628297743,0.29342802403806795,0.18010200418892894,0.1384987810245185,0.048295717684480724
0.04387072378675572,-0.252472805638869,0.1995642024963693,0.1891338980538287,0.12034622260951093,0.16120450726272895,0.027796507646944257,0.19128876779212867,-0.03728083348968763,0.03345199276895816,0.27084227538654687,0.205815189645793,0.09621518008590532,0.16532952152509092
0.15014584082630564,-0.24942118555665158,0.23653888900042652,0.16270880443638136,0.17843840607789122,0.1331070514947612,0.07133860906444522,0.2520750998067409,-0.05796841453409644,0.039469883525435984,0.332974907017735,0.1537240326192376,0.17434491089093088,0.13451936821930666
0.13032992497183732,-0.15388409534838854,0.08326123955238761,0.18743107635998793,0.11115523858040874,0.14225963456794702,0.07373740804322158,0.2960486972716497,0.027172363531469342,0.06140677972877044,0.3857406261781124,0.2263188328117562,0.11446523524803627,0.010110703457653646
0.07407194029018406,-0.25327678510219975,0.21245100379808665,0.1913232848235848,0.13759513070618581,0.09991574705261362,0.12864029774789784,0.2846099747105019,-0.05300762564036746,0.07258236988074139,0.43155080347816055,0.2026474799769048,0.08465553128158727,0.16023034283121268
0.09212931143318562,-0.2169041574875525,0.19813865406545475,0.26827381734916955,0.1254561747275937,0.09648532523676955,0.09336917314682705,0.2179417075700279,-0.06134950123604103,0.05250060186138618,0.49352026173375635,0.2435830190840389,0.0773786514456648,0.10909229869480461
0.12765753666205415,-0.16069512558136098,0.0893748309654144,0.14590188778233118,0.055121998519683274,0.10751553947065734,0.06719134127884893,0.18586882074318514,-0.07262570260532453,0.03304491427873341,0.31477812818101686,0.23428874232734495,0.10558857504849141,0.3807534446009112
0.07523597549092659,-0.09267951674966968,0.1751559217349594,0.22260894161786718,0.1590572189654105,0.18816167552998833,0.04834870369248125,0.1946761326594144,-0.07472118216887351,-0.025817376197976846,0.6371911381379635,0.18344870077008413,0.032549868239249435,0.25821580718983744
0.05295050136228056,-0.025499751469387155,0.20557075154606622,0.24007187865075252,0.07497007702876068,0.09795121349815455,0.027783721589783074,0.26372454947388035,-0.12899015306735334,0.04077627264549432,0.5826120836609489,0.2212252240681304,0.0814336634738221,0.2394267227753137
0.06462701903003923,-0.1251155290913396,0.28234825615075465,0.23614508050136135,0.09311183924122544,0.10349841940062926,0.07816734195906296,0.13676198809596146,-0.10183183219997015,-0.051851401059137645,0.349284403393753,0.29355588947813,0.09957475095731604,-0.08781353070092186
0.012780743087133867,-0.006645622571103216,0.22159451422235285,0.2228247645460689,0.017721808796067048,0.04628778931508243,-0.019777481413650343,0.1444129959245887,-0.15790359152219155,-0.05597343547088012,0.479227934315017,0.25002631147923937,0.0751794074749349,0.10458106568821307
0.09776505706555269,-0.0009514573576185206,0.25749782706065555,0.25013922612521106,0.09933480679460309,0.0460181939550081,0.03177407275104206,0.18110613433945133,-0.20974511946903543,-0.13816093576704955,0.41543461355470573,0.23393269792059784,0.0658979718199483,0.2504935525268264
0.059416865125428965,-0.08266643804789191,0.20168539273863637,0.17713570409214138,0.027856359154871762,0.15615403519212914,0.01557281744559219,0.089036156381497,-0.2524101585834289,-0.10364739708903957,0.3897525988083271,0.23299829859371826,0.05638629210098264,0.29143502314807496
0.10736298890827838,-0.09504345524053669,0.5077297846757308,0.20367390266004842,0.08774753636118987,0.040227118172996984,0.04495629710365668,0.18529404507163358,-0.17455385731902565,-0.08622870202338334,0.4251563308054034,0.27080121546892577,0.023835845885853257,0.16010837055358634
0.15745026791490904,-0.17120612553063527,0.12002857905796321,0.23844794557428803,0.1412426930470314,0.08343159664380852,-0.006298650987358354,0.044927104984393264,-0.2557033969805428,-0.053098102483068656,0.30748408792667725,0.24584637994599046,0.041766545997963214,0.12024238813537017
-0.016848998409795375,-0.19417198128170096,0.2258553928990029,0.2308752964497458,0.03217610500919475,0.09001468781357688,0.04164906587613362,0.07924492585078974,-0.17802444826731853,-0.08974235010993263,0.3778347310043799,0.2387590611947333,0.044624373024743834,0.11404817471685295
0.029285713822937955,-0.13714696706873106,0.23616379038882723,0.2425516893667382,0.06463517847646187,0.08632985585549287,0.048282937411214755,0.17883447581119702,-0.18024457711317296,-0.00910109053134198,0.3523862603845961,0.2366441143175046,0.03906025530003667,0.16381565131756592
0.07844539514975332,-0.05097691818577331,0.27419481517788435,0.2362995201178492,0.13670883295009492,0.004118234837545156,0.038709756325419134,0.11186558734695747,-0.12078973575540473,-0.03036940992160282,0.3916875076334082,0.2825074111531835,0.05086042508780477,0.11317574448391902
0.06164143613743784,-0.05699091014353129,0.15344290693710977,0.24673700968173576,0.12613980709250014,0.03230760018604075,-0.04270236218220915,0.07808048962345657,-0.14845830991005124,-0.026601180203533317,0.32124682695063744,0.30329038844791184,-0.01202783149190592,0.03130433721738635
0.08773857388949514,-0.13314280239458037,0.186253442051962,0.24755517915723294,0.11146900492483994,-0.00168716003927507,-0.037861393349618785,0.02497250629381499,-0.017418869051725263,-0.049910830829236995,0.3094168069043558,0.22830117695358673,0.005689040368023963,0.22747478502806817
0.1385564822872464,-0.16711940092377994,0.15847287907604227,0.22216496609586794,0.10395676543633875,0.004765170078335999,0.018058565956894854,0.07398350986236901,-9.143856131767873e-05,-0.05678816056710696,0.38633239374045764,0.25206128010319256,-0.009899037706740813,0.15911037854550522
0.08026856939645773,-0.12190844844357844,0.030921407489139983,0.27967262564171663,0.0741187514714616,-0.0008407403585524108,-0.038441463005809175,0.08566747719649101,0.00040678692922963987,-0.021090037986950784,0.323726923656915,0.22659329352721783,0.08008578106211116,0.2975061829725368
0.08610725086188296,-0.11012115517769615,0.1989019803799339,0.2925999608570618,0.08350133922671137,0.021495688079532376,0.01802775958707077,0.045486038113777404,-0.07085615821483841,-0.043089310556284184,0.2107995126173082,0.2959055524087807,-0.05931145476505844,0.1053940732633317
0.13842416929222906,-0.031239666108313507,0.2227769453742396,0.2261307463595994,0.1337378933392618,-0.030774204134492986,-0.0267717122659132,0.04303103073827392,-0.04565797402056571,-0.029674242597696875,0.3454435428080224,0.27059254567550517,-0.0385695290738836,0.06391937516495101
0.04650805354986085,-0.019902929582788068,0.13655652921688788,0.2302771578914292,0.11511184989293954,-0.029135920735407134,0.007752084192595786,0.008335746306247584,-0.07951420542690749,-0.056206628812013805,0.16909384984784395,0.32872249069335013,-0.008611436677820158,0.1317147030568912
0.0015143787871372484,-0.05749921647542276,0.14985593476166234,0.2150212094134473,0.05726965722021574,-0.021817678718468153,-0.030001618954794453,0.029449730889402392,-0.047100984310694385,-0.05979653957368789,0.17073514030580114,0.3171102028157133,-0.16642590643480354,0.0935788308871513
0.04555346889493702,-0.03961456276760774,0.2690730619041131,0.256906687901523,0.05921167064761064,-0.04785149908888937,0.025678020032609116,-0.08254163828669736,-0.028334291297084934,-0.0907599108512644,0.2971537994725209,0.32941826452258227,-0.16146103429143047,-0.03626466206090554
-0.035843736696507644,-0.06698419458082193,0.1640695345734076,0.23591158314273672,0.07209358915457728,-0.02727165312133892,-0.049215864462961834,-0.0636049612977823,-0.14509610306181614,-0.06420392749714814,0.19987921982332152,0.39484139721291006,-0.2034950192480226,0.15458442102706915
0.06613144012148674,-0.08042979799493565,0.13607501132409047,0.2647952678024267,0.12657110863841953,-0.05354747033587543,-0.09061258387446183,-0.09378604347231137,-0.08774922434208615,-0.16344487411263434,0.2237047296671773,0.36856543695133975,-0.12021702846159524,0.05797965514632117
0.04450419723289643,-0.11799794618534158,0.15777240598001502,0.2431837709202491,0.1532452156809237,-0.0704558342468821,-0.01605437755924249,-0.10018357306411951,-0.1381710008878819,-0.118385469404375,0.1261093255679174,0.35711312863138356,-0.18035935536527847,-0.035279809569338044
-0.0058562458138263435,-0.0329780485905717,0.04210824649790835,0.24674690865668783,0.0616300512532562,-0.07860154592380363,-0.10989983924495403,-0.06749967439881722,-0.04045634821600411,-0.13685689647167543,0.2643383513650094,0.40991518799003385,-0.16953869347852257,0.23830362479302747
0.013092135558067713,0.024138800460900833,0.12191389511298759,0.27150628899932505,0.11821026039555137,-0.0338027962792202,-0.06478311280223197,-0.010479104421599638,-0.1315569940297749,-0.05431543840566483,0.15978105701863096,0.3872616911642586,-0.1920938442286567,-0.03282477311877189
0.032315055972089085,-0.018290258078271296,0.14529941995065965,0.28999542102188697,0.09645687070558356,-0.0899256113304038,-0.0370008375912647,-0.1265311691483113,-0.1125396093165816,-0.00281970725611881,0.23607036486679284,0.37629728304522186,-0.17947407368484705,-0.07241492166360478
-0.03508273610147663,-0.020037719482415586,0.10390857327493346,0.28410204201790856,0.09412966568113222,-0.11267925973837904,0.0024740082273841026,-0.06598645287135484,-0.1098687435147574,-0.004304761798688995,0.17419636506322422,0.4184610832692449,-0.16753864920455322,0.1186878131910054
0.017591864221303315,-0.016487408173987566,0.14505130188824178,0.2671963457767359,0.07127866776663015,-0.10075134709296964,-0.04661106242192611,-0.1120373625063141,-0.050875872097025286,-0.07396001435813236,0.22391265783140865,0.34026611541171087,-0.18810450532578057,-0.07454116903327401
0.05964381638416898,0.020714078489175152,-0.028397181893043542,0.2948175136264247,0.035238425311185075,-0.12331397174465962,0.0006364645191865289,-0.04582062209602692,-0.01634942613794997,-0.01642870838134038,0.1401222859121994,0.36194272428336016,-0.15771710918851453,0.051097112370261655
0.0672447566709442,-0.01948395754392805,0.18756409789677672,0.30532747863308607,0.0743117572939915,-0.07134104717241169,-0.011629899107559434,-0.1123683245197851,0.010853541016902647,0.030499894286993193,0.17697763180011286,0.3024359743585038,-0.13283248735044115,-0.053683150939721265
0.023199023375594485,0.04391974125200611,0.3159661350401067,0.26025350177199985,0.08324770192603732,-0.07771220904448324,-0.0012300352211203412,-0.1508389490893113,0.03491932595003455,-0.011854118561662633,0.2336952495250239,0.3746055482291393,-0.18215735299452257,0.00033113693210281127
0.08266354426420558,-0.043033350900559826,0.2306173515815448,0.3059320996558202,0.07866392189424405,-0.10673368089982568,-0.04848565161793072,-0.11553004784831263,0.005733020342335474,0.0034367307052848733,0.10775680950821644,0.3527062284599449,-0.1316722248796125,0.007474536454138565
-0.03145444671367644,-0.10001607189108201,0.11046449447112308,0.24211296074850633,0.08565833477068506,-0.08263482599617158,-0.03546307067039511,-0.15279692689518756,0.03169805492887335,0.04777139859961744,0.14050646068638237,0.3726241487397573,-0.1902495601434654,-0.028302263764834273
-0.011087105051616362,-0.03113650906463752,0.14751760787554138,0.2952099538947085,0.07595110280532524,-0.06423294592028189,-0.020862493135230725,-0.19003939592234823,-0.030785003809303445,-0.062130650920320545,0.09511572587248517,0.31502633103570965,-0.18973294318300976,-0.1898251742726511
-0.0011396175784335646,-0.06464115521807157,0.2879155877312111,0.27944746184447156,0.09039707193249444,-0.08763002386887493,-0.030896824307178678,-0.21873889456995024,-0.003239842203108411,-0.07429447753301577,0.1279881586647223,0.4000263662603459,-0.21277649924571593,0.053084408327613256
-0.03111626484723309,-0.02824932833075147,0.0982143241258035,0.2670761433758828,0.14139213463171038,-0.06859021051443967,-0.07438660852916269,-0.18523895373980281,0.026496507591666014,-0.06683811842593508,0.07040309718367391,0.38922880630067236,-0.21113563051332826,-0.06972434085141051
-0.027978999171044225,-0.07242768921318381,0.21709851572058317,0.23115773247382362,0.011597095590194175,-0.09710989670046236,-0.09159543382260643,-0.21690186547197907,0.026448192043345593,-0.11350860773480921,0.0859380526730536,0.3899919153716577,-0.22290130228518978,0.05838584708873201
0.01835381464018737,-0.07732296646601093,0.15687052748725341,0.2667834101206081,0.12815222986362118,-0.10807806747654386,-0.03522415094927647,-0.21666849803440782,0.030808185925304835,-0.07613009058534735,0.07914505841946401,0.40856116397045456,-0.26600741254002785,0.027536084565331808
-0.09229847635304919,-0.0211877123645895,0.04913941948866807,0.2753575632962572,0.1877927634439569,-0.13289223796484756,-0.06713683341123587,-0.19339141282476563,0.07386684561255037,-0.12374499162903647,-0.010830222673037956,0.4760346403941502,-0.24351036071441934,0.0047118841196135365
0.03777830337215385,-0.07747511895807548,0.14082831091644776,0.30323599632785353,0.11606283387973189,-0.19818420572598303,-0.15795059438917186,-0.18227761822669053,-0.02620423068042397,-0.11766702907427483,0.06630142548879184,0.44694337122994926,-0.28271700241520664,0.0468850359678515
-0.000801949502403714,0.02749613641893477,0.03533460306269457,0.2574204735621847,0.11308528408896411,-0.10752840365515538,-0.08300716531398299,-0.19759312965200893,-0.01206756645664212,-0.004862810088848504,0.018134015547853634,0.4320705833648475,-0.25593330908364476,0.005002046559416637
0.043845519939691824,0.04202744402231891,0.05846398493848603,0.2717153218120403,0.06658192040170137,-0.1643101853518968,-0.11027611510047115,-0.10535097164287253,-0.042756355686289424,-0.08128313438069613,0.05608542000657469,0.3883548361963867,-0.21234857873958202,0.013799139796127463
-0.045805255154218814,0.0951791102331288,0.09227954405451594,0.2440369428641788,0.12205576589055277,-0.08404246920978686,-0.0832743642769117,-0.1989442979617325,-0.12414959394300301,0.004223328807782011,0.023174720970355587,0.3928533222589058,-0.2085899740081201,0.08871830749801246
0.06276864500859544,-0.03239117274724693,0.07749016504149485,0.25892377897443136,0.15258678007687035,-0.13620745752061822,-0.12094404649502195,-0.16997323899541344,-0.0547422029670634,-0.03660437891688814,0.10572872119856641,0.464031724076317,-0.1342863001980404,-0.1324610807991205
0.05553153932056232,-0.08738013824035337,-0.004082641583762087,0.2667984288453122,0.19481102330691802,-0.09394952054398989,-0.06779681674792286,-0.13959467137043263,0.06530178856573401,-0.00640176905194167,0.09921791407276821,0.44293723346131764,-0.14743472567062363,-0.1264711415970279
0.07836877447795493,0.0166970139515394,0.01809874039220675,0.2844471072302702,0.07415494220933647,-0.17016988640625708,-0.07362081818676362,-0.13716101922088983,-0.05849367109882445,0.01552048453282145,0.11590075870671546,0.4248499712322706,-0.1753174220879633,-0.02384236809299724
0.046552509377248585,-0.00808927518343031,0.003802347407099318,0.2473166314017916,0.0632962363646857,-0.08527320907213785,-0.03596932500497613,-0.1555742621569352,-0.03204995195545134,0.054148696586211444,0.10284917998223443,0.440102297369319,-0.09436647546479576,-0.1272325109446375
0.028587975161382045,0.11886709288272017,0.01514850872644172,0.25662423658288464,0.09503304029931457,-0.17084429758874844,-0.027580011023543283,-0.12153482876928491,0.11591979042842719,0.06705010146508264,0.14618599734703408,0.3870794251237148,-0.09929647510639164,-0.0583103827232135
0.010063791666922534,0.11271720589387284,-0.01242657961742492,0.2770668365108928,0.05664375011718015,-0.15594344212303685,-0.05695376299349113,-0.15951302214008506,0.025091419151211967,0.08416526268620941,0.07026292780458102,0.3934402664176391,-0.1689725331756299,0.03453992772159547
0.04016326962560973,0.04596257138708642,-0.060052199459494734,0.24764265136716562,-0.0015197273723276893,-0.11660152804057315,-0.03457191855110994,-0.17495810221461966,0.06250306222662527,0.050272388968158895,0.12196202020322948,0.3568411240085421,-0.09380768036736133,0.06662674198120123
-0.031637042047310944,0.17657362027648896,0.09324465278111843,0.23607703620217835,0.11883987749068695,-0.10132403561933373,-0.028566112282748857,-0.12737910412092746,0.03463963001084691,0.04011632364023236,0.10750335096206613,0.3854580674215552,-0.19644383274576616,-0.10023109247568945
-0.07410211575075933,0.09444069846227252,0.04915654498366549,0.29628341894575216,0.05121421020667342,-0.18066832499936766,-0.04580304201047994,-0.2280727004437072,0.009649596860318488,0.044593462687373644,0.07171437674383074,0.3630326237153741,-0.17331185018593936,-0.036831974224399454
-0.10345496104135632,0.04662267537443888,0.09401795996029487,0.2944369416617956,0.056754413866405486,-0.09691897081847826,-0.04660777165241357,-0.15160308984155765,0.01758390207682651,-0.03659419434940338,-0.0010682585358341495,0.3573718224525816,-0.20880497205358303,-0.14157320557511013
-0.03895402687290191,0.07008442535501357,0.12068724552216051,0.2397310038118116,0.03749684902549095,-0.15455314582764895,-0.11639940713875384,-0.18646691794526563,0.051562039921007975,-0.03740759730228262,0.012068319736468415,0.4292713965106173,-0.26423345288080813,-0.025835058267903773
-0.013510111237895828,0.09816771182809683,-0.004392624700248458,0.2701423029114217,0.03497607459463523,-0.1876160563703544,-0.059677660346517225,-0.19489119435752977,0.033199084444392214,-0.09095710934333745,0.03508190198891584,0.43612282601339786,-0.26501755203320576,-0.1597451797251856
-0.12648957212255085,0.017539647540472773,-0.021236284098222976,0.2479339601121402,0.05216291245845532,-0.14821007907619568,-0.032443953571829755,-0.25811848507938756,-0.00572663249385333,-0.03110795503536389,-0.03203200873292702,0.40867888960641635,-0.2484120449730622,0.0024464964622905043
-0.12108607864571601,0.10179672780936777,-0.01213056226849095,0.23967511688604937,0.04500748562100041,-0.25551194547747696,-0.1382510804962211,-0.22871576661984103,-0.017064669482302203,-0.07422755794349241,-0.05209731164917746,0.39141962489003057,-0.3105111898151514,-0.11036965400935472
-0.13643221010275897,-0.03457098302977709,0.04455308854620313,0.2542472183226258,0.08871718695501503,-0.1868152344384283,-0.11565338883351445,-0.24336260529956386,-0.010212517474741459,-0.06486526661262906,-0.08160972636638691,0.415271593934433,-0.2590914788034088,-0.10608423661670267
-0.0751011704503478,0.019332661596438747,-0.09457439371461565,0.238380429955337,0.10481457101166522,-0.21748725711622033,-0.09844443785974963,-0.2563505321852274,-0.08923401680406724,-0.07460523173730618,-0.05242753159404756,0.3832432059053033,-0.2802112715422183,-0.07028091618792054
-0.02480251817315309,-0.0053901433352575015,0.0350884987359001,0.2422090855804173,0.052267706887484826,-0.188295734133985,-0.15915993919376278,-0.22270681686687255,-0.10425677940758964,-0.013369662544961013,-0.11807887371980894,0.40534732803888635,-0.24375747652293991,0.015304458920306812
-0.14958003379565038,-0.027589948888153012,0.03989783933857491,0.2637083431173616,0.0620881127116183,-0.21216362692309695,-0.10178610469961899,-0.23787031285207236,0.0004936263944830616,-0.0026132831341088556,-0.07482591773455384,0.4086343226341381,-0.20921305194052098,-0.10886481772731331
0.030767656636502206,0.11381766798065021,0.11645056182449011,0.2726804646739016,0.0958886796046987,-0.22586129481128028,-0.11254779047651771,-0.2282775808879371,-0.015122166640178202,-0.034965603216180065,-0.04517398476597744,0.42157940024363083,-0.22634026081089115,-0.08270544626471357
-0.0683459194041572,0.02856517419010972,-0.04817401092476711,0.2869788942290438,0.1176377818877425,-0.18313259765317416,-0.08692057819008965,-0.16945234820876498,0.07856564268612175,-0.050488096737644796,-0.06618794157845363,0.3526258984804002,-0.18294404175035175,-0.14862836403603422
0.001670480613638055,0.05274441847512691,0.014313558363559664,0.2680833091404349,0.14825441490552915,-0.19598653015547476,-0.15119486215911593,-0.1636323038354468,0.05648168884348903,0.04994935031363812,-0.09806954999508681,0.41060066737314477,-0.2738604441674833,-0.007010551237893721
0.02244410073174425,0.014363381691626488,-0.057547651735066256,0.3131111212656403,0.16147092170791522,-0.17413354645931517,-0.13263054542809957,-0.1605513520211564,0.13279523469117258,0.009897202056956525,-0.05657731712426316,0.3938173070574566,-0.15055377233552145,-0.02023030231985628
-0.011274940841094806,0.0382977755705666,0.13776761934876916,0.2909358343425919,0.16262001259782513,-0.1977208031982534,-0.11176749398946058,-0.15787130920665474,0.11249843275287198,0.06039405126083251,0.006407255326189759,0.4101515612277984,-0.1657414746219613,0.11264755159369583
-0.030020202426075226,0.048987218827844466,0.057954079433075484,0.2548796938943501,0.11045492546795006,-0.187733580362679,-0.15527080779732721,-0.20260992706660072,0.15320961464409102,0.10245084564598782,0.04910926997198624,0.4163657731944831,-0.22788357479237228,-0.07481184848663505
-0.0036864114043854072,0.044316873113398235,0.08872163120175514,0.24742075900340055,0.07835248716920833,-0.21732934075538624,-0.14228398921478685,-0.18105560070446428,0.06094364480922582,-0.012290601578527217,-0.042748235140287125,0.347318953651986,-0.23654415436180398,-0.0064140924287763735
-0.03583231709384132,0.05596902120221718,0.09755094658881117,0.23621248332741426,0.02768639139758547,-0.25313167276785736,-0.12031191890801736,-0.2257050936801519,0.14269946822232402,0.02919802973727853,0.010205379101067035,0.4040493157019863,-0.201029454990589,0.08960392793599602
-0.01873016118848079,0.09976239119674987,0.045365842020292195,0.26257055299982784,-0.019792948991417772,-0.1496407651528501,-0.1292209235743574,-0.17117335095623643,0.13677220026419987,0.002054549556376522,-0.002506271256203504,0.3452923999634854,-0.22384800216202175,-0.0641437167347735
-0.0852718598593065,0.10250863589573578,0.08275545910038705,0.2568311657520133,0.10281588892407748,-0.2094297961463257,-0.15416451995498295,-0.2193526949317101,0.057028434441814255,-0.07846350578211664,0.07180315644500404,0.3695531572983356,-0.23506702918599867,-0.12844341798906897
-0.07999054998362207,0.18789357010602575,-0.0419505138882249,0.26384158931316287,0.06272632717277461,-0.22713108602160179,-0.08482706990546025,-0.21625302979838393,0.06340071158351353,0.050642124622660066,0.03674705704380437,0.42097971124081507,-0.2280847489635002,-0.11026488301945599
-0.08067281851674168,0.10759867603914852,0.00016889126055262083,0.26281867295987094,0.08817423217653779,-0.24190889164679308,-0.168081655720778,-0.22828819196632893,-0.033012895344926296,0.00675137037455148,-0.033814346956858664,0.40329242984917407,-0.21674046723583443,-0.05192353371546308
-0.073805245892881,0.09090752000690758,0.0701098374383031,0.2328574491169185,0.01245227833841677,-0.20820254178163075,-0.10047505827419695,-0.21551960930811476,-0.039565924323710595,0.06526458171513318,0.02758560279575574,0.4045413315256965,-0.2501847412518365,0.041682023480993965
-0.1606235257847456,0.08262109810925934,0.07305545220040749,0.23214205714053573,0.0030600313257197376,-0.19128952659736018,-0.1508112333984034,-0.23817065931795262,0.04404537196885277,-0.053275439718525164,0.0002600961849574385,0.4561987723179674,-0.2108589670101524,-0.06299232074320602
-0.06532954419453647,0.1843391898795392,0.14097327606255977,0.2255073278217553,0.061876633211434114,-0.25604593661649544,-0.11513070067300832,-0.2477663959115182,0.0005832870738051945,-0.08573932676643546,-0.08376705100211242,0.4107789764532206,-0.22293516411978595,-0.043931867108104164
-0.09064442871921834,0.10958352750081524,0.06407887174972483,0.23717347244926473,0.028688115010573282,-0.23177629567031233,-0.12797047466569852,-0.20894540770818157,0.0075042464047525795,-0.015894298104842497,-0.04189082397329383,0.4468506094292507,-0.23026571897173945,-0.13917086717953067
-0.07881158507025014,0.034147523899402565,0.1592164190542183,0.25810658711828866,0.0837803182436959,-0.1692466997961202,-0.16757866701127952,-0.1996235250634257,-0.04560254242105237,-0.07500628432786038,-0.09552193038706039,0.46183925787749164,-0.23424078460604386,-0.12268864287799748
-0.0743886319126455,0.14845265599566718,0.10822926717128901,0.2668616823972445,0.14874156507078512,-0.2100894724302208,-0.10408672529534346,-0.16418601633519536,0.06967527795924099,-0.027286353404533364,-0.07446200691372515,0.44030000091073634,-0.2633064739581488,-0.04307569580922097
-0.000734067926857747,0.10481938730379027,0.09077062291450386,0.28669011658739685,0.09575045527041691,-0.2099752869024676,-0.09582780076680211,-0.22220852639680994,0.06880276559272007,0.03985586328323778,-0.10500653172820486,0.40998609642372563,-0.2100789238194846,-0.06234862093308707
-0.036932938235869926,0.15815413290806676,-0.0006757299473793155,0.24505557314146847,0.06675496623791903,-0.183050267104411,-0.07045431833411184,-0.22402767283216427,0.06479824679041056,-0.03519597801768254,-0.0188105595212914,0.4076832216629203,-0.23296427791667326,-0.040330821654942034
-0.04636661058895689,0.14797540128246214,-0.011161965246681125,0.26724645620192056,0.09257297521213677,-0.19561121543838425,-0.09020893428111999,-0.17523291188685236,0.1572080360803095,0.11678897332562466,-0.05109729624179278,0.4468785230759596,-0.21370229059564788,-0.08370368148264654
-0.06426796245718383,0.05259091258598612,0.05417426838633378,0.2549598418427539,0.09483379903357694,-0.17697235466310737,-0.11282584237100067,-0.17546356715948602,0.1904626733624421,0.03359270559007794,-0.02463064518509284,0.4624527422696335,-0.18698069521675698,0.00040132988613444573
-0.0786921162829045,0.04420241456174268,-0.04636666005926269,0.26591924697910513,0.11059356288166057,-0.18708842552572974,-0.07567378810090254,-0.21718051084261492,0.09915169562349287,-0.03396269921770673,0.0020329355346474978,0.3634441799978247,-0.2668550789006074,-0.003058779263633964
-0.1049512704525898,0.06604743876848163,-0.009090256471340149,0.2791925590025408,0.11926012283937702,-0.20889239350568795,-0.12987813008761984,-0.21772328019667256,0.1689089226789483,0.021873377358245034,-0.0904853100275566,0.4079696559530578,-0.2378598017097914,-0.08930163334336153
-0.08466700686943848,0.1401477817569662,0.05685184503271918,0.28997543244412205,0.05093241917027971,-0.25032065941287673,-0.09280579319768538,-0.2432774803327173,0.1488725281094111,0.04514747939294684,-0.009304152734108185,0.38823125900637784,-0.15520168946906482,-0.09446704598993208
-0.1102752048662702,0.11141595859834558,0.04637736618350786,0.28643127525021794,0.11662274953725245,-0.1775741018479448,-0.07444335562078651,-0.25391268819530194,0.14947108460123376,0.12436480945330933,0.019624020885281188,0.3593294167660712,-0.27070343120329593,-0.06958563659213496
-0.054027584197064625,0.06421111753082788,0.01470416700839629,0.24891737884489715,0.10636815843117246,-0.24849838926690207,-0.14093828036545009,-0.31574132738952126,0.054412242107803585,0.02090446644620529,-0.02848041456175041,0.3826681711530586,-0.28052469541512903,0.03459995172911556
-0.010169054582553513,0.2092290372344905,0.02412556698235067,0.2333693727111187,0.12456318429125449,-0.31805629432235805,-0.1292101161561737,-0.20545201149397366,0.08465945656183121,-0.05118163529746645,-0.053930207888010784,0.37035076738896355,-0.2763997287627066,-0.026637786230041257
-0.09939636958139504,0.09752758716440138,0.13766735900182245,0.2672291314234382,0.11024899113837375,-0.2856472700718817,-0.1836885962622061,-0.2636935861480624,0.11064916054371039,0.02271203134252671,-0.03919388745414346,0.4226737661157184,-0.3142504386556749,-0.12428595965048109
-0.11987840280358436,0.12010493443122579,-0.07683003197284254,0.22852690629408748,0.14902942720000922,-0.27086704694241903,-0.14884674237783585,-0.2658677412379842,0.014622743380693137,-0.0062954939797269915,-0.04707964447242753,0.3649740374553995,-0.3117204220656281,-0.13568522796602614
-0.1268516582889643,0.09392987481730825,0.07401572827638653,0.23803416022534468,0.12050149246397562,-0.33755488372968473,-0.17668167336614382,-0.3033814770677664,0.0322182011581152,-0.07834710104116005,-0.17071623418069715,0.43289030038899085,-0.2957377422655709,-0.15157273413146533
-0.07937700886744986,0.04251401094586193,-0.06281627739959911,0.27146910584083506,0.1465796455693524,-0.23334713466386867,-0.1687325909507906,-0.344128684761225,-0.04903484416233941,-0.051073122625438686,-0.11600927350955705,0.4135408856340662,-0.3068986019230639,-0.12317554026058769
-0.12333835445411326,0.028438314649461907,-0.1457915650431979,0.22786898481332646,0.10745820469479994,-0.24678049366975585,-0.16826223631951362,-0.33920417843314404,-0.00993988989027406,-0.003611210443665618,-0.15354262968811785,0.49060675033239093,-0.2718379432713205,-0.17538198987725742
-0.05789665709159616,0.060411792424034265,-0.034258739947740924,0.2591834582070225,0.08207663738736053,-0.2493488197218784,-0.11983609628911246,-0.3063493089432692,0.06569694353272314,-0.0442264837994979,-0.07718024196712597,0.45532429599810553,-0.3451701402503617,-0.0649293784069706
-0.08333129242466167,0.15877052156595742,-0.023889558455131,0.2634770839095698,0.1301497496954799,-0.23940317204800546,-0.14934852951847943,-0.2952394489154314,0.02714221273492523,0.0629054990921683,-0.08587313605094359,0.4299021806563566,-0.32042542661585877,-0.1620665954990343
-0.10244621409456978,0.036670507260319674,0.10019168578339013,0.21484423045470655,0.043856624920130795,-0.2150116169027854,-0.10053934435124025,-0.31401291655687225,0.02321441607027125,0.04823593093511074,-0.13351032628871537,0.44040275308962656,-0.17166316171397686,-0.08280865302799799
-0.07898838776458998,0.1388929231359965,-0.1951545399652574,0.26147179991866104,0.07337687871162843,-0.2536459586785956,-0.07234073130588736,-0.31469704019492617,0.12646568583475387,0.09097342150393534,-0.041140116641880234,0.4343968249321424,-0.2864772451959877,0.05922627381145512
-0.08436189607799,0.11801298177274377,-0.10765150749971983,0.24598802997884858,0.09035570023119131,-0.2795368489267355,-0.09744280909717211,-0.29326241630643113,0.06340898104530772,0.0336132752841482,0.018598449876378376,0.38878067154394186,-0.24069268266007393,-0.12663871968787932
-0.06512793065203826,0.12892540869032154,0.0066938193722466946,0.22538107745604657,0.08385978396327218,-0.2145736908113697,-0.10212545173551237,-0.29542068375474706,0.120337816689418,0.0329551466941676,-0.09833571874781606,0.39861720191925826,-0.26784817326931887,-0.11621312780429305
-0.10362940413352173,0.09535769655284064,0.0031196789850008915,0.23288316767204373,-0.0067330216497949145,-0.2194967777462111,-0.037224235171465295,-0.2768014418961421,0.10818106230179594,0.033423633712179115,-0.03745103962744793,0.41699852580149804,-0.23671143501882674,-0.19269135830954479
-0.1450781480450055,0.21331992346113074,0.024440262237940522,0.2271982363556402,0.037266534028122834,-0.2563718453199314,-0.07685347611221748,-0.2764675771411614,0.1946696953628709,0.07394755205599707,-0.10161284303765113,0.4233237191478498,-0.2026349714043098,-0.034898123841698984
-0.10668261939328573,0.1493421889695397,0.009550846008231818,0.27719305872249583,0.055412569685397005,-0.23623437435636513,-0.0915060001302196,-0.2568976459282981,0.13415705690566004,0.05644170295001627,-0.03223275192078582,0.4102877317549587,-0.261958474507014,0.019488455827725137
-0.13377950056875051,0.22856259067911697,-0.049659649042976615,0.2568286705393553,0.07178249606630727,-0.18772924563741872,-0.07422896479531445,-0.335356048502171,0.14363865220007524,0.12168895357723686,-0.11745364346832368,0.3630165179541967,-0.22348845727645675,0.007266539367601425
-0.0656100269257289,0.12879141935329091,0.029893630463430326,0.21638464258487572,0.05134278677774913,-0.26472138195819417,-0.15234733880029352,-0.32836595991362794,0.11575219388696413,0.03661682920291873,-0.07099531262413569,0.40143099473720634,-0.2708988063361292,-0.09075271536580402
-0.1717500363112043,0.19796494359799963,0.03035462269622784,0.25183808738934094,0.0810942966279526,-0.2574190547583371,-0.14202036446099456,-0.3150772004355773,0.17668324709422864,0.008594527866272355,-0.12512572352254545,0.39594533408107574,-0.346117093879989,-0.1139817326516213
-0.17478266432761622,0.12318244145562655,-0.12442926634568931,0.24528357789677674,0.17701808269923214,-0.22594492904426852,-0.17450446353796584,-0.34091407511411154,0.05853063598684966,-0.027735467675054835,-0.1136571012878045,0.4332798617254438,-0.2790487705119938,-0.09794107552161535
-0.11644585733879015,0.05996088307707865,-0.0863374482129049,0.24568221847928617,0.145055104687234,-0.3152736570577861,-0.13479083752328047,-0.4073037997106254,0.13604402778182978,-0.06303662946985017,-0.19994567632672205,0.43190954838497125,-0.33729685762044287,-0.09911086827681671
-0.15773885630053264,0.23272996678079177,-0.03157192158393619,0.23755225970837604,0.07282541292423513,-0.2982179307260289,-0.1966773350060288,-0.35120693454706436,0.10853084842607662,-0.04790595157726114,-0.09963466044694017,0.3757597799257034,-0.3650047410706458,-0.1548008707525003
-0.15255647472798997,0.14544614736307016,-0.07117671253751369,0.2322735875285649,0.11729497913397163,-0.33794713172174623,-0.1590578214535373,-0.34149253409312424,0.04718805506010883,0.0015438668679340043,-0.17896099251786618,0.4030731730012326,-0.3203863951137535,-0.12110015276867131
-0.08771077694764845,0.0861072534007229,0.29483831346962613,0.20906573556993838,0.09910702938705036,-0.303631463894181,-0.15146182526616964,-0.3328059218674824,0.05205703309678103,0.006369975105554057,-0.17540344193786558,0.3688452495785141,-0.37581071574271935,-0.1812504748714092
-0.09326378245324798,0.02593841099426102,0.0036828505399875634,0.21144516763181928,0.07617338150792188,-0.29788512220316377,-0.18144599613774598,-0.350350500040751,-0.01913163297095484,-0.008245446172759952,-0.1577847991639705,0.3792556845393854,-0.34408473426284103,-0.03910071209456558
-0.0881967523537551,0.08892505819998298,-0.0940531049679039,0.21025952841390588,0.15674160373491813,-0.29230598345885317,-0.10334718934288367,-0.32392480288285486,0.09546528082933818,0.041074166462144165,-0.11981069642246196,0.4044612347992265,-0.2906159759952491,-0.10782831303123933
-0.1561458716975854,0.10523490761291998,-0.15738726241344217,0.19639882494446434,0.11623926484911336,-0.2699238225238089,-0.13703944922218733,-0.33130758954645273,-0.0028647136714142997,0.05151796408156223,-0.14800894642086704,0.46809980395654655,-0.32483581059014544,0.1312518532424663
-0.12600964347432672,0.07513951519984502,0.008180452441431126,0.22453012141893375,0.13590627007242273,-0.2671583607795556,-0.07028765958120396,-0.3822086032966508,0.12290588435024061,0.03409870450179617,-0.08380482812960625,0.4208574437821481,-0.2974922519431325,-0.15808080420171802
-0.01827273767404134,0.04107841276966614,-0.10956626051536053,0.21222239345514363,0.08937343544022294,-0.25799975369329103,-0.06640035344035572,-0.30153971573744,0.16533086459321789,0.21196773791921902,-0.22294243121518875,0.41336999844115613,-0.2549921817763818,-0.11093811008973574
-0.03405254757408811,0.04869462303723906,0.036926583763669564,0.2227086556445393,0.0922682519673874,-0.28686514994850254,-0.07971101620148757,-0.36222265194620157,0.2531640949172597,0.13022715582539357,-0.13256269470807916,0.3782758036684898,-0.2815661221395248,-0.1328174138514073
-0.0930408930445642,0.17601106732210034,-0.04815536603404396,0.2715654782469874,0.0830411636539964,-0.24689074780591344,-0.023906218655073887,-0.2664514140248699,0.16670329087046648,0.08311643993709436,-0.14607342337288098,0.3692764233062662,-0.26414025965821064,-0.14269622941318322
-0.08823248529166572,0.13196187669768275,0.027289534326923166,0.24667717183001103,0.11224598254493504,-0.24281375831698415,-0.11119307248869942,-0.3104171207398903,0.2628223985848749,0.17484410627263172,-0.09652109375661962,0.3891788951583924,-0.3053440047274442,-0.2528833007020315
-0.08586777216200019,0.2322658510763996,-0.026614314736502043,0.18515244801825512,0.056194028448470074,-0.26114902911609633,-0.05294379331769651,-0.36016933582743754,0.23274345215095832,0.1324647784004203,-0.13839158801974974,0.3751245912008669,-0.3314113721219833,-0.09535619475910814
-0.08419531203989086,0.14082226698449332,-0.07669156281981145,0.27921692060535386,0.09454519818501642,-0.24173802629710853,-0.05279364200443512,-0.3088406813459329,0.15766969795780147,0.14853993909736266,-0.17525906555809315,0.3751248091879204,-0.25083223279455047,-0.06115818983162519
-0.14783093689509752,0.2058589418805469,-0.014525845484741156,0.25368587054912434,0.08817846716985969,-0.2737122575669946,-0.1023650980108253,-0.28897342402463017,0.2113412926318494,0.1265352438810155,-0.14659882244501812,0.40149108716930637,-0.3071289690785586,-0.1519516246873912
-0.07997686117950484,0.22808033485764306,-0.037326177571223966,0.23631062616820106,0.07369756972388998,-0.26655242373204846,-0.11689059036639059,-0.27725231442996634,0.23975019190935867,0.12743284329470708,-0.16568612392179946,0.42349324252561404,-0.3150308116960847,-0.20192761335499704
-0.11414063519150291,0.23302036180734295,0.03174471994977097,0.2374206949467829,-0.01909688708090282,-0.29053520989488635,-0.08181408034053259,-0.356288116104549,0.12166833052627661,0.10484158246214938,-0.3141814847779656,0.3603146709682493,-0.268099099707288,-0.046355709729651126
-0.1318704086829634,0.24533404158995709,-0.05009100302401966,0.24033935625413752,0.009726338414435088,-0.30297871677732446,-0.10632046696720032,-0.28461638020641095,0.1627781510859543,0.06361811104907249,-0.09101777508245269,0.3674404270696744,-0.36357793979361114,-0.18898561565458125
-0.0718839208333656,0.31807845932917683,-0.011605546817966056,0.24228224769350068,0.056174735899739724,-0.2752591079489335,-0.02852255796748715,-0.29613250008092684,-0.01578481321527897,0.027146066871043473,-0.16132211142970854,0.41324002823651446,-0.254929155238608,-0.21745033544024242
-0.17734742026363023,0.2194111225928831,-0.028697759354398566,0.2383057072552915,0.0676711749766996,-0.29596894434777643,-0.06675191261374581,-0.32227191462010674,0.04543347797964367,0.08896752917012898,-0.20109110369560534,0.38416299298559103,-0.2571744967314,-0.1600458261764498
-0.14841060835635606,0.15155936245058074,-0.057780061455977944,0.22876946753221558,0.04522931024356911,-0.31688819134604496,-0.13379294842185183,-0.3439550005122529,0.07588233614720721,-0.05902449831013546,-0.15948220994227313,0.3758767293742579,-0.2919405179718112,-0.01696897111334433
-0.17326961970652321,0.2117772140110218,-0.13778331912139885,0.23420595131811495,0.05329019263587332,-0.315454871262306,-0.14813754223275422,-0.33739782018250336,0.13897667171666683,0.07305316228331293,-0.17615921926842715,0.377588783278191,-0.32563144949735373,-0.16138193964964695
-0.14370078507891862,0.11182107097183859,0.014763636331186599,0.2396225882179389,0.13926862506598126,-0.2647013081534802,-0.09800995136864618,-0.33009904214973296,0.08963743603039846,0.044822327793815925,-0.29007244928481657,0.37168837498573987,-0.39082307488022866,-0.09249313801449299
-0.04120801058606568,0.13339331185328976,-0.0677228285581684,0.242279123228323,0.08559251185300303,-0.23079208634378745,-0.05541903418337755,-0.3395603668121749,0.16313140237537882,0.15356676069701458,-0.2354549922787168,0.37300483123044154,-0.3160386342083775,-0.05598477333792019
-0.06589162843994233,0.18509442526201964,0.17114415407628972,0.26452545041968206,0.1378544595979085,-0.3294124192352956,-0.10279854206944108,-0.3365625420301748,0.06596114768132842,0.10295852839271986,-0.17647574249780865,0.382810369554379,-0.30344966738828216,-0.11609981877549327
-0.06577003966923611,0.2155566071766282,0.04646063689008622,0.22599611242989515,0.18507933962177323,-0.2668183210874831,-0.05104413234851794,-0.2874151346784161,0.06316468569282395,0.20532577198775223,-0.09600209147850482,0.31977329315223935,-0.2950460494384638,-0.016525485354465505
-0.053687642533355034,0.25471807604280533,0.007695753663667047,0.2359434088856353,0.10301459660891553,-0.257682923079997,-0.06865049916136517,-0.26093719720672054,0.08610933610762785,0.1293406777374092,-0.14711868981323908,0.3435610002570492,-0.3768683296625993,-0.08599579364253755
-0.0691784329743045,0.24554691501345904,0.164162156349249,0.2571266562362297,0.12187333293755973,-0.24974735338748147,-0.03803446975603891,-0.3291967745332094,0.11256016926408348,0.1247243623127601,-0.13852013441141958,0.32841118282062637,-0.2954856149164991,-0.11005941917528989
0.008410446952315154,0.1781102129883628,-0.08573871890194562,0.24162985055619426,0.18226432011310484,-0.28260255383395927,-0.042500352750513865,-0.33608486058798664,0.1535299854292539,0.16284930100150427,-0.1255349857437795,0.32055961488495194,-0.22330218718279074,-0.1550428928660899
-0.06341582017935006,0.3396995035888249,0.14161844723983022,0.24069555956703448,0.1437972813695452,-0.2662045312044074,-0.00725206576632462,-0.3585745990979258,0.0934081814239231,0.1729860576644463,-0.0033247550295062212,0.36307469946258886,-0.32093570164040025,-0.04646899172842507
-0.09315688684494577,0.11133511742356277,-0.08363875849816002,0.23684583161819509,0.1240967210549736,-0.30641608879674,-0.0542909715305222,-0.35711322862187217,0.23402642134463716,0.0868552030158146,-0.1805442518100962,0.3873645806383424,-0.32444733160884387,-0.14900643657601992
-0.09003762036549535,0.2247097390639626,0.03421295226060432,0.22442937998662715,0.08643327981757463,-0.27908804307049995,0.006423940354553432,-0.3166269830146388,0.136530710240966,0.1383478014772192,-0.15626360544405643,0.3273835065424325,-0.31471283967498687,-0.04396325302676448
-0.06039041058566366,0.21885454774023852,-0.07259797090786235,0.23067316996532883,0.17278504389572238,-0.28089558588306307,-0.024907152431812445,-0.30050692446215826,0.0880881257528673,0.07973293125922438,-0.1454693483213284,0.33617023972728777,-0.3427033558399275,-0.17089195800262844
-0.02883158565933703,0.30380645746063123,-0.055127169191864576,0.2232241017930972,0.08320158365666605,-0.31613784749969953,-0.05430432809064119,-0.34803398217420856,0.0856582915726905,0.09595051207439671,0.09906471620701986,0.3254881249448698,-0.3150805478870525,-0.14127386468090639
-0.08844759090928324,0.3580715845472765,-0.05678483925031884,0.20992150989129424,0.09992847734184293,-0.3571721431999802,-0.021493404641504493,-0.31794129867264637,-0.0008521590303322474,0.06555259473003025,-0.06369916271546044,0.3599536457277506,-0.3457792462154046,-0.1737210337614716
-0.08472975372080215,0.30939942700766326,-0.07042719332237556,0.2064022230058527,0.1051664825988659,-0.31613171708990384,-0.054467660037089805,-0.3831835329611327,-0.019438672693590606,0.011571544835344814,-0.1389474682445981,0.3651888869711669,-0.3379561547987257,-0.016420940425093962
-0.10533209052878473,0.3463803187881632,-0.03896354207475918,0.2060689303898108,0.09075831540732936,-0.25914381743851606,-0.05920597707501905,-0.3979654204154424,-0.03668422524952956,0.18047877204130616,-0.11450451113181674,0.3719402769791086,-0.3394090750659055,-0.27253672737508006
-0.06848200716750105,0.35520422964169235,0.00783105273572863,0.22894705757182632,0.0965002303260693,-0.2413746156211243,-0.07362977492036164,-0.3710510061230334,-0.04152691819745639,0.1569421388631865,-0.08862634458795908,0.3523790356312565,-0.34274101536897683,-0.07263545586721482
-0.03374922583381204,0.22866484876378163,-0.053005629041592166,0.2446322790158083,0.1106355534736203,-0.2961745041584922,-0.11689009776629217,-0.36399512885234475,0.0168721240513009,0.10463778124583456,-0.21791824371682975,0.3552406418149227,-0.35038901182331317,-0.16520070980804735
-0.03389179421280433,0.33787400078192215,0.06368265340702517,0.2362083577599727,0.06387080172559388,-0.25548976060350503,0.0054553025335032125,-0.3355592462210494,0.07584651769786398,0.1670295714002399,-0.14327815681286296,0.3531876752699428,-0.3116725342191564,-0.22069230477241805
0.01923477583914347,0.3562262958127474,-0.10303749354370274,0.21691169583396577,0.055181881938248765,-0.2743489307949251,-0.00781540616191663,-0.31928830628183247,0.1863694860532205,0.1029101188196489,-0.16811436206188127,0.3708295144200425,-0.2906387112102111,-0.21159968557041497
-0.012560334573796085,0.25472705279204694,-0.10285748780444322,0.2260250336774775,0.11831400775566332,-0.27001858790528277,-0.06631001120288901,-0.34342565555710425,0.060781071178195936,0.15419320213951504,-0.20597717080235714,0.33460939114504146,-0.2730031350474997,-0.1117150533270116
-0.0734179595465782,0.2726483748076734,-0.07127304799240101,0.22550772806497146,0.0710552291001721,-0.2693608943698436,-0.09675370618343632,-0.27803384225308836,0.06475738421382196,0.0881118938087921,-0.1355815178988521,0.37966063583759757,-0.2740050093397906,-0.13886753519285205
-0.10560776174269268,0.2935606900237639,-0.0653022369220822,0.24870639059068694,0.06779058638105712,-0.30076628730043725,-0.09638111120312765,-0.3550787203488703,0.1305517874141069,0.1396616922826219,-0.2001881916536719,0.34344703269470195,-0.2983748183228379,-0.22821615545007534
-0.04651594154112884,0.1482980173131401,-0.07176523266449354,0.24065128197385302,0.10488289994521026,-0.254930128854315,-0.0410526437454523,-0.3245340353715313,0.0744830657637267,0.16505218418695472,-0.19311524938699368,0.34637210425507114,-0.31388275625235335,-0.1991253115269276
-0.08064227827583209,0.23994789837104202,0.022017577796984683,0.2535614292900055,0.07882349444746788,-0.22240673735742725,0.020631285873922597,-0.3153985642955989,0.10622996157855426,0.11194371646933769,-0.2078473770660011,0.3675434493880484,-0.2979101442459705,-0.16537969412920525
-0.12970572244888487,0.2349176794079009,-0.05707022477282622,0.24570353971496672,0.08616546752868014,-0.31508135770923446,-0.030559719850137196,-0.3888315298307212,0.13347803557737356,0.0490948464425844,-0.248027515545935,0.339939901577609,-0.3326552480968023,-0.17722819981223367
-0.05834064828391138,0.15038876748340563,0.054408032675856505,0.18573150667109095,0.03192709910901515,-0.25213039056758824,-0.0012340926652795851,-0.35777130180752614,0.1273366183023859,0.1503695015653343,-0.16230188839053686,0.3411424740983891,-0.3597246732637257,-0.05893063407603696
-0.0980643027887982,0.203571661312033,-0.045559688226700354,0.2146315744338468,0.1024805665341187,-0.27043763375811836,-0.023644901018889893,-0.37396277938793615,0.09285452688774214,0.10895893827404203,-0.25630202623700526,0.2968266818147607,-0.31262688698457686,-0.21371748756814013
-0.06744346803665652,0.187267511910408,-0.11620883134448323,0.19393251021570382,0.10632289830057062,-0.23847544781751182,0.0006786509354742465,-0.3375020480083254,0.10041867651263807,0.12300051878421153,-0.297609722867764,0.27797538122327675,-0.3444633466711182,-0.032129414264575974
-0.0323921945595347,0.14245908555791628,-0.04393861035237329,0.2212736584836835,0.08257193925736156,-0.18060888536872813,-0.018091551031229017,-0.3540023070719224,0.10442591491079138,0.08148952568157433,-0.14106103224455224,0.2958256732844347,-0.286682062030217,-0.12495072465223976
-0.0845669471598499,0.22311697795155874,0.07028218190425689,0.1757479211518442,0.11754485114544828,-0.2684665713059982,-0.03174779544091944,-0.32764266348969434,0.044829421505914874,0.10266224672853898,-0.22621421573839573,0.31924413714177974,-0.27525295331671473,-0.16116554775401978
-0.04365367102260459,0.21301630535363505,-0.038065786055267004,0.20233880401809587,0.07606512921530847,-0.23028321015303868,-0.0898285162785665,-0.35997960803308154,0.1232108844259262,0.12020041814877856,-0.1874010161393308,0.3078707418649252,-0.3747933575723551,-0.20916591818721186
-0.06030589956375306,0.18686421509556606,0.012895750597091875,0.21930431568959569,0.07633903276736251,-0.25067065323942617,-0.05362214648871452,-0.35046491148928316,0.12990444187807104,0.10955674586556709,-0.12281977233343692,0.29056101839110426,-0.3473080911518447,-0.12965715415203363
-0.04073048512123798,0.2906377921907428,-0.10417170884329814,0.2330735435292447,0.08803155901634489,-0.2067333467354718,-0.038775535339458114,-0.3375905038091914,0.20674031759235778,0.09735413797529704,-0.242128423718274,0.3005256961182242,-0.295041330585423,-0.08211453846255641
-0.044250848773102494,0.23691341721243153,-0.07896304127171595,0.17788086545670326,0.12260447293113988,-0.24309489159905867,0.04692961737354285,-0.32283880867691594,0.1479323573795568,0.1582459567753479,-0.18937851199110026,0.2706926195641294,-0.33210706325283734,0.003269112760357526
-0.008529111000727596,0.3172690125962381,-0.0197697661848087,0.22260332044634146,0.08557962916640637,-0.27320048225075955,-0.010392170596440384,-0.2957001279548993,0.10611485085014936,0.10632146813290841,-0.20871243496963374,0.29887047386802124,-0.37437417192139305,-0.1618462316530271
-0.013044481738540316,0.2878911581400062,-0.03889970636004309,0.20758895262672564,0.09396052591892354,-0.2431799221546052,0.04552462138415219,-0.40187871669285646,0.07795364717041212,0.1266002580878079,-0.30170069106018954,0.28036418891051634,-0.35582340139295754,-0.20385801194627148
0.015125672422606339,0.24348103939054988,-0.10377519227070284,0.21803831128772022,0.0857038767182134,-0.24012762562314346,-0.0170446528781136,-0.3875775889555865,0.12061689658411087,0.17348024380180896,-0.16218717233987884,0.3087279172517753,-0.35719912254668174,-0.07881262948457923
0.04362696092217701,0.3869426832866942,-0.21953573288467504,0.1869492847117226,0.08195360207821806,-0.2461838481506748,-0.003908476874896917,-0.307640664540675,0.1493521787007832,0.12761999578530034,-0.1353865545367694,0.328766201520427,-0.3442624623671259,-0.16684399044557793
0.07200142874019003,0.2514652175505933,0.010997733036185996,0.17122407005387347,0.1192732836343066,-0.22649360119031337,-0.06666385927024444,-0.3251276253646591,0.16148951271728493,0.1234926269854604,-0.08397702134921586,0.29365536024696276,-0.3818260502126867,-0.13584450436350037
-0.034487232093216164,0.32821823965739017,0.04754711870557667,0.20290408087283063,0.08326308970391028,-0.23738335492094592,0.08811339393930523,-0.321484702179194,0.07687844279926836,0.13317223902116426,-0.05727721317334492,0.2942615658819212,-0.34482716090014726,-0.21685241066151323
-0.10582960338992414,0.3910971120206909,-0.03776577957571303,0.18817472895428788,0.04086177819518299,-0.2269481164033075,-0.03727528564015114,-0.3130837910007746,0.08099502180786401,0.08231551939040899,-0.199540523175602,0.30033812837851914,-0.28825211138015777,-0.06840294526203357
0.011357016043254975,0.2745890190201984,-0.026870017706429397,0.22632807189571302,0.05858890625929481,-0.22628950473403642,0.06429247586699906,-0.2930700432311046,0.11029579956171029,0.1251193424675079,-0.12881737703781374,0.3522237706115822,-0.33767029205120214,-0.19528260550569582
-0.05547879932938527,0.3031245011444642,-0.08961756715795396,0.2166127604662844,0.10525465348871314,-0.24386455222371087,0.01686441015997263,-0.3142739162705359,0.13997788071603232,0.006236765288051058,-0.10207065416636653,0.3430848779612461,-0.33052373462460727,-0.17968272298770818
-0.02240334384006727,0.22550393452316903,0.06684998662841139,0.2136100725599756,0.10384684416695698,-0.16792334615260368,0.11513276372755858,-0.33155283182467754,0.1321591733610144,0.1495377220623375,-0.2683546629709294,0.2877780144239049,-0.24824075979746724,-0.17432424919938408
-0.022070559262648684,0.21908221210353074,-0.038668794361872316,0.2147914206854121,0.11744443926012867,-0.1996987118085959,0.016135843698703967,-0.3644714585757073,0.12341732390223707,0.09301626188976571,-0.21844157299360192,0.3487318723594311,-0.3012731635947317,-0.15552056411336593
-0.017545163799788235,0.27180057415040026,-0.051450285279598745,0.2149238216624743,0.058426129533027955,-0.2193657241419396,-0.011738250819986754,-0.37643490114599437,0.11238193641341764,0.13108551588321854,-0.17643582613598202,0.29289639480008595,-0.27463802943231846,-0.19902162661099518
0.00986379561634074,0.31233613874848026,0.08405723137063177,0.19684633717302827,0.09467987995084995,-0.2386319153160667,0.07020147562399806,-0.3075543357516105,0.18926957068355485,0.14132165889816511,-0.2880233658389683,0.3113432831411253,-0.3477296295005766,-0.09490263954834718
-0.0751544891754781,0.1946802502593482,-0.09289632377733062,0.18353982878336284,0.12294939371624729,-0.24180640095619474,0.03713808805375731,-0.32647589325617643,0.1561359766554849,0.1079828305841412,-0.24035088395161366,0.30520700313270716,-0.29079584745231124,-0.2667742455454307
-0.017587687944963456,0.2523897516287632,-0.06296827135525332,0.18892294686869804,0.08593144153060774,-0.24098402828892254,-0.03268847197205004,-0.3907956330299592,0.19790147181828222,0.07703311546409349,-0.18751779128753676,0.2723734247916511,-0.28931088440287467,-0.14835420380154518
-0.08879562467372065,0.21758703353739695,-0.05863098387281323,0.171867646046719,0.09264575291552996,-0.19143828656579104,-0.00597992576498613,-0.3520530979757587,0.10433339871107541,0.10708779184988779,-0.3046158676415003,0.22989987956604127,-0.3013886029033977,-0.23993862613245828
0.023683097715293887,0.20706575997615534,-0.09254450352775925,0.18088169066119014,0.13612349183245387,-0.23888265256881164,-0.035459501369033745,-0.37912059283023736,0.16161392660026566,0.14214525575646317,-0.2256399244617807,0.24782043508444573,-0.3216600876537847,-0.05080818070878064
0.026749932509733804,0.2121077343095015,-0.12513045926590274,0.16600054650080576,0.055998685076067874,-0.20288021597835723,-0.002716592370400523,-0.36501474783491383,0.15921648950598327,0.19968475318680257,-0.13934539519221414,0.3005207687863453,-0.3196893764501533,-0.2427125601626307
-0.08172819376087473,0.2710199887978157,-0.07577186939481073,0.14276159721413786,0.10758067304666614,-0.1528937684818503,0.022063426500316192,-0.36148719378994976,0.1771553830914461,0.16411044228445798,-0.23047463018352873,0.2967064481708807,-0.3177610058144906,-0.0899241888448023
-0.01962347800031886,0.35179445941977244,-0.10221091799646825,0.1632446836062377,0.0919895246367461,-0.1928151590036575,0.05522397692550442,-0.3914381665861832,0.2046611144691672,0.19376698708233697,-0.31705552970161144,0.29894626443395744,-0.3461817274208355,-0.08840326930477498
0.0275068530642559,0.3215085376644527,-0.22949875494501473,0.13498789283347662,0.11446060536416905,-0.22500206226646854,0.10839026688763866,-0.3343311333616092,0.20026247701445365,0.08242643831662592,-0.11559975636966383,0.21725356392687,-0.41699584924903443,-0.11069003870959888
0.05229968152921974,0.2909703962840664,-0.20804929740542882,0.164215325051988,0.10054433262814767,-0.19842937645130054,0.040020907356310524,-0.39108585878499114,0.1563917572578652,0.15928484689828823,-0.17160673124097303,0.2514306008007405,-0.3618709732550905,-0.1312479636400861
-0.04545720234138946,0.3580394217029862,-0.15393562395173258,0.16970759824473455,0.03829717139257742,-0.21363516973212443,0.0995002053061836,-0.3378649791198945,0.19637867740860798,0.20253068076349018,-0.14147023109608825,0.2558135246113704,-0.36920231124903125,0.02492150936099503
-0.038774899420061355,0.27826532229356166,0.02714805445613664,0.18891307600803864,0.019968022739021367,-0.22293569591034199,0.0448193275484962,-0.4112919094080233,0.18762619199441888,0.15229611426288228,-0.2486982740522026,0.26354749106174924,-0.2854275047560021,-0.12042286923926307
0.020534911549509878,0.35706728891116635,-0.05929204317709951,0.1646058447139561,0.06219666941562453,-0.24879828820896324,-0.0002505859102046067,-0.3628407420854891,0.20479552089151368,0.08439906215182168,-0.250062946934426,0.2228083373968018,-0.34215812035951715,-0.23544242339572014
-0.02758403077607254,0.3684244742341794,-0.03531945033336221,0.14647718870146487,0.03660285943844383,-0.17082807195138722,0.06315696551327896,-0.3074944245188911,0.15965429745371137,0.20722002262326653,-0.1480131676395706,0.24847843856167978,-0.3394962344451519,-0.13511093332608415
-0.04244736812641436,0.37575969704994666,-0.025316910751204555,0.13959971627079026,0.023636513805336372,-0.2538659689258074,0.12485756110869928,-0.3329898124697752,0.17818559225561761,0.10163865975207301,-0.25713091036170255,0.27998553174357466,-0.3434333943464648,-0.21989488653308026
-0.060128307732608355,0.37675492741178,-0.03692896629116526,0.15836505855546426,-0.011402943664506995,-0.16301502862459416,0.01989711236568126,-0.3143750012483468,0.19832309452345695,0.16330686251653798,-0.14833873119014349,0.20863419603770297,-0.3677566214006803,-0.13317563661064646
0.013995102756218234,0.4431851280342454,-0.11510210035975096,0.13733743420896205,-0.017233929170095703,-0.2076247024925057,0.08834873675689255,-0.380603479308602,0.1594613776055058,0.17020386188669312,-0.09270847104377788,0.29332658499945863,-0.2592611689233114,-0.2050453343845564
-0.053978254863477265,0.35927618030981034,0.030191696675761066,0.13534012572565277,0.0018250427332599886,-0.17367132096306484,0.03419518818174026,-0.3617556413669911,0.17431101139287822,0.11102804833270297,-0.14212517801091426,0.2487938696704919,-0.24444903211210486,-0.06506523643356835
-0.008812449157080088,0.3636137854749227,0.03335980575976449,0.1643727306233631,0.0014739995749329722,-0.19153705190347844,0.09863252395796965,-0.43839632680364304,0.14384539991574213,0.1402013449763785,-0.04949541925835717,0.2548583105764052,-0.314612380838989,-0.1571847093242663
-0.00976390139157764,0.4349798180968483,-0.0532254579384469,0.16682550856656234,0.03819965234185906,-0.19041525168690365,0.10046616777411117,-0.30613352561309,0.22283208945494842,0.10941360201537337,-0.18502087460217928,0.27934986974605275,-0.2783539752644153,-0.16578623740359805
-0.04683972525149816,0.482481996823519,-0.024145092984141605,0.14088277307089642,0.05242288401836149,-0.21171526627225434,0.0824725262677022,-0.30089370744335464,0.2759347460779742,0.20390892299525776,-0.14612139316438555,0.22716113983531688,-0.26018495522990903,-0.15615300914542532
-0.023188802872878205,0.35849979049682396,-0.024594637390755545,0.13283397268153949,0.05764845093080242,-0.16207602977882787,0.029231782511004768,-0.30099324910113834,0.25026137507649804,0.12146052239188455,-0.2033226417348824,0.3039960482357153,-0.3242895058608003,-0.11084192405134723
-0.015994750429417337,0.25481547190151504,-0.04130010051452681,0.12268087811781458,0.027420232212780678,-0.20832924701645136,0.09288184188911616,-0.3978794446085184,0.2791121926924638,0.09693508648276933,-0.2170409019595395,0.2824241790446665,-0.32698727233121505,-0.18696339814580215
-0.08692122370200205,0.28286517252301197,0.08484559224214477,0.11283138776084908,0.015956148951121414,-0.22303161952269743,0.12612864855086153,-0.3858834491597103,0.26494970797019557,0.07068903300368233,-0.03264231418046067,0.2129962027662006,-0.2547266671172873,-0.19705650823810297
0.043465216379045116,0.30084444409833333,0.0352066828529974,0.1523919723725283,0.02664349046173958,-0.13553780504783847,0.08906802366748764,-0.34867328007388687,0.305670602133466,0.12935350727850872,-0.2840210728738683,0.2756685566741446,-0.3350784606741033,-0.07734905890634593
0.018215771645136547,0.28834336377445274,-0.06350631679479729,0.14026084822655066,0.05054153388490254,-0.21064780037210193,0.1068083794800699,-0.345259612587996,0.21914154858153403,0.17666760473853246,-0.13788321972601855,0.2881347362784174,-0.2839924158983179,-0.16588874900217682
0.019393240590802704,0.2700701022591065,-0.1211314704899485,0.14377381140584117,0.040939646285332414,-0.21487076110505068,0.06643098855019798,-0.36479186545524145,0.26398217542993124,0.14548614998317222,-0.1808034409358329,0.22438752361016842,-0.25383371024202295,-0.06339335604657799
0.043618915585156286,0.23957411721359315,-0.01899753780816265,0.13481630216388008,0.07038599648137547,-0.16685691613153192,0.1048280707428028,-0.30903332503246583,0.25857168310681106,0.17152802736068803,-0.24499799384804208,0.26486801006733424,-0.3185467964324173,-0.09237877496054853
0.0738006866644012,0.4404685441748635,0.030720553121864717,0.12308840241541154,0.054539085358567295,-0.13966345951573936,0.11366866839221422,-0.36757876726443484,0.18005361431737366,0.3265680803074955,-0.1504117619407801,0.21188046150580406,-0.3253949130988791,-0.21774125695928623
-0.02895030906879762,0.3171234910936074,-0.11310679812188265,0.14208249853641064,0.037322549726652464,-0.17991594091340285,0.08975452752694563,-0.3393346997577618,0.24936321652304508,0.16673139072414567,-0.24491104843444042,0.28252524397920714,-0.3293383697643836,-0.0023796232752190485
-0.03660068863908043,0.34795397914656606,-0.016569091345752684,0.10693010657125801,0.04614201673782928,-0.17198591418170012,0.05108948796668256,-0.380817792658749,0.25893939204112426,0.16427609600249204,-0.16364619934798147,0.2503031084511607,-0.334409039601114,-0.11698705279020896
0.02528561919244634,0.29343941959845943,-0.08091791319963565,0.0991128698270884,0.03786062881390578,-0.24107015467918189,0.10603450285871038,-0.33526850475118025,0.3140992591297542,0.15235076456897081,-0.20151497173480015,0.263750801586471,-0.27663454203078514,-0.08882105121885217
0.06727283246266831,0.46106943595738614,-0.1623006915492808,0.1364817666013863,0.034712659414560726,-0.1447220036878212,0.10653749234425153,-0.32848258767955485,0.15002660773836696,0.31659116024898887,-0.19309999439348888,0.2032770484770614,-0.28043257926319004,-0.09822113333089136
0.0455706595530751,0.32333309109842767,-0.05229558794760145,0.13606270267434978,0.04613652494478375,-0.17123634677663355,0.07731047546510283,-0.31328440607239477,0.24917941407114244,0.24743053655804764,-0.12916622216359194,0.22248494607608554,-0.3299266175548803,-0.15965262230631197
0.05237941579372808,0.5762861128402951,-0.10333162017676152,0.1309866262163217,0.06982689405750932,-0.1578444092686337,0.13866273343468954,-0.2674784199836175,0.200171781853977,0.27801797832026093,-0.15033042723897383,0.21641838849251924,-0.25718848206493927,-0.1618789235816443
0.07929914295751467,0.5226891732025808,-0.1213163870702621,0.13412487508054272,0.04101873888512295,-0.05063912880822229,0.07170511194035765,-0.34735374665456814,0.15080741720228397,0.2006886817817585,-0.10788905571598571,0.16402992079086548,-0.25717983606413625,-0.21424957728336133
-0.0252164753650659,0.2914897791085299,-0.057443270717516356,0.10913990377700332,0.011299060303102737,-0.1903262731015262,0.07690822744081661,-0.34798438509243235,0.2695097359173974,0.17105763961864856,-0.1467641415988619,0.22648618775127516,-0.29404982515277045,-0.009305734741339866
-0.06949095839100816,0.3728513585219517,-0.2077244127138259,0.11838510452080041,-0.006080287620523912,-0.11521967196449245,0.11549525495153301,-0.3411977418459196,0.27632992704699205,0.170852132021576,-0.04236407747834998,0.19834636397536956,-0.3173267805574163,-0.19456133843012932
0.011187396608595407,0.32308156141461813,-0.008230684689391919,0.08620704778662167,0.03887091546451463,-0.12184072138799583,0.12255886167749469,-0.24212908184371892,0.2404218196732077,0.20959855038221978,-0.21303897074124517,0.21462816416634062,-0.2440933876181085,-0.1524814287645749
0.03424459804865876,0.5383398421364278,-0.050732678494707084,0.11039446680361038,0.04881842165520176,-0.09188511545822009,0.16335863226012626,-0.2652652622176044,0.033454777563363534,0.2952030599426014,-0.17544474089406487,0.20954447172294827,-0.27319580213393824,-0.24942534734365365
-0.037779815162805416,0.42038757951320677,0.015111512044737818,0.12137489153362963,0.021102154562346886,-0.06753476806166685,0.08428096544001583,-0.3469997339973413,0.2803713937565727,0.27425019857936467,-0.027367927672573185,0.23974039988899074,-0.33084440702654294,-0.19541053251358517
-0.05026982820747424,0.2698414677738837,0.012960788397089324,0.09549588431351667,0.004653408958825653,-0.17447688497727842,0.14369934445045457,-0.33747167852387766,0.2819109488460574,0.1905806114940984,-0.03886218408877643,0.2596338173077046,-0.3120940299438004,-0.1573006426343609
0.1886310979106117,0.7404976200537883,0.20723381334231458,0.18923609116612758,0.33255986233615636,-0.15876562851847514,0.012117065887890814,-0.3363563707367985,0.04509740860115407,0.030297035181565093,0.04340228330419715,0.35965915608227883,-0.3038173225288705,-0.008648796392942195
0.03875861350395731,0.3655059382626478,0.018931934292365935,0.11506034874891444,0.02531864245643107,-0.13052824043382585,0.112622165811173,-0.27027372590068893,0.19163177191376532,0.23126919669210227,-0.15532888564997918,0.2570247070942032,-0.2230006972336355,-0.2944006103612024
-0.041378112004410994,0.3205432356528097,0.060540918919032405,0.1098450861302565,0.020405869769234794,-0.0991253532050696,0.12022625895431847,-0.24237257445608756,0.20027151896395604,0.14142138762364492,-0.12835927271535164,0.19137853593677762,-0.2569471510662522,-0.08871820608502697
0.012892961062110471,0.2989686032805993,0.13824562184850378,0.10203482018221936,0.057217977342230684,-0.12177336059307098,0.10065194815299676,-0.27004887278650247,0.27592706849155463,0.11175349002873906,-0.2690029248168114,0.2562694787314809,-0.30228001097376556,-0.04945524609142077
0.020777824174654753,0.4541482019445213,-0.09561692276658396,0.11516483710653555,0.06731984020755125,-0.12368979472676703,0.17975115094663463,-0.31652572517860594,0.16798776137859533,0.3031919813013086,-0.10139868678422198,0.17152149349428172,-0.2605402960257528,-0.30049110187906347
0.009228273592976028,0.33832228162119565,0.03054184465065757,0.07482989535353216,-0.009584933396799769,-0.07328185214424328,0.17611743837818825,-0.28113834627056145,0.2907773396759614,0.19170076163373875,-0.23329987413897832,0.24319655119571196,-0.3202981160053812,0.1057702804505621
-0.05041611069590437,0.2411144960876427,-0.0404409123568295,0.12532330371065933,0.04240217182953826,-0.04178116633111553,0.11477272108088765,-0.3288127424881384,0.3347405476444089,0.14730700827772267,-0.24808414278950253,0.23016062294574882,-0.34322384313343623,-0.04693482797295779
0.024515394266412045,0.23823014564788758,-0.01099471149641388,0.09680763961192411,0.05646011366507579,-0.08217138941929261,0.06682949867061519,-0.27205396228045936,0.2773172302890383,0.16905677209202377,-0.09566130211218456,0.1737300017494884,-0.2557465354422231,-0.04506756587749057
0.011549584259019845,0.25200053563350105,-0.022546765100245298,0.082952636754174,-0.034904667845405246,-0.08283789519127564,0.08996204207167267,-0.25228987703974265,0.27890867713992123,0.18749426705021713,-0.16980474298499337,0.2242504382770095,-0.25863002177213756,-0.06978863895695486
0.07300113815959158,0.20996946326002147,0.06477415876144615,0.10420082122604263,-0.009333149696025236,-0.1131977141187361,0.205567040037158,-0.28133462057513314,0.28829138067393667,0.21436238280273576,-0.12336531328200513,0.17113589324229064,-0.2786192557956331,-0.08653453912803599
-0.027490499343264398,0.27358136544897743,-0.04547521562247853,0.06519332294252611,0.015168077302349531,-0.10112952358223905,0.15624354489660697,-0.28107583235266254,0.22015744858547506,0.22888858739167794,-0.16398764621612766,0.1652933290570519,-0.3126651164967204,-0.09373934593613342
0.20133777952178522,0.28962269601980745,0.06746754455181847,0.13765211428817936,0.3568127346433752,-0.2332043186155381,0.07227119067112198,-0.3346261180975878,0.0941396313137099,0.19304041587115553,0.1234282910353471,0.30285273414269764,-0.35565835513352656,0.04758452743337513
0.24997244565383672,0.318542703096331,0.08747482668230278,0.16912728100772592,0.33633767775338286,-0.2213595837155347,-0.026879823107706174,-0.3724499440773945,0.09221502820950224,0.17185802180941137,-0.009039817388800485,0.30033393046865386,-0.32555203109893815,0.029037467954202117
0.15504830383629536,0.4415042947970371,0.06112307108955818,0.13556970076878486,0.35994366309578885,-0.23836830187030678,-0.0033252166026692433,-0.38690208991145086,0.08104607394624362,0.1626125391583596,-0.014927967221194124,0.2942693219215811,-0.3069094618028873,0.136510368100059
0.1886411945804906,0.34592907138282697,-0.0355467415228229,0.1659877143871784,0.3856293494991411,-0.17107860463432223,-0.005559677564373983,-0.3260802338327717,0.02896399448851101,0.05630860030560526,0.003368705517868949,0.31523058346999194,-0.3954000840890061,0.16014844140498757
-0.08899908506881635,0.324033018358399,-0.0782987889479786,0.08925244404984133,-0.033579379351321284,-0.1305764762243724,0.06897979378007202,-0.2808972152123325,0.2426255999478401,0.28158783625517264,-0.22170481998716954,0.1712242446901284,-0.2622362843022582,0.008057059877593142
0.15529119891807153,0.594674156291732,0.15556851478311717,0.14421372639370095,0.30265282090248946,-0.23013530798711657,-0.004824164436434979,-0.3059353772522592,0.043362588286238596,0.13758935831167424,-0.009075526104394814,0.2631291158841164,-0.3764027055616667,0.009574679176094938
0.19608472063554985,0.5138775523581777,0.06358727646021438,0.1426032738624577,0.30131829899394363,-0.21272052340224165,-0.039315342910448886,-0.36003952822593055,-0.010722154436968834,0.06488840409662987,-0.03820777818228238,0.3371874573767187,-0.2462617386033528,0.04154296081988676
-0.12366533744952898,0.37982799167829595,0.0059498722005273666,0.07734477852184062,-0.04938054155817499,-0.03872537993044535,0.08947938794111532,-0.277651894060052,0.19646846462792042,0.2519753360031684,-0.15605243120621862,0.1392013434120664,-0.2515578146735334,-0.09558217466755659
0.1332006170543502,0.3241020799386765,-0.09934837141478725,0.14735683025566307,0.2677574090235757,-0.15615891224108194,0.03007045760350279,-0.32459734073554436,0.08862781303384554,0.07153361595636336,-0.18205634333377893,0.32963404622124337,-0.30537227553693935,-0.03513383267589463
0.19818783848635763,0.6342243226394412,0.13892511266921997,0.1314724489349731,0.2448354785056804,-0.15889621400299603,0.08768401973137585,-0.3438009518869378,0.04143418305527734,0.09594197369009486,0.07599135388789191,0.2233425189037131,-0.3356253212957485,0.0944517390945568
-0.07171871957036553,0.378837227454555,0.0932046988121102,0.0633949358962406,-0.02193467944755691,-0.03570336522697705,0.1609099211145329,-0.3081208018217182,0.261892281806746,0.17488572445618156,-0.15618808457273112,0.14500420000318343,-0.20123191913859817,0.01822243839449233
-0.0776174732351972,0.3293343305209653,-0.020159187438422283,0.0550629641968712,-0.050594654583334085,0.021528199262912762,0.18896374802718782,-0.26865505000189704,0.18987565550438407,0.24602326505088784,-0.13209166017477378,0.14651986489098467,-0.2945346186230984,0.03055671551159585
0.13502003051974817,0.3800619825512501,0.057605881934898975,0.15178718947615638,0.23929621032806356,-0.22604605795321728,0.01243817404185199,-0.277119211336297,0.024765780668320515,0.08648723799703792,-0.04927136003711878,0.22931214361025032,-0.2685052595891008,0.13176260888234032
0.1113640701024996,0.5216369484777602,0.048136272386695114,0.15679614665709823,0.24377783389237198,-0.17391423861186728,0.030848676369147312,-0.1955488604308641,0.01839507753248934,0.09149879123319216,-0.06444868589835759,0.2757434713925181,-0.26632025195538994,0.12061456962376153
0.1802890397370266,0.4518146294992457,0.22966076495745588,0.13950565615996322,0.26604140491937417,-0.21577519135094472,-0.00831120689182593,-0.25528720697963,-0.01160814000828989,0.04819009324527662,-0.13488779825381003,0.25560778570583276,-0.36883636033812284,0.07821509614162409
0.178121621942449,0.4485284214762631,0.06991114983966483,0.14559844043399423,0.3114512110526393,-0.16070733730116982,-0.001117105840285125,-0.26082310636332634,0.04073499561736304,0.08213626553387987,-0.12899871048058958,0.21823325253721979,-0.3118182762881383,0.18877972480059865
0.16732002240827404,0.41180545593798284,0.0661833932868642,0.11689006484850663,0.2621376443490368,-0.1574884663206656,-0.018520554673313767,-0.3219502408190813,0.030629358771960553,0.032038308340964335,-0.11565601739027949,0.24083441108607842,-0.30756843606564827,-0.013986142953225323
0.11741299373404698,0.36795300198767433,0.06644718778690113,0.11364244466921994,0.22033338238940428,-0.20123728858760562,-0.03844994815591557,-0.33041912705723203,0.01793857111685183,0.0011300130839191733,-0.04668173391038875,0.2321166010850385,-0.3179808574669154,0.0683251586297596
0.20507287853263909,0.2720965018453612,0.001456651603167591,0.11351423538014517,0.29530281328520885,-0.12000682322383985,0.018885500626164124,-0.35146694884910223,0.02308270330298012,0.08461640759967742,0.047434303906209715,0.19958100192076386,-0.31688980212542617,0.07969812075365258
0.16170136239769686,0.2214417560719265,0.11922466415303415,0.10827970847937568,0.2925376140034601,-0.09446925621938618,-0.0869584570203199,-0.2517195983475648,0.14717334057862141,-0.022758530578585987,-0.02385483512384001,0.19653225416512457,-0.4003263563557734,0.2098800286977345
0.1249919617592164,0.24093755084239954,-0.03520080643152442,0.10868753773316636,0.25327929330102117,-0.13773186245007504,-0.03492899449029511,-0.3593839886339442,0.0028336835272092225,0.09630893122168435,-0.09012638813883316,0.17870651768776308,-0.3603088815812625,-0.0019079870140698524
0.17710555756184665,0.15275123920444672,-0.09171092342567538,0.11421162660000546,0.2860616680316549,-0.1036066372375133,0.02169750425026165,-0.2895771694192042,0.020538455682931774,0.04332673228624842,-0.18039532252710083,0.20380331935235055,-0.32157421453867885,0.040317844487196094
0.18750375096307453,0.23126241798139036,-0.013637140232814711,0.12407539194138711,0.3329231036470177,-0.1797966342896313,-0.09827299063023485,-0.3183263123960733,0.024356647039978686,-0.01317052978864917,-0.07550615247536625,0.20002287193769366,-0.3066573051851457,0.0822041315450126
0.2478988092226374,0.22915290592941434,0.060464575152369,0.1114737932369324,0.27474369605847027,-0.1088018357429323,-0.07696875655972388,-0.23198029660499941,0.018701731318867463,0.04393460753148893,-0.15739644528420405,0.17853949402713995,-0.3219027566358685,0.08530705685688615
0.23846050651078823,0.12605516932596686,0.1035617145633028,0.08988358447601248,0.2746971267342543,-0.16945117320485273,-0.07260131542744588,-0.2910060466157993,0.025714418735694532,0.0065774092224881965,0.10256930158207622,0.16898866948361757,-0.3856585396231381,-0.010800310301543277
0.20269816101778046,0.22309997061154807,-0.04046414745028165,0.11932225078166056,0.21510313932126798,-0.1793225315442907,0.006594413095225513,-0.2894238651260859,0.03288614481868809,0.015489820397203676,-0.053136651594551006,0.1923865963098417,-0.2649659160216466,-0.05306344851717542
0.24975368316749455,0.18790911806096253,-0.10269898120626393,0.07384485501540562,0.21411420466305817,-0.15906184384643066,-0.10295135043129904,-0.29074968876916907,0.014852271179036924,0.04162237908199577,-0.12508167032380796,0.20842561296454593,-0.2894753977386039,0.02239228171598809
0.1833943193713522,0.10568477929275173,-0.043495163845507424,0.09556198153289275,0.21552347166864605,-0.18445481312338938,-0.12800432247850704,-0.2768223325231676,0.042140326951777954,0.030970177502646735,-0.16817400297645693,0.15933305755886676,-0.3395152888998828,-0.1098269819163334
0.22840240046734803,0.2014314186696491,-0.10741815873581644,0.06899370608543601,0.1944566171416735,-0.11642582882395432,-0.05385303295701748,-0.24400908613916006,-0.050141681600732485,0.06439976517095615,-0.01726624758144931,0.1179777753673782,-0.26168403551166347,0.03370875285059262
0.18410983365022582,0.21183079479578096,-0.05841046732702363,0.11320445595845495,0.21892047685833885,-0.1520441519761613,-0.03868319111395018,-0.2420580119926835,0.005725720549403752,0.09270352643499694,-0.008000525348587948,0.14412043245367157,-0.3980696735872264,0.03905594990489399
0.1851750303391125,0.17976597402619263,0.06389302657315461,0.1254197646794794,0.22954390019050563,-0.13286790108370777,-0.00260942909075302,-0.27166033893980973,0.008229465375098366,-0.013963835037822841,0.05231703696518314,0.1705167271886213,-0.2614452166545781,-0.03747323860732503
0.24391541393958052,0.26263008689305256,0.014737342116378263,0.13096188613888282,0.25000668030309625,-0.14778787718763287,-0.08405529987820667,-0.2585896045218299,-0.0696836166658289,-0.011018794483817894,0.02878561029603411,0.15261636730405734,-0.276525839379857,-0.07745371059015833
0.19311500183057576,0.22365371620239854,-0.054749979046367164,0.11797454028297147,0.2291496762893613,-0.07752630644224354,-0.03502896823755122,-0.249715509300398,0.010807655267575334,0.020097947321209602,-0.21370515841824927,0.1827307745020662,-0.31862391517893257,0.11702153794083359
0.15352491520447287,0.2211355264777373,-0.046150048623880294,0.10049486280121195,0.19576294391081792,-0.1354161225384338,-0.07470209710418146,-0.3243388580769718,-0.005055331350046358,-0.027620260495357464,-0.08272331578465766,0.11608276709448036,-0.3039961154882989,-0.21336253202613856
0.15177899315886323,0.09538625714032486,0.018645855054065824,0.10644106573891907,0.18451477814840628,-0.14784649623309357,-0.027032617524370667,-0.2873083204670465,-0.01907750574563261,-0.02225805270551428,-0.05497011333137842,0.18120998595511395,-0.23131563625091903,0.07955410119810792
0.16871287603823462,0.12312228288044866,0.03866873710339779,0.1061669288428097,0.2116142952299159,-0.07951288270947557,-0.09023327349109875,-0.30704215956237096,0.1443635948238201,-0.00776873861081548,-0.18466726821022375,0.12582038989065084,-0.28568449385066647,-0.08710719231056362
0.21270653058642203,0.22927244684100295,0.031724098209413874,0.10595548853040254,0.24995100868591583,-0.12532479983057007,-0.10978521961960222,-0.23701657300019752,0.0015174045658704646,-0.17251591048945134,-0.10177358650212744,0.0927044225821563,-0.29767703045375843,-0.13964856856386004
0.22428799181373885,0.19864368190933285,0.09676193480731395,0.0927867854778453,0.22298116137272145,-0.1772398314348834,-0.05165319816822949,-0.255107356958779,0.05370409081198956,-0.052305014912991825,-0.26636178190596554,0.060289314936490444,-0.28075299950164256,-0.2114888628716719
0.20917261082533337,0.17348241833766415,0.04750380639807719,0.11530283754810325,0.254329413859341,-0.08167991726030573,-0.11058758799404472,-0.20889973646825735,-0.0020303634435697563,-0.06257370931127602,-0.15605872084099653,0.05391512899712374,-0.28489313065829275,0.07636245358877138
0.22300230630505355,0.04666205876622397,0.05438740930535976,0.09200429135600204,0.23862702069348818,-0.16099607944260685,-0.12520299498250312,-0.3299176038181701,0.02539635126087059,-0.07144280585631814,-0.0954707539854425,0.07644125453143436,-0.3077205913356022,0.055168711949936826
0.24863184560293763,0.05750795663225241,0.05618234086119908,0.08901613719261169,0.2637441439362732,-0.058096056702255705,-0.1360347644603054,-0.1681941911365864,0.00014421682120729722,-0.08131468421822888,-0.08135390270343745,0.04538960051683483,-0.32875818776265003,-0.05581285061312575
0.2141639448465699,0.10617220107365104,0.0036523780038964387,0.1010066547529307,0.2522437429853904,-0.08996279723524829,-0.12590523936251835,-0.2246025502396704,0.020424693694992484,-0.024826450977300043,-0.12014138802622404,0.006639652365969693,-0.3622500094365127,0.02598234259502373
0.25310412017219525,0.07841544618019415,0.03764856625202983,0.09416849317355307,0.21692856008970793,-0.11332733552174115,-0.05357544518112244,-0.19406532792560008,0.067391460885333,0.0019087434525135183,-0.0838812425386173,0.02981816702739072,-0.351627394282568,0.005968586392745325
0.1943359774774992,0.005533375724068452,-0.09060579321909631,0.07743533149953279,0.18976456066889544,-0.11487135682911156,-0.1257607633383544,-0.19204615578259895,-0.04978685823508644,-0.034188938019792885,-0.05684261459160883,0.021439573681291544,-0.19992171415204577,-0.07170456437358755
0.22285774596969363,0.04058011496203373,0.03666451867443125,0.07768381972380727,0.2039624411888681,-0.05313216874964269,-0.08339095288733085,-0.2489941958007657,-0.01916240909666388,-0.061555118854115666,-0.14590072850882818,0.007635102435042807,-0.2967700810833813,-0.007854293205770012
0.26944856192981287,0.08733740885761578,-0.0035128749359304534,0.06544489405528311,0.2017120108232419,-0.10408712598604393,-0.0844660534098652,-0.277144542902348,0.02312768143611517,-0.06605675795760269,-0.12542327491306396,0.012345723740402506,-0.23900528125433207,-0.030500671135888835
0.1987407657695667,0.05055009528796613,0.05140446962218259,0.055744489734675946,0.2160248689570793,-0.10904292763830548,-0.13299280898851762,-0.2934588713916291,-0.03645257295261199,-0.021727429889174095,-0.12380563534305646,0.04012478122478392,-0.2856301127224886,-0.26868198987945124
0.20547153322637213,0.0743296186207602,0.10104778496199396,0.07281490285180302,0.23233930573680536,-0.07634812950027509,-0.1458779131169088,-0.24702584361383204,0.02764417854859099,-0.06685944426447193,-0.05656263589021885,0.04261103071730763,-0.21039183888797683,0.14867525449180982
0.19366691681383977,0.036533074096877075,-0.009737890637509999,0.047835046646133215,0.1981459499480973,-0.15828923045550525,-0.032985548238322976,-0.22123455768480219,-0.07113596019545286,0.055539778033017996,-0.05312100923375658,0.032667094351426215,-0.2865160215742007,-0.20835578624718884
0.20185639665710148,0.11185173788070843,-0.09387995921732539,0.03927378782162913,0.15953126055356545,-0.031141554266542148,-0.15566741820923213,-0.22552020669661052,-0.06829021070664135,-0.10886962065406187,-0.0968148035319795,0.026699545667875926,-0.24649221020062678,-0.013956863654384165
0.21623734592614136,0.10799263950151655,-0.17618681944983397,0.08715313823553138,0.17433303709540446,-0.04886766168475207,-0.07612483431952988,-0.25846443187805546,-0.05950412339319392,-0.06986484824429796,-0.011237978423367228,0.08668482055710584,-0.2136980220230565,-0.13541265726424662
0.23779622360908648,0.173386975782285,0.07313440890265578,0.04674936945432393,0.17115274326276309,-0.08786692250034814,-0.14680674376518205,-0.30818092706874134,-0.02069001865237982,-0.09684230468435023,-0.03696064918977399,0.046846533373827756,-0.3562089299545318,-0.14220637075501383
0.23369657716392025,0.10555153510652399,-0.08003664493873612,0.0499158263301755,0.183594973582925,-0.02469078700148068,-0.07979253443849506,-0.20433301312868732,-0.008373466477798451,-0.014562889266990108,-0.1658009380149698,0.0505038045390606,-0.22930946732322166,-0.08953848091637562
0.19993365600622953,0.07276680867770505,0.03460273205009834,0.02191303185811817,0.20873661909804916,0.0021585150072195715,-0.11928799219379724,-0.22063238618622816,-0.05886580812799206,-0.1067340915868098,-0.0674660031287703,-0.014996148957362905,-0.24664334477594532,0.014364044738346526
0.16789796537752072,0.08672285326618936,0.06408463279857401,0.09142831812155924,0.18345765686336796,-0.06871850937461543,-0.09112676342725443,-0.11017118612865018,0.050254408292862075,-0.09805705070828685,-0.030816139168951984,0.018436572463404258,-0.18985615685988763,-0.12593508165954506
0.11056407358301047,0.040617883211484095,-0.057067013417659226,0.07616691330544838,0.09281541903730305,-0.10293562225949007,-0.08969180560841519,-0.12744342414283766,0.16301556766203487,-0.07448773592609535,-0.16800748287905878,0.06745572382186767,-0.20366870684479157,-0.08884044187260404
0.15957118251711566,0.04754399363586023,-0.12207093305695704,0.038587752538270424,0.11413099141055105,0.04793791174427944,-0.039852958293601165,-0.18770790533578668,-0.06507676815636716,-0.0801420056061554,-0.06287934144540401,0.0006022556471066505,-0.2219887548119616,-0.06382979294229654
0.19052654289721505,0.053268761817930506,0.05749832784135867,0.04749981251141909,0.17646362577588992,-0.017910289227712702,-0.06237454351626005,-0.16487666301561038,-0.030290547934598924,-0.06622911474710187,-0.0669810520615019,0.03615524205381195,-0.25331805610078667,0.09456675739691504
0.2182924652431111,0.17871292443499204,-0.002219611134320928,0.05911134943749383,0.1695615180195192,-0.022748447247390044,-0.07753429297405563,-0.14578255343286106,0.008027958459614704,-0.054425527362598015,-0.12997989352218448,-0.017711794603813048,-0.21940269323400363,-0.052199808205901824
0.16064014369913945,-0.015130555979794673,-0.092123448787236,0.02764121406658414,0.16961315860597911,-0.048461677011456365,-0.04536541113194316,-0.2223369043620306,0.01746435582117929,-0.10855993882248574,-0.1810783869865429,0.01804177973083629,-0.2374695952633864,0.04674132690644227
0.14107198100496185,0.038620600667380635,-0.15028821975371146,0.04001631778453583,0.15628700619400823,-0.005523291867400775,-0.1342234684566157,-0.1259092104460861,-0.023218124845218444,-0.007004673233469112,-0.14219975240456387,-0.009504858482216058,-0.2638824753753988,-0.17676920873624533
0.16309464802912313,0.06930858302845827,-0.1039331719137286,0.03630217004672348,0.08133115706218709,-0.004012619248051717,-0.14062846523974581,-0.16951626424560298,-0.03852559340487489,-0.062158520296286775,-0.07835834727109621,-0.06354587323281197,-0.261511189019993,-0.22056743428651812
0.2232553987822302,0.06624863360646609,-0.24940981488619365,0.04239060176804478,0.18596863785634563,-0.025074276584878822,-0.06173881918937022,-0.09532022484529337,0.017286196815194384,-0.052250147918497684,-0.11802436174562858,-0.06983373224798549,-0.2137393485375912,0.02307769409291525
0.1509230642303095,0.03043350293972426,-0.192113045088844,0.01793624324703842,0.22672072435436524,-0.06899648202061236,-0.0534721447184606,-0.22426573848507436,0.03902215266515349,-0.03403157653154994,-0.027993049783505714,-0.03705010035727908,-0.14477162855818798,-0.05475390917042977
0.17815817753512778,0.021439542301532756,-0.14121251212777203,0.02283172932492331,0.18289113040986865,-0.03714215638760653,-0.04156811955630291,-0.1293021533063464,0.0213616266665872,0.00881107227316563,-0.08118159422722808,-0.05966378476057288,-0.22900210835236318,0.08633485763569121
0.20018600110859464,-0.028872709775620925,-0.038154258821943954,0.019877909940507154,0.2375122979344033,0.009793578859619864,-0.0653063950808824,-0.05114535776614958,0.009767012478690325,-0.08757283480009596,-0.10088988613515962,-0.022017102356131642,-0.24800470756339643,-0.05748526610003336
0.13739700609037517,-0.027852114435277908,-0.018759144306151703,0.029314382081696524,0.1285679114591418,-0.01786552347080702,-0.04586620089002187,-0.2301842848504842,-0.05165106662336684,0.002549260174213929,-0.09267089696579636,-0.0828752030312547,-0.3395850025126076,-0.18222463580570203
0.1288382098941963,0.04397560774068229,-0.05392246083260897,0.017660625707775806,0.15110090838770862,0.003385344199045287,-0.0628738489749278,-0.15238096110856134,-0.04585048618635622,-0.02824798925566949,-0.24432531297904556,-0.028553016397081923,-0.2958624952284288,-0.046235311619784614
0.18835299352611176,0.07028090334898353,-0.09706545660089504,0.04381227672955428,0.2052890219197376,0.02633658227914608,-0.10008287598660062,-0.05468377550875084,-0.03590692385360087,-0.10306671795138851,-0.02220698276632091,-0.0006050561567943034,-0.15098945299534955,-0.12489842398159191
0.1261552703838085,0.029112787852866764,-0.04322506270602753,0.02931244491179336,0.10944781180824208,0.04598820241964993,-0.07637388755676913,-0.10752310094687711,-0.057954890344103,-0.022855761654093545,-0.09871050993321386,-0.0504893222882114,-0.23920512675309,-0.2327492028955119
0.19213808178798128,0.07033522155206763,-0.11680536398264976,0.061304417930093176,0.10379407642307281,0.025605423597316216,0.02611536681633948,-0.15918810698953972,-0.011970360318877228,-0.039995165268762164,-0.18927002773147045,-0.04472888143263164,-0.21878412641111866,-0.10658242707916861
0.17898835522225334,0.0541322858769911,-0.09690650823134295,0.04204841201146609,0.12392013092290466,-0.013058915968183505,-0.08721467823038893,-0.1846562208688806,0.0005248138983246241,-0.03196944956998088,-0.1863861487225409,-0.021890430555221968,-0.24278457246830537,-0.12843163860570317
0.16348427537191285,0.10154580198147917,-0.09426515321424986,0.017349214088374695,0.1258612514477727,0.08992243251334059,-0.060971526073505256,-0.19817027318269442,-0.01232268943358089,-0.06232677972869608,-0.0671828928107995,-0.017946273888791543,-0.3444405207905784,-0.11990822598728325
0.16789889637688948,0.11743373811086188,-0.19919311830730912,0.04695886408435898,0.12677257129346814,0.04324680156273663,-0.05632863615180075,-0.1725114415030069,-0.007895854479758909,-0.029811129704409602,-0.12620387180620818,-0.02054437360297731,-0.1820009842352851,-0.1360999054560336
0.12422674497883657,0.014027921499772524,-0.17248894229741754,0.031874355387387567,0.10737840705257118,0.07596575852296232,-0.0047347760989419445,-0.015941877379493517,-0.020976585207810285,-0.0015051502373552748,-0.08540483545672388,-0.014322389974540304,-0.21871249400942833,-0.20282771494335278
0.12423675239263811,0.03791479384403113,-0.07862528994306565,0.014137960134085678,0.09783312068175783,0.022479543870602612,0.00018880242374820673,-0.2141466987921651,-0.04449173771050056,-0.06530703322139632,-0.20763505131618096,-0.04195434778783759,-0.2801903230552026,-0.12820300596216186
0.12305369196240981,0.0853804985953272,-0.14044442372056268,0.04111691592236238,0.0947547791271602,0.04386296927652174,-0.009125599423062208,-0.16376097046901938,-0.026761124285678613,-0.022873566871341896,-0.21941824279871094,-0.03702148786598508,-0.2300018172574397,-0.20070167887302853
0.13679727053070498,0.021200475489819428,-0.11742503217563972,0.023819002886266018,0.07493141785472833,0.1079345872455605,0.05566138648003434,-0.18527854135403315,0.004826791544562196,0.0035858676912965755,-0.17546451800912524,0.015647116610222982,-0.19434259771928866,-0.17018137729317023
0.09020256447057506,0.11529648138140206,-0.2655250841578936,0.005835471711951824,0.08537984787237782,0.02723646329629162,0.002273482747327118,-0.13056213405941935,-0.012896300957060795,-0.08584748177573161,-0.05572927786075892,-0.053160054763346495,-0.22281742080522174,-0.17258263804069332
0.10989610046919972,-0.007769007456743657,-0.1158171284454934,0.03257466795930698,0.09721626896795046,0.0843266065992005,-0.06706070414342162,-0.1327228619614989,-0.02044208919169138,-0.05816337295371715,-0.1622534626344324,-0.019582367490038728,-0.16141692511735228,-0.0870834416318287
0.14456999617051203,0.02750708787828916,-0.08211958096279763,0.032089462145408386,0.09412815836857702,0.035942457259440654,-0.003817925718239381,-0.15862250958594964,-0.02862474363676931,-0.0833238234995673,-0.17178116153265865,-0.053478330328005204,-0.24419105788473894,-0.08989132264482701
0.01879929137408605,0.016836949219596484,-0.1333154643385772,0.02222837599480123,0.08768651855143751,0.0218246803569767,-0.009971091795993323,-0.04226065240650349,-0.03189595619277435,-0.06603999762121181,-0.10663665686847837,-0.004195573618929893,-0.1838744238818449,-0.14282150664404558
0.0726890862477577,0.03616664076986063,-0.10926246998001038,0.03784754563625904,0.10911643626693525,0.08725366329722704,-0.006757601262198847,-0.14589521624207816,-0.011090595198715011,-0.07787427362869044,-0.16280999389289438,-0.024393450468016793,-0.11637052871366833,-0.08032116661381322
0.08416120310555524,0.055205235528963774,-0.12047439297045585,0.032358820424535424,0.08075889983001279,0.051129048518289345,0.021983181301122427,-0.15858402443670447,0.022355855559521767,-0.023748296994107763,-0.13868848084425037,-0.019490840310438528,-0.18233544294045514,-0.13108775625144253
0.09789805583045554,0.049660260223583656,-0.0621805369018038,0.020942782607044626,0.1155646302105431,0.029743288980488038,-0.06097563987516898,-0.13788842692671446,-0.01649094450234162,-0.06518486874281845,-0.09402159896994043,-0.05099530799893058,-0.21281827424105113,-0.015365278881789655
0.12523984693066703,0.01614433559450312,-0.1209251133019123,-0.018004567549526406,0.11465416469524246,-0.0036538693823627718,-0.033962049169984555,-0.11854566004492381,-0.026201430464656693,-0.09142644856734597,-0.06639992631378722,-0.09527184534667726,-0.11955733592517187,-0.12097216638061632
0.11727029408998417,0.007529881825135852,-0.029558041861303133,0.02797286731568564,0.14313012801561228,0.030812663723202384,-0.059133870116327855,-0.05996352918748775,-0.01014220455357882,-0.061120984394076684,-0.13524629698533108,-0.05134923338137253,-0.17660999404014696,-0.21419969189535104
0.1448080005844467,0.025550948243450545,-0.16651255622712122,0.005565091974190087,0.12878896411203725,0.029884353325934785,-0.011575990524575922,-0.1392817784418297,-0.0018667843150144414,-0.11163494367344666,-0.15292501506785283,-0.10459985557118923,-0.19307172308158632,-0.10183090405163021
0.06400202690819483,0.019705487075680993,-0.0022326650921889687,0.036577026235873306,0.10074863873467543,0.059842598971849646,-0.034660720742002195,-0.1809753992430792,0.0031075633617602782,-0.025759343893255085,-0.171670855323124,-0.07073852426840989,-0.16628600020786952,-0.13469729670098424
0.19718737179455748,-0.05134936921112788,0.03662663908783075,0.006803068999705471,0.06462314093992913,0.059143962402634344,-0.016200502720240838,-0.07030370759039731,-0.03332614903660105,-0.021067938572539514,-0.16729556402264462,-0.09343606758043077,-0.1723462743470241,-0.05183652042041606
0.09483438398128691,-0.017184516639829256,-0.12748742640455776,0.000958610099956884,0.07751171282016568,0.12496288944958575,0.12566377420146338,-0.12049230555841506,-0.07047721264542861,-0.03688325802786982,-0.12604468185478632,-0.04394905108221326,-0.2030965465955138,-0.17420392125108486
0.1139224979353541,0.04093105639679156,-0.10083482008304945,0.008243533078347277,0.09351171021835256,-0.0032085215737773917,0.016165451760810825,-0.10743031668302938,-0.07385231793157668,-0.06281500866605454,-0.08099810208551247,-0.035857876522948515,-0.2727905363089847,-0.06898492628615824
0.08701683246644393,0.0713864294861634,-0.1510758735987898,0.002404889044052884,0.12271607265981518,-0.025515875005214874,-0.04359435765538511,-0.12110604140532578,-0.06790888480797547,-0.023211673144071236,-0.09051395380937403,-0.07246337423539366,-0.17065165448957237,-0.17026431223728297
0.12729582495472688,0.0765511869791467,-0.18245958725853217,0.030985915319951037,0.09532491684072894,-0.0071911674640657945,0.103592701687013,-0.08036090056657162,-0.07168620466286264,-0.00015317482418549923,-0.13599471392090015,-0.058970325871359246,-0.16296800118820529,-0.21109255780920314
0.10369162374943607,-0.006367389518253379,-0.1376024262824687,0.04180389007004826,0.09530299562293876,0.035518497561915434,-0.011331856015093041,-0.14639762350370925,-0.00398800631960256,-0.04817360779622442,-0.15886792628456195,-0.06492914656819579,-0.08003719230106061,-0.15584052988064473
0.0849490650134135,0.0698212920713213,-0.0226488418808741,0.03314607587271552,0.06004726051003254,0.09310205042848589,-0.09355067604663019,-0.1040775364390472,-0.062481649425479804,0.05113006549012009,-0.08998644749786133,-0.08767862402481934,-0.17603279235612157,-0.25855689800593173
0.21081060107256305,-0.030210355550340507,-0.21373930289244378,0.009359663560728962,0.019285995865309772,0.040589724066076666,0.06317130937198515,-0.08294373385786341,-0.061490941486929865,-0.0011616116051787664,-0.09934138574241334,-0.05613919959363421,-0.20522908060827286,0.0005895849242361767
0.0887054178960727,0.03308743574571605,-0.058149259457117214,0.0017059113510360067,0.03975254307952456,0.08641628410221028,0.026055931991836315,-0.06798563567980798,0.01753777457209472,0.08907985529025236,-0.05376626779888099,-0.07861924529424104,-0.19801938246537568,-0.20880264335119264
0.09799805094698526,-0.019471292799007417,-0.09797108798072361,0.020890895790404363,0.0690117883489829,0.0924884755854536,0.011028558182098205,-0.014150646581607118,-0.009535033222385317,-0.14269391573698076,-0.15754510988448514,-0.04901235277416887,-0.15300801134144823,-0.20866450431390457
0.1106081547016507,0.006246896693486617,-0.15888037034269184,0.01584189550444727,0.10679658934931921,0.09926836191145282,-0.02666452144157342,0.03078045996544591,-0.03373527113107486,-0.06175691429658249,-0.12966676096817717,-0.03408729282653616,-0.14485534039942197,-0.31101018486393295
0.11604404397199476,-0.020593983160053474,-0.0633497680252276,0.014239781186133347,0.12170211828507425,0.044257253257367,0.0004298258301495564,-0.07455385419429571,-0.0726028682133231,-0.07146055146255087,-0.04206487292560398,-0.07427910891206535,-0.18081298931351386,-0.1405967924779267
0.07614967012546733,-0.0335231789127042,-0.10397976607783449,0.019101990306912,0.05904339720170363,0.06110355846005372,0.07375210798394582,-0.13472820928045515,-0.003396046814757582,0.020037506854367927,-0.17625233059101691,-0.05498520943797977,-0.15421394925142318,-0.19457177473993223
0.10209507572319874,-0.009918478093875664,-0.10568120425597378,-0.0004490037456129789,0.05292430169808178,-0.01684478578567533,-0.04511795315930105,-0.03053278447572967,-0.038038327546714115,-0.028797061067890657,-0.14020711695968366,-0.11051969987618339,-0.17707958679365107,-0.1161974983312168
0.10730312310844614,-0.07538700931889887,-0.05882495154360553,0.0034714745578295044,0.06596201844399115,0.1029979157960598,-0.018956823511272154,-0.1248838443999619,-0.02483798214413951,0.004709616577437878,-0.15291074156987042,-0.11192877975577856,-0.17478860687108896,-0.10906435432478502
0.07551451449368138,-0.04958243706956283,-0.003383991971864816,-0.022940900488617234,0.07853662340947072,0.007498935816394641,-0.045235244635568606,-0.11339015951079635,0.00025680520976453927,-0.09116500092979717,-0.1352740025417501,-0.06898820655377232,-0.12002306280443925,-0.23741499858722037
0.12565500718342731,-0.0006971547213450657,-0.20854298145708292,0.007087395452916968,0.13810121294044667,0.007032728882089692,0.012970226954883125,-0.18250465720032522,-0.017343982047946238,-0.10343580384019553,-0.02112798462409241,-0.08049206574494205,-0.28511915443001074,-0.12117110907476483
0.18488348543330577,-0.007043720028760115,-0.1951407322284493,0.002332184559380579,0.08711735279111521,0.13694722369794768,-0.006022374237137104,-0.07130594720966632,-0.007306519402722509,-0.04675221636807352,-0.10991598102444329,-0.05845771703412513,-0.1584872463700763,-0.06908340425822322
0.05996138647256747,-0.030508532109039723,-0.08574679324944665,0.010936356820754474,0.10073303725197008,0.001049923489798042,-0.07775691790539718,-0.08934883673111249,-0.044653059447155266,-0.02253969086322294,-0.06235856725603942,-0.0942964139076389,-0.20186152237890653,-0.1408425273670419
0.1336315845299288,-0.05166862056427404,-0.09203338435421188,-0.016835259790858207,0.09810399030522159,0.07209077419756213,-0.04059552045110834,-0.08871629339502442,-0.00014853921988809132,0.02000245251394741,-0.13697085907996306,-0.11364907575055741,-0.21444714416333188,-0.21041862415951035
0.12022689672227871,-0.10297224134283464,0.09094063352889882,-0.014325227650973481,0.10779663685802363,0.11197443725395723,-0.08016162766040474,-0.16700493418128637,-0.042761248722813144,-0.048472917941398797,-0.12824043252104586,-0.1078540618088298,-0.1439555360113602,-0.1355127160647871
0.09847573209196464,-0.07434142372084729,-0.05600698495505887,-0.017881792843242667,0.12711379389640734,0.00941031899783464,-0.09586341637743405,-0.09403311375824652,-0.03558945587482147,-0.02880525311032592,-0.11865263238558253,-0.10378424890956256,-0.19537614883823878,-0.16609873851398296
0.0503267720218471,-0.09412983319728797,-0.09107243703009807,-0.007950657349632103,0.13640513610994595,0.06315583471421445,-0.05546771552243874,-0.17952165360287703,-0.047275812615025795,-0.02526463392382652,-0.15643055493580368,-0.11707602556532866,-0.0847550499964173,-0.03586839103994527
0.06898085321893087,-0.07043076488268377,-0.1621145621081651,0.020583413003522608,0.11040173401829975,-0.02144000317780917,-0.09084120447224217,-0.02887841837237249,-0.0500816999464053,-0.034206115346122445,-0.0704608909180763,-0.14011099058660423,-0.16854813421051323,-0.22980730427481236
0.11793598843868076,-0.05366883132398491,-0.14404718278925885,0.014898841548636901,0.04291729479542853,0.10769027280592632,-0.004470708032709996,-0.08691518255698143,-0.03602952410822345,-0.08225372307426003,-0.17228793913599194,-0.09937055252044598,-0.09422388254583143,-0.14272502533488182
0.14854794590587214,-0.049826303412353785,0.02907205939664479,-2.413024747085666e-05,0.04413996330253194,0.031031732154064573,-0.050521333872034675,-0.14455695629045573,-0.05236291500879094,-0.08066480993215082,-0.01209579886435139,-0.08070300658627438,-0.21632014299115612,-0.07845875418766338
0.12080046799571932,-0.009862970926222356,-0.20483621354169396,-0.0060963250768444445,0.08979312389667779,0.052348316023628404,-0.03658988994486283,-0.13885288783074304,-0.011709555214713988,-0.008096927749567467,-0.08736588057970213,-0.1200331585293309,-0.21008880360268958,-0.03177788667311368
0.12621958643716247,0.09489464864060763,-0.01588132527515334,-0.03640206883254694,0.0065160789925462976,0.05386749066686825,0.06342685915462204,-0.08716048275336107,-0.1310328661186794,0.05788742097797226,-0.03494080873167454,-0.16392946317505439,-0.15262748936273068,-0.07150878594291062
0.06972877207006306,-0.008028595214858113,-0.14060429893910759,-0.02467744481723905,-0.011858260895131697,0.07970291725388247,-0.031615322213895104,-0.06848440482712753,-0.12301598884551766,-0.01354986249001047,-0.14605832824058984,-0.10025781784882952,-0.1591842528155859,-0.2988497396002394
0.02710874390144313,-0.028028862553450426,-0.21040592037791542,-0.0019283163291738225,0.08773830711554306,0.06072488065519257,-0.044584995390613294,-0.056535798853554475,-0.11987284289096707,-0.11152784402073954,-0.13129761352175312,-0.13556710952176274,-0.14744489595974297,-0.21688875463520216
0.03307392047603046,0.01834625325986912,0.01953079572792998,-0.017478530022541523,0.006094063398275718,-0.03119067128918138,-0.02444116949761203,-0.10186151752361898,-0.08008866691239498,-0.09176501869288382,-0.13634618472044724,-0.10391112578146446,-0.16946808486049325,-0.14150894228082908
0.06903369946253973,0.05679501373523916,-0.04511287903056186,-0.008794003048598526,0.033568246191092145,-0.0011208172501826544,-0.0157149308522777,-0.018597453796164603,-0.09329475991209052,-0.125273079172525,-0.038671782501314686,-0.12691394659088165,-0.1176724795353493,-0.14310910662726603
0.03732185012239094,0.0006705194831707692,-0.05164354402353283,-0.018578444927230157,0.04603744036510587,0.01172901858274243,-0.06861450916603253,0.007171858014942289,-0.08982740820692918,-0.10347814102951526,-0.1715493503185381,-0.10192877075104163,-0.17354174261601754,-0.11850693541738244
0.06490817916499737,-0.07318814481829751,-0.10067384728058787,-0.0119544097386717,0.03320214645137015,0.019351523856727077,-0.10924212440793013,-0.027892983864281216,-0.04562217681751608,-0.08204499094679543,-0.07710991088991961,-0.1397560661983788,-0.15669610167918216,-0.18470559337690926
-0.02184509837619444,-0.017180481600400112,-0.19889097641471806,-0.055834485983290584,0.021737512433325216,-0.008310605426557427,-0.06465815392555303,-0.15152458146679304,-0.0693084701522615,-0.027877934560233533,-0.03888709706292531,-0.09615285495645169,-0.16730641467362192,-0.09359696885455282
0.029663539023646997,-0.09771315400382186,-0.17735061184659168,0.007823402358876328,0.02517292560380095,0.07245644658259708,-0.06322491514710034,-0.004894091461097947,-0.01267178103284348,-0.1326329988133578,-0.07343174913942928,-0.12756979521737075,-0.04641655374676707,-0.04351057081089685
0.0858685018062608,0.07115705747882548,-0.04135481230026338,-0.037695804634029086,-0.029292638269801708,-0.01822578244399849,0.010779350898794143,0.04959381401420928,-0.1139535402556137,0.09182477513241181,-0.007209913196412509,-0.1453533149392889,-0.15649783569916492,-0.1794476908888067
0.09403045371750288,-0.021111387938944716,-0.10380528906548464,-0.02122377118176691,0.020041223455035933,-0.02240065796571109,-0.13587553236394947,-0.12209380729892999,-0.026135474540180562,-0.09200129307934153,-0.09480133156829243,-0.16338856656641393,-0.14905361777839213,0.01840765662318413
0.06686254506906755,-0.11748599999224081,-0.12742622177180438,-0.013111133292569167,0.047669311612123386,0.04495852138755209,-0.08454470300174394,0.031017037911642245,-0.06429316668431939,-0.050519547045111246,-0.11349428469649578,-0.11339649391342407,-0.11558901074986189,-0.18108481289963352
0.018397818767018036,-0.13433007026091015,-0.11695640981294407,-0.05104357202828067,-0.00676130348544372,0.07373303907227689,-0.08419654080321322,-0.0015840658969652997,-0.060214748769357215,-0.15669952180827412,-0.1709344360868532,-0.1113221569996443,-0.13245295077459235,-0.004335593037475071
0.061491083646938685,-0.0909632769499016,-0.0744978994421911,-0.02685064950293899,0.011221738311153385,-0.00031263901035213145,-0.05854779688854111,-0.0234953678007542,-0.04794879653837434,-0.16767956106086945,-0.1568291390637396,-0.11218090633761676,-0.004647975662871312,-0.16618114761440353
0.07846032634199895,-0.06229250974601518,-0.02866480863532426,-0.025880078394539114,0.0713875034810291,-0.01697304389073309,-0.11985349772397715,-0.034286902989747,-0.07592997860899675,-0.08100677526952789,-0.0736949723525767,-0.15779059049937877,-0.10182467329244556,-0.2036289575756554
0.07344374577757858,-0.05721622929903055,-0.05445448098083251,-0.03682678986161732,0.004525197278171491,-0.025825063111617443,-0.027387087695337084,-0.03815816337751726,-0.08570690232406633,-0.03606467105330076,-0.12668638413469296,-0.14762750168761976,-0.07292140401110742,-0.08088003909387634
0.07578514340017176,0.009696473776547978,-0.03386326035244213,-0.04743486204301805,0.03281640117868824,0.02042323803079179,-0.06379005629640787,0.037621668942237806,-0.15546621362966634,0.02719957538584319,-0.053760960059361394,-0.19363294158648633,-0.1247504360791985,0.029161448556119227
0.024532078875910916,-0.043895387825962286,-0.1380399326081689,-0.039851287982972605,0.03486800865851479,0.01450487010207355,-0.09787577845098692,-0.007703338238521829,-0.07941677644016425,-0.02457833244706817,-0.05049291435636596,-0.15574441788926713,-0.07441723734929348,-0.05672715485515213
0.04073589106112246,-0.050022940244999745,-0.14531737435668907,-0.0445890998185494,0.03922228934075413,0.0009124004688195358,-0.08936693878215432,-0.09644902048401237,-0.07092209618021056,-0.14047423744683668,-0.11445146657887516,-0.12150290950803191,-0.1030960836557399,0.01841748568875029
0.06647000582884562,-0.03785152086997279,-0.10054411323794646,-0.04562381309221364,-0.002901728068249275,0.009714590354961703,-0.07515848820004951,-0.042216110529463,-0.05372167051965053,-0.058696969797043565,-0.19177708044883388,-0.16910757356253292,-0.10627000961305923,-0.1405639487541326
0.05988038760951515,-0.1546132976439923,-0.022967351203726272,0.0042039746484388175,-0.03234460483838334,-0.035026913198005605,-0.09470630226604697,-0.0685222678355686,-0.1256871785063153,-0.09020198690060133,-0.1094414687885487,-0.15965231965912197,-0.059338893774860436,-0.032616792343720606
0.09646673568473155,-0.11740901992132594,0.012833328012893733,-0.037249082889275684,-0.02751226625621541,-0.04538566922716418,-0.13685410857476654,-0.0011158257039981005,-0.10867115459628295,-0.0863562685215092,-0.13326065296056877,-0.1346004122949355,-0.16806067873288288,-0.020255417092380608
0.06936239385272897,0.01192562915997195,-0.025549887568510957,-0.08730472124447101,0.029861280504238946,0.02528279771809935,-0.05919906527009856,-0.038501498043689984,-0.11297911460152288,-0.1347479109607645,-0.15080846823202537,-0.14643691175844678,-0.12006148323947062,-0.08742332993773767
0.046887085954627594,0.01977766266974126,-0.15612278118536987,-0.01235609575238228,0.01687384827920871,-0.012179893981555008,-0.03225270983782631,-0.026638442828797917,-0.17832197378837497,-0.07056507089756593,-0.04585646941474318,-0.15129858476491456,-0.05600462636127145,-0.04251948454286682
-0.02135970864844751,-0.045861796026891555,-0.05290851214594046,-0.01723957394133507,0.00733994783356424,0.0395698409850569,-0.0924673831447222,-0.11645636509724511,-0.08908683190864831,-0.08104909185414806,-0.07304014067895714,-0.15221620717593856,-0.12304521297106202,-0.049918317919879086
-0.0046210339437254624,0.004494649006047653,-0.09798074217745385,-0.050647880025084135,-0.0010565796954691458,-0.05190350400020686,-0.03498563996481995,-0.03183063581412862,-0.1361347394820997,-0.17034132335722174,-0.020182701038422592,-0.12464617950034355,-0.13963326721007382,-0.03318553944282254
0.05032193199630341,-0.03845450036233482,-0.16760345352989606,-0.054363600957672245,-0.009435199727481747,0.0487131801700094,-0.008983002495836646,-0.03827682942413707,-0.11972323910375074,-0.17935410273679375,-0.1507049199017274,-0.1378406700457333,-0.08086459921325195,-0.1648420952276629
-0.04691605312427863,0.0011537835341348418,-0.12415711159008111,-0.05569378680193647,0.04332338321282467,0.03696065533352317,-0.09840912751216108,0.05711501320696398,-0.02913727106291894,-0.1449062999751777,-0.2666042882622664,-0.12788393781615576,-0.08051062242489121,-0.2240867676433012
0.007760376978696588,-0.10472415318781875,-0.06297534782732131,-0.027531845987891965,0.030094706839722075,-0.043976173546259274,-0.07719541097547794,0.010529234113007368,-0.05807827002975767,-0.1061915803893545,-0.010158843858081855,-0.14990559519573024,0.05536762207611821,-0.21850671653411044
0.00826035151641878,-0.10965163738867112,-0.01776441116112181,-0.044973779883215825,-0.006440531051690161,0.09124742970311847,-0.19106054370275743,0.044976084977929244,-0.14080440042416328,-0.07518108606494579,-0.21526778746689104,-0.10000703027541115,-0.03910554880735101,0.0879156184376312
0.00926257220740661,-0.13333153909992781,-0.11468603700998002,-0.038429862249668593,-0.017161918016390606,-0.008233096638271238,-0.0012153355349520754,-0.10436727179698338,-0.1273943053686294,-0.1372357807066661,-0.16910543086885754,-0.14973411501939737,-0.00021839084761424634,0.10023571173582363
-0.06467498186849059,-0.08256318581108937,-0.07164980056268173,-0.033760183051844965,0.01311400655047362,0.039804773207695175,-0.11203219119717292,0.020426296493382616,-0.0011122354816429792,-0.19389502245864476,-0.0578357454407416,-0.12060350317058083,-0.06317699797512108,0.024817078612835157
0.060705056174536136,-0.09192315833231385,-0.2273776502417259,-0.069609666910586,0.03710703920514298,-0.06971147460908886,-0.0799931170256776,-0.07331088655392927,-0.028131558932201893,-0.11225376620345909,-0.1779577957688532,-0.1332474187674222,-0.06692990128462031,0.042920160482943226
0.00823040475238,-0.14396675293563732,0.06067755357116404,-0.0489798495115279,-0.022997175501696512,0.005424869310855873,0.006235370064828507,-0.0032042267629198993,-0.11681603129190055,-0.20736397560510078,0.025297951133266067,-0.16382238613962008,-0.1880200919508926,0.03512053818598079
0.06787888141345574,-0.06320331126680506,-0.14282933267646172,-0.06550418258407799,0.001618035694995237,-0.030884842298107045,-0.051873415365869105,-0.12724586544958638,-0.05597674365316323,-0.16803246840277178,-0.18256216726073302,-0.16590314353022834,-0.07792643851659282,-0.03537579190948518
0.054792037416001554,-0.17272380660657258,-0.09862755642228309,-0.03701510137877511,0.05472398225982353,-0.051947972889368955,-0.11887986980903854,-0.03363463658927417,-0.043181822532511065,-0.1879586622905319,-0.1366881489974419,-0.16197304536332074,-0.17707721997586545,0.0023841723807970817
-0.0039031815047087057,-0.12950023424471407,-0.1469599752859454,-0.02204432983277648,0.020603189771245714,0.008930799058664151,-0.07730534658238135,-0.016459766819164445,-0.09703948611867362,-0.1506131064177032,-0.1340296689475076,-0.15857711968267632,-0.08131947949961442,-0.18603349232740063
-0.0007802701599987304,-0.17805779370770872,-0.08207458647174742,-0.02618211476067969,0.028366350181462094,-0.050238529734783696,-0.12786326672913254,-0.049361589128492256,-0.10790617729234889,-0.15586064568316788,-0.25049730060727493,-0.16764377839129033,-0.10623222344453279,-0.03208143008700309
0.0903986017080547,-0.07010753933006471,0.07855977832942741,-0.046574819778805635,0.011354962098983448,-0.0549329424237475,-0.0777138277248133,-0.0718923644028281,-0.2012081938295336,0.007214685667132638,0.024145331155478178,-0.21813755662481987,-0.03694966405285305,-0.04801308503715366
0.057097943268988836,-0.14125963628075872,-0.022858954195151344,-0.04614943390233416,-0.0285829691903723,0.016290864774949506,-0.08452144222830842,-0.013613298139284923,-0.10062601841184085,-0.18609964007095586,-0.11744631449189571,-0.16671036422153937,-0.12877206887631495,-0.16358687660116908
0.04770654047548853,-0.10377931700166819,-0.15228880407497492,-0.04595006025128275,0.024560942860983506,0.008379821727589568,-0.06482341608414234,0.005966732055319692,-0.06703220611084137,-0.06902393355797452,-0.1602274157994596,-0.1419481018833901,0.02699929237604831,-0.11035424603484713
0.048509444287833235,-0.16782921223917135,-0.17324184504932683,-0.03447562858616887,0.008975812273222243,0.026679664191462806,-0.07611784910889466,-0.05409135482422533,-0.09881580295841061,-0.04545718219166675,-0.060299706847345425,-0.1500239348923788,-0.1086650422130336,-0.027578717993803945
0.130908067116043,-0.05565470341423292,0.0034285543152085796,-0.037160840800004286,-0.030562929208825015,0.05459644910836834,-0.05302344441311984,0.06987111132250856,-0.22235994796074296,-0.05184139783005468,0.13515842560141358,-0.19537691129494586,-0.13506656358973937,-0.008842516430761184
0.06371119988546008,-0.1061744342699411,-0.10114761208872408,-0.07567973406878198,0.00411702350161341,0.011234735996609856,-0.10354765794734394,-0.14200313534761796,-0.1020137992079457,-0.17222646597655322,-0.028011959296949766,-0.1498240308198393,-0.13861694574076563,-0.12069537846777625
0.029525839594796432,-0.11769152641489602,-0.055120496572401645,-0.06359542871579305,-0.01982683855643785,0.04135362930356564,-0.1362164990362969,-0.1606538018235231,-0.14272429794889177,-0.11842495469672679,-0.14830156337087502,-0.12237510367842704,-0.15591388889048857,0.013251143431357712
0.004270172091768534,-0.13026970099553217,-0.04255102912434908,-0.05579225988869346,-0.07784629062596697,-0.04508729518957786,-0.04557797336383856,-0.04631290793619739,-0.12216063441400105,-0.08259661223391461,-0.029039144563219252,-0.16340505404845546,-0.014055909637055353,-0.2629775217933384
-0.0008053247501991087,-0.09116492692614324,-0.11059038726906494,-0.04618506323621535,-0.06399921071971647,0.08179792241197496,-0.09375288567374537,-0.10703410778414808,-0.09187793908991175,-0.175781177833875,-0.09446845335161991,-0.1213187744956902,-0.09048494976092541,-0.18059376193058524
-0.011147939713417052,-0.08826028960437104,-0.0784814794928188,-0.032422630466668156,-0.003956627906044841,0.01605424098516432,-0.04676266098122231,-0.06804006576114051,-0.1476655064036839,-0.12953826086390208,-0.18702786325942714,-0.14281897570395263,-0.08623376735944187,-0.14328050593881853
-0.008286626566377025,-0.07310846759519016,-0.12593807795413198,-0.02769352120197409,-0.048613925089032645,0.05876893052248187,-0.01996373064854718,-0.03483592635731876,-0.09737458260889803,-0.10447609521399356,-0.18170436734125828,-0.1517420124105442,-0.015369778046835059,-0.015540979619342884
-0.009016508311939323,-0.13072498048906792,-0.09996190172878801,-0.043967630921688934,-0.04694781580483252,-0.0053727191394419985,-0.029149607188297722,0.07961499038773485,-0.1281522342861542,-0.15052702765307668,-0.15086422864670748,-0.17009928761865126,0.00685652587845629,-0.027667946197506465
-0.054591404533873886,-0.14725063345902806,-0.035034024408379626,-0.03942986035274703,-0.010643869163026468,0.018553750785671203,-0.1498186224612108,0.12966343037123548,-0.10848488175001421,-0.19603851622463617,-0.16199816857285207,-0.17401000223388038,-0.08231566748782954,-0.12869231854644494
-0.03507307154984802,-0.13807512510187062,-0.02018711235948475,-0.06754613711465443,-0.056715977299761744,0.08543784164005623,-0.014385688143677655,-0.046465302561600814,-0.14173534255240633,-0.21154841598669336,-0.2165418134414051,-0.19757136863662256,-0.047202800147828156,-0.18558669165800862
-0.06921905549529488,-0.16223137679451932,-0.10829424755054537,-0.05682871855070427,-0.03335471955416834,0.017853199537166645,-0.08065782726275973,0.0044804059747268424,-0.06804290075689075,-0.1058405200585098,-0.2668652454633056,-0.18061600254977703,-0.05924450534984798,-0.15819216609777106
-0.026352883572213166,-0.17602862660930121,-0.09183305863361073,-0.05498167200207947,-0.0398405944180268,0.05966988276872875,-0.13517824252100363,0.03676566159603033,-0.07790245263993513,-0.157993058864211,-0.09282858755252113,-0.13987864789414342,-0.12474197919228294,-0.028778673425617917
-0.07059750475132881,-0.15468064228445183,-0.032584157443467265,-0.052969708339814216,0.022917615453760847,0.01200624895239516,-0.06725617305100445,0.017909049962001537,-0.02891451223288303,-0.16944874461534523,-0.09108994480427672,-0.15921943608818132,-0.08908157773577603,-0.013880737698771012
0.05992439183026466,-0.1013297312062399,0.060701290527564136,-0.06710329167087123,-0.0374136620204772,0.02933732248530814,-0.09888056438472333,0.03513319384417883,-0.126446899591745,-0.08279867160134052,-0.07234486543188802,-0.23713165994906116,-0.04340066002193374,-0.08186039987852992
-0.045264059430655465,-0.1630529143562043,-0.1663471371384325,-0.06326341094141678,0.011688332767089672,0.025597363409930414,-0.10191358384480724,-0.004940100562237867,-0.10675287502193942,-0.18672290794229682,0.10279808434199442,-0.16366952828155706,-0.09044917452972827,0.09418929633748019
-0.0026776684357772296,-0.11963173181162635,0.029158300982899347,-0.08894386869111426,0.022483314596053725,-0.0617284560387242,-0.19730707757626306,-0.017219176576474673,-0.155896249970443,-0.027530797639554395,0.005940389103145396,-0.23588408067253316,-0.09794919220426235,0.05163919508329552
0.12821402214376582,-0.08521673428128376,-0.08511219288102516,-0.09950933386343484,-0.0336928348042668,0.03525256972716109,-0.10724226938462654,0.025398329912057427,-0.19907390978445896,-0.021954064081051855,-0.01968925732921621,-0.24731854250458346,-0.10566742254336946,-0.0010188031039456609
0.00995402207295507,-0.13042297158280824,-0.0869502773344674,-0.07562034372558302,0.014670590862062004,0.037902823123485634,-0.12037128883374568,-0.022020920986297026,-0.08682572351339436,-0.15993322775333443,-0.08009575582140992,-0.18898031889720868,-0.02179315417903666,-0.02006395100184094
-0.04010881998674886,-0.1389758558186489,-0.0458369363970777,-0.07114807728430979,-0.0509006635436969,-0.017867361245376315,-0.1386989368389872,-0.13595712239527288,-0.044928715758103845,-0.18369874210460677,-0.16474199581304888,-0.16980053815235513,-0.15641042117277276,-0.05193509983294356
0.021019299720599287,-0.14841340891447083,0.025326496013694737,-0.04066193946543428,-0.016086867483881065,-0.04321708157835787,-0.0986069959105995,-0.1568647607734903,-0.017274834625024882,-0.14715610999157977,-0.1565609045790449,-0.17732063020564817,-0.01874594709570872,-0.17868275922253654
0.07169368265268357,-0.09633932201832618,-0.059037998641893276,-0.0772322316598579,-0.04283360024848144,0.03358741888103517,-0.06719137193320432,-0.014742349389611092,-0.2260759040971577,-0.08625742341496401,-0.06127383555101251,-0.2411072469945041,-0.027080040675662897,0.013473622258681935
-0.014488520703825008,-0.2364148230464469,-0.15735142524101814,-0.09475805665930684,-0.0301296474706241,-0.019054111361762334,-0.08818641228982661,-0.0022980216489840197,-0.06066486949315767,-0.11639763739241855,-0.14604759305175927,-0.16871546917087327,-0.05889699116258081,-0.06573844523430024
0.036974170008542556,-0.06574276672798428,-0.12833212274110706,-0.0873039699260469,-0.0540816654426977,0.07564665846108207,-0.15249370965407047,0.05267702279552926,-0.22906052451949385,-0.04920239713760194,-0.05037515479908799,-0.23698303581266073,-0.15013893665035866,0.042090055045914836
0.02685085790945858,-0.07848271761390431,-0.09646854160020214,-0.08460615624950919,-0.023855394690979657,-0.030090869101235283,-0.08612027081012036,0.02256762998150495,-0.08786445293153128,-0.08376256827497087,-0.154861819858193,-0.17565966854512666,-0.032198077436473106,-0.1046218346360076
-0.055162946195794045,-0.1739554427410341,-0.06094298055950006,-0.037108891899859046,-0.04928583922576255,-0.07319276469804652,-0.15429827598387036,-0.046647179879824086,-0.09284991871116104,-0.16719526184684624,-0.11626589718992607,-0.12888076448623628,-0.06423646636823435,-0.08841899511270279
-0.0043255448334494455,-0.06510014594737878,-0.08027338444414232,-0.0642456680792444,-0.0517053524859299,0.0254876324199869,-0.03454185520598914,-0.015005580412912212,-0.22534807925482517,-0.10164779999364354,0.05869699474661068,-0.20965364394016284,-0.013504946674410791,-0.04422332353595555
-0.011718188120483912,-0.044749442254089306,-0.057793221230385314,-0.04855922081075523,-0.038441421030775955,0.060263298555109916,-0.13044403597046592,0.05538758261851387,-0.21726342042246388,-0.1054960902282167,0.03826666226591727,-0.21830092991528957,0.12682406473483357,-0.11550229429445391
-0.03155213396146436,-0.07858164387767003,-0.10714530535290945,-0.04917284892259242,-0.07550048246466036,-0.022348903047225005,-0.15659807015467106,-0.07617740168677331,-0.24023721051302602,-0.13118885681153117,-0.015902781228333218,-0.23510734311889997,-0.07890571183380965,-0.04682893514069241
-0.13286716550741592,-0.08825475114354929,0.020768739572291715,-0.06431189465431299,-0.056345663597734325,0.006452731359396765,-0.03517609239605206,-0.11271904352199152,-0.09860476348424761,-0.15994176471096536,0.0025212181259874466,-0.10469737585837731,-0.05657858651913555,-0.20783117855837654
0.09442572438385004,-0.11473630717094378,-0.017072881246649296,-0.07179693404303703,-0.04928391915924878,0.07246588355102276,-0.16170731215616843,0.09741224909684301,-0.18171634802213166,-0.09630416095193059,0.09958903817281135,-0.21828501057147034,-0.09362309357481118,-0.02876225726525874
-0.0022240751376615595,-0.11413978956007083,-0.15841241319969174,-0.06275315152499157,-0.015567466873117256,0.00530012603661294,-0.108224644016512,-0.0666277667551339,-0.13259353413709893,-0.12110618568411544,-0.06172281029642211,-0.1992864853636346,-0.008156262823016245,-0.015971650641545255
0.00294744438268435,-0.09955175322517518,-0.0954389575848571,-0.08450591775835145,-0.036766743553852274,0.032533219815289505,-0.08812918508454054,-0.04221222769143439,-0.13022418353949403,-0.06965644167828347,-0.03002507185743959,-0.22512690321823667,-0.025102957666610116,-0.18777188522368374
0.0053407111398995925,-0.08979202460241738,-0.03243750244561002,-0.048315183585981275,-0.06804975020697891,-0.046673715529359325,-0.10090893793586782,-0.07648217002957164,-0.19600565209225018,-0.07442951918026322,-0.04214811844521347,-0.19930741415541386,0.04961544086087221,0.025227898868727897
-0.05486771101660237,-0.16609668397945565,-0.0038675871780827695,-0.045366761502225024,-0.020947592388070153,-0.0024632064427554234,-0.09992881217799625,0.08111327596207427,-0.08889326676897719,-0.15725125335206067,-0.15981703174198925,-0.11269647841631125,-0.0659245837653322,-0.12222213795508383
-0.02588736288835828,-0.1509882308061627,-0.07369097421857476,-0.0535500330612054,-0.03300656890711243,-0.004297581737421323,-0.05052769716965453,0.07745389602042141,-0.011052004504925035,-0.1170028059871389,-0.23960659833826914,-0.16334043668355083,-0.013456792856099431,-0.05609681515896775
-0.02746284868109359,-0.14335568754313674,-0.09987954102869805,-0.05161631627320048,-0.07843130909860897,0.0043385720777079145,-0.06719313035023827,-0.08074674159538137,-0.10100212756505894,-0.05248491495110524,-0.05121173849693598,-0.22062051271741576,-0.03141051200438584,-0.16436158693338315
-0.007708735540911559,-0.12311433325751689,-0.0825757858073229,-0.08382803207587776,-0.011780891487577145,0.010233173116968152,-0.08912926713485654,-0.004600886976883152,-0.15182476115238108,-0.10914626181951614,-0.058313877976361186,-0.2258816334879165,-0.0806145876315576,0.023229760310256198
0.0476441805278195,-0.15048080228851238,-0.0011209582704053088,-0.04648631155701555,-0.029774782246555078,0.03884077029492442,-0.13900874767414131,-0.12119588903437314,-0.10581144274509421,-0.046654292958654434,0.06794779795465157,-0.23180372420987522,-0.08772139716654603,-0.09756732241169475
0.002385973978904982,-0.14807876166613151,0.06351298352621487,-0.06526647300238707,-0.04335634932097967,0.02076404417298642,-0.10422478268554074,-0.014117669580927788,-0.1261903320461576,-0.029725579760515455,-0.061018016432530346,-0.21081129660503214,-0.10004796797566448,0.04172511179072014
-0.008426064834873648,-0.15763352936862543,-0.05378572567025632,-0.09173755994531577,-0.01022211246876515,-0.03033718460139123,-0.10235688591396176,-0.024426478080783923,-0.11435623272210663,-0.07258711486719478,-0.033974844989593085,-0.2133388992610486,-0.061551584138690406,0.01342602354642452
0.021469792756318298,-0.10052062795712369,-0.1343139083331001,-0.09051959890026332,-0.04988347711872871,-0.09606012884522742,-0.12466964525490064,-0.1363440994706279,-0.16402130411286872,-0.0019366280953601327,0.0434353037422739,-0.19526965982975392,-0.11079398758931337,-0.061274541569402756
0.034749294111808084,-0.09611712237549658,0.07900590386828579,-0.07831870962200888,0.005807606152761434,-0.09184313460807071,-0.1336227844301743,0.03697729031407628,-0.1612587863964547,-0.06990138123880563,-0.09275901935614866,-0.22751571556852213,-0.10299356562512987,-0.03827883445969309
-0.0378599876525371,-0.22962751946372217,-0.28079692477308205,-0.03041216048794821,-0.055190915426697754,-0.13007961580008748,-0.09112933634664114,-0.08524357207386117,-0.10999916412473451,-0.14170848787822327,-0.10172872782757787,-0.1503214831284542,0.018913035645904352,0.06250721843443863
0.0013641292151033127,-0.17916230196282926,0.040070479525784644,-0.06976946706112043,-0.05605686909222733,-0.046365483938143784,-0.15263343045842465,-0.05729410954996385,-0.16477200810413511,-0.031129237433201545,0.013487499565806844,-0.24157769559350853,-0.033268096592809944,-0.0898623539154953
0.07146127120534264,-0.09438880046857268,-0.10420983803912943,-0.0919630687559065,-0.06483704376820056,0.004744266672561486,-0.06999786453450789,-0.04236421082042157,-0.21001553679163723,-0.04856273637716681,-0.019030296090050098,-0.21193325508407246,0.05233319957815455,-0.021954199042046953
0.009300700988013761,-0.08750423625092608,-0.1594285597889915,-0.07743685492983264,-0.07182275985019594,-0.059403057107123895,-0.18347942647937793,0.02285242621541634,-0.21363522014733763,-0.0881305285011732,-0.07756062668087416,-0.20482808167122304,0.013590453386128392,-0.16950343287497707
0.08747280846677018,-0.1552598274465296,-0.0282901276321618,-0.0932102850431704,-0.08634432953845499,-0.04911380137086743,-0.016695250116542985,-0.03461380229166883,-0.21215783548836098,-0.08911656168579776,0.009546600601193505,-0.1694466355026463,-0.08384337461227599,-0.06588568587507984
-0.006148262705077864,-0.05041277787914641,-0.15065040647773864,-0.09092824996159583,-0.10479840820000612,-0.06528156473745707,-0.13886465583399554,-0.11383486839227157,-0.14784995227790876,-0.09720231278272305,0.03557205848937944,-0.1902332123731683,-0.04922063130005962,-0.19197897707432465
-0.020347941486867957,-0.17836261238164597,-0.1365695610029529,-0.059939832906317804,-0.03818261109297421,-0.04372586977239692,-0.10791781704451947,-0.10113707013624038,-0.06758669117900772,-0.1468750968028426,-0.031492721506123304,-0.18063389977939032,-0.04102746684670287,0.07217739733438772
0.02779479244898267,-0.12421240201040076,-0.11477661256071407,-0.08923042787626155,-0.061686508464868624,-0.00405210640467655,-0.006687668886549257,-0.00415618669337884,-0.19015497218639232,-0.13003981458512046,-0.01025368146045185,-0.2300607854608844,0.013171918099014286,-0.17399576831482552
-0.055882251010863304,-0.15138366242100904,-0.11967672033431938,-0.08477705849513358,-0.04770783268124315,-0.018769812855833224,-0.10876055786361406,0.04883309466241238,-0.1243800343058489,-0.1105794349943229,-0.09873126639831564,-0.1818398429027895,-0.05346514883489556,-0.1440567800291372
-0.03891596290945343,-0.07383595753999563,-0.08629888713966535,-0.13140293311237639,-0.05738313819823369,-0.007001578224530515,-0.11975816062487973,-0.03984679570064204,-0.18170169673246828,-0.060293914345617455,-0.1490950719372338,-0.21539348437013237,-0.04581211892828117,-0.19310499642936454
-0.07940191063536481,-0.10736843130463701,0.06409829629960624,-0.11671413730117929,-0.067224893262575,0.04087504482337015,-0.12392544897220176,0.07130250682636043,-0.1806649496743089,-0.10917940718358422,-0.08931872847499013,-0.2157537980011477,-0.06405870290372752,-0.021855580047704604
-0.0889168670178618,-0.20132852481908028,-0.06843779804605898,-0.06723383059813248,-0.0967524962781666,0.04147457153591885,-0.07911518043143304,-0.04745176044181807,-0.09502110156288827,-0.17876194534270518,-0.22013472932762188,-0.15886331220693936,-0.028914166880370445,-0.09385547456257017
-0.022170997535021136,-0.19787312807848845,-0.03144519330018927,-0.11480502808553582,-0.056710380941504074,-0.03550863622317238,-0.12265145965497383,0.025660837255571455,-0.1762681576855209,-0.10875207217808835,-0.03888006589874402,-0.21576953376687807,-0.12651601396835663,-0.021601419051504235
-0.08729485247656378,-0.2221851148547323,0.029673232442492554,-0.07739700380698895,-0.02359336499446634,-0.05908039099275995,-0.1554443178358986,-0.035246701274803234,-0.062030317017743385,-0.21469281501405968,-0.10837895329610862,-0.1825785464389438,0.01259000049650058,0.1010174674120903
-0.0416649513082527,-0.14306555593191714,-0.018436267351461585,-0.08934671006998098,-0.03434452624472121,0.04783371624432295,-0.16978543941663066,-0.02380447520984427,-0.14393286889231013,-0.05741890797079722,-0.023819131377120144,-0.24061647434886677,-0.004227857039410144,0.15090413442687042
-0.015664839849999584,-0.17243659118581672,-0.048658540763580255,-0.09869667672578389,-0.01714750554581118,0.014309877906675058,-0.06512126951440454,-0.0004852708197952436,-0.1450405173348918,-0.1023625088092723,-0.01846923057056644,-0.21379549973594428,-0.0629499621228114,-0.09960983173927247
-0.015934927562291673,-0.18153797753351383,-0.10674266178436091,-0.0718673583174139,-0.03274824771670067,-0.10248997020911717,-0.14499095905606574,0.03835391734188173,-0.1669802323930906,-0.10098557621728844,-0.21706122447885953,-0.21011405606397196,-0.037052806506939095,-0.09819745062416746
-0.03234627822796226,-0.18043446312879188,0.07081600723891675,-0.0929315400781998,-0.05457683091208519,0.00015316900899976104,-0.19619917929584643,-0.016922607945121248,-0.12887649244431593,-0.04544511637770335,-0.0667814594945747,-0.2185398850463265,-0.0721844455165414,-0.031829151567755454
-0.04872273733712793,-0.14609491719488005,-0.13504907103192515,-0.09119026284480658,-0.05735138104828552,0.03950930146402642,-0.1379292731302596,-0.07231103372074445,-0.03299214542279816,-0.17181439736239,-0.2593618448068362,-0.19531304380360312,-0.10051139784262139,0.025615515790504983
-0.019783554097164074,-0.08018312884708285,0.022011940830183777,-0.06799691920915481,-0.08847706054914023,-0.04305075728425834,-0.09713506008890933,-0.035970327092662284,-0.1350541693937758,-0.09238956585279773,0.0035430400647018575,-0.19602035722904143,-0.013824408887890058,-0.08548032344616543
-0.026597723663050007,-0.10109596393269882,0.008701789504336893,-0.06983302123395162,-0.028861428115857693,-0.0380027675301948,-0.14856407826515458,-0.15650787740502517,-0.169276215198834,-0.12360265776332745,-0.08026845138025636,-0.2036234297519689,-0.03843046915911387,-0.050519868942181446
0.033532446095834854,-0.11743409138045467,-0.02413840163944054,-0.094474529817216,-0.032968712507011194,-0.019219910908406086,-0.2277244241276371,-0.10111416391525888,-0.1367316031747576,-0.05877988357614789,-0.14444395986563252,-0.23198497682419236,0.0037596049820639876,-0.06211527801351327
0.059080316087292334,-0.12297988250028649,-0.033721067261955395,-0.07374744521260186,-0.0686008329139564,-0.11577662509702397,-0.11530362817359996,-0.0027128344353646553,-0.09240792174034815,-0.02574864702001654,-0.09109048280057412,-0.1880116235203917,0.062166815419986914,-0.06443730331525228
0.07772373940068761,-0.0779718742990909,-0.08413107570501858,-0.08126597787506963,-0.06252414389356388,-0.08576735290331403,-0.15111903546160974,-0.10780440409343142,-0.19961441258985632,-0.055269641098683105,0.05592076273770733,-0.21827575266987917,-0.033479320400366955,-0.16790623454109327
0.003640427426942908,-0.1896726928227861,-0.005992040476022533,-0.09232877849922157,-0.08146230263303754,-0.035367359160933934,-0.13433341333786147,-0.12418748267791592,-0.1747848148409866,-0.052071243831284676,-0.2215959315034193,-0.2080298670382042,0.01972623378599322,-0.18187276668432595
0.01505105767209683,-0.09013849734024233,-0.0760954790302667,-0.06350602500358407,-0.05838791300807403,-0.10594001814664268,-0.08485570872865977,0.014008592679842762,-0.17789413331097348,-0.10380044985147392,-0.03699475613426595,-0.15767941178259468,-0.04665976382136248,-0.26531055149026206
0.06552611657013087,-0.10285455730608642,-0.009858419941702667,-0.050533841030587154,-0.025525629506686003,-0.06288033659562976,-0.22660934491249055,0.012510599354328383,-0.21667238497552047,-0.0675664626491294,0.008766482984405116,-0.17043355169260524,-0.0763698134863309,-0.18353943555810662
-0.010027297495834444,-0.16844212069151354,0.05110730000281181,-0.04269395074940711,-0.053250140426455136,-0.06455079296660444,-0.12202212461719399,-0.006366319798124152,-0.029541965196226563,-0.16981532116797837,-0.16388118633580398,-0.09061357692702747,-0.03998261225436414,0.05617327852435547
-0.06277726830293504,-0.08753332073895206,-0.044047394607794776,-0.056279682123963885,-0.14725406558518195,-0.0274913849623009,-0.1550579714976191,0.06151780237729647,-0.19021382791195116,-0.07080500538806338,-0.05696670550864395,-0.17902284872398355,-0.03849385078945867,-0.12959659864806378
-0.03930471776618858,-0.11590063137202736,0.0022144820120481037,-0.06915589614161727,-0.0690788731047149,-0.0759330215244395,-0.21426782466915473,-0.0242950259488495,-0.1444060418107337,-0.011013792632591326,-0.0812832674948579,-0.15380315572330594,-0.08248476009517677,-0.0974068703329643
0.05297018503261602,-0.08703756790088976,-0.038845796965613924,-0.07084362197610661,-0.07345108478793042,0.003487283175593008,-0.11621961921378272,0.004998141115808061,-0.1720119739453986,-0.05140150680210435,-0.06773415539995176,-0.13930080935105582,0.02059407945992432,-0.20213944675211823
-0.04010012895218814,-0.18758342069193487,0.030147177634416714,-0.03715863317696846,-0.11074014740335231,-0.06762071212130251,-0.045695517278447416,0.07403697298294384,-0.12855977455000225,-0.1381174216172431,-0.13942619128972036,-0.14977508129850825,0.11378614455804269,-0.09544294697589029
-0.003270838256767006,-0.14004567853385605,-0.020230591795596015,-0.04887782192887183,-0.08125996494454946,-0.052149263828791204,-0.0027502711228844312,0.00036951036018588473,-0.2051929867450667,-0.09200412432807102,-0.09429795699988466,-0.10351849986327122,-0.019138909943539183,-0.11928635544145116
-0.05740518537682142,-0.23995552410232376,-0.10530602598233514,-0.08202342479686317,-0.04541571993528914,-0.12899353053826682,-0.10720605107768985,-0.06012508762958623,-0.08309759317446551,-0.14250833487369552,-0.06839220202770559,-0.15653406470454848,0.04580002905185782,-0.1038622507865445
-0.03464742038404612,-0.15316363183944526,-0.0766358634768746,-0.0609600849814853,-0.06480045186145332,-0.10232069948856115,-0.1213894682337185,-0.018194298687988608,-0.10717741109318761,-0.08020256725501156,-0.0594635312832446,-0.14836077610310736,-0.028659800001982046,-0.14197091467919273
-0.059688419231010176,-0.19881292232787823,-0.018619408396758037,-0.05774080510876537,-0.03992714833749386,-0.1635784406057126,-0.1403401401254682,-0.10028495777087597,-0.04977795407054807,-0.12710873475082873,-0.1671231196360636,-0.16248120731045662,-0.050525221039125816,-0.06531497571108685
-0.04946531441037089,-0.1789754507998387,-0.13016325480543675,-0.039339984464839946,-0.03948159917815358,-0.03367296256162811,-0.1450071115988642,-0.04030980879712986,-0.0964930864796203,-0.19458773907580137,0.06908298115245029,-0.1400645252363905,-0.047217819061038925,0.023496583837513314
-0.0060709354356137096,-0.21939584273596394,-0.08496272210819991,-0.07732537669214079,-0.03691485172354901,-0.09357735477119522,-0.11051822324829037,-0.11528524077088886,-0.07680123842468525,-0.07241197596564548,-0.15461434154086862,-0.15852813184856493,0.041220413353824134,-0.08985822691367824
-0.04958083062073624,-0.14615575145368143,-0.011991451211623295,-0.017654725603550664,0.004071974800100356,-0.030439482599960627,-0.17839704724871133,-0.09296145327795859,-0.12318034916770566,-0.0941635989339127,0.00784842558468736,-0.16344337207511125,-0.031535315986025214,0.017430089684096067
-0.0812331829332209,-0.04998046014428902,-0.06090934755364,-0.059267421256208985,-0.026979092484687155,-0.11843477234383176,-0.15143531795350867,-0.15067721446125557,-0.1066758818460391,-0.08939911815232894,-0.12942419273477376,-0.15127153408895028,0.2410684397492918,-0.13483383258434598
-0.018167579895213073,-0.1446602327020633,-0.03487048396291711,-0.059530200453256,-0.07185069761946529,-0.13955238267012926,-0.14600832239235237,-0.09191320798233758,-0.10980417917405932,-0.05145583276546062,0.007059601901335868,-0.16002604677558932,-0.037456875195834835,-0.08809513188116706
-0.0038401935363898227,-0.16875611029781928,-0.1575301546890663,-0.06291303949724089,-0.07728171928182774,-0.11572773631948277,-0.18488783747867885,-0.07791160608584077,-0.05000085521981312,-0.1251949679351315,-0.10523591047224326,-0.15258559032665595,-0.02031530317604586,-0.007797457663027898
0.03955592750956161,-0.18280486590952022,-0.11340700045306204,-0.06445766274445142,-0.06998870537533548,-0.07559753237187675,-0.17568881773712167,-0.08672953760703102,-0.056081778813721124,-0.08771319145330353,-0.05391617921731938,-0.09236903665082652,0.00816919963851645,-0.24084345707981095
-0.03996961121925442,-0.08840744213678176,-0.10046044005104812,-0.03497883941111345,-0.055000951445497256,-0.0673224156138735,-0.13112811139121447,-0.1058465986686116,-0.12006621060180672,-0.044176493542753166,-0.027985433931062592,-0.15245399216301192,-0.0876361299764621,-0.22206099876420843
-0.008085892269298298,-0.12887732092312076,0.06043241142309808,-0.09267145327220458,-0.07613507478059608,-0.18167937973229328,-0.17427400192692374,-0.009132468320454255,-0.13045461738048084,-0.053734574037796946,0.013820496360687433,-0.10720712907603096,-0.15977182629251327,-0.14340322809297568
-0.0023393444176620115,-0.13807558947592108,-0.04308920311531523,-0.0893202138273002,-0.07319077703163449,-0.1308805938022737,-0.06951568897572785,-0.12083357989821572,-0.07467039451379041,-0.13048640010737267,0.13108086135715355,-0.13203508722232382,-0.12083106595161923,-0.15325312650424205
0.060733932414903165,-0.043596360904521875,-0.13067667776950032,-0.04808545579616182,-0.04302584267952364,-0.07519377719550327,-0.12392592177524026,-0.09955594121867127,-0.1196540532627993,-0.09650239206856918,-0.06271221321287271,-0.1610727327471023,0.03129685561069131,-0.1963080845396528
0.056753142286889935,-0.08544469041537985,-0.10632057940517647,-0.06828175177887531,-0.08281515127586005,-0.10390558217318721,-0.15423433599909686,-0.04062516044213284,-0.04201195000926537,-0.10952094462157964,0.01801710235963689,-0.11703017639234044,-0.05100618754093803,-0.10267095194217779
0.0031842773937772947,-0.05561167498172365,-0.04895703371108122,-0.05888045293474944,-0.07638450240350905,-0.14759947584895544,-0.1645755172283252,-0.12148137555006365,-0.1052163870905829,-0.07414479378527461,0.06623668099270419,-0.10376417856642257,-0.1305507997966073,-0.16893837443254595
-0.008047499760319763,-0.11250986053823978,0.021805076971105685,-0.03628439576845252,-0.06381502909946676,-0.06525854027075575,-0.0973664867950734,-0.17135590482144814,-0.07241075885364924,-0.10825303307561163,-0.06335644518052592,-0.08140084481398308,-0.10994208298625151,-0.13689667785704474
-0.02956016484854747,-0.05030626713068103,-0.1050168803601419,-0.04793028617089769,-0.06016555946270009,-0.02501372670734633,-0.1433148317002376,0.01371057798279047,-0.07624037946879594,-0.08277669197070388,0.050525084782470885,-0.15838620130876985,0.03835666255266121,-0.10715042293889968
-0.007491226398112596,-0.11374865579579158,-0.049512545842308034,-0.06875299052098616,-0.02548877451378854,-0.07179340707725945,-0.09534404932161666,-0.031397689487101955,-0.11527817010982257,-0.1303440936994362,-0.12499800066730966,-0.13607932156403754,-0.0032503109395671964,-0.2484105308077137
0.01926214139067699,-0.21484294257594663,-0.044134928492490386,-0.03195145140543156,-0.059106978226089735,-0.08618812709745051,-0.10078554528339659,-0.07041577718816609,-0.08086513754682927,-0.15160003349603882,-0.008797221495380318,-0.09659148953892877,-0.032390420339213646,-0.08781266865039423
0.04550757776243239,-0.2118407523685945,0.02162669303422358,-0.01849941418488583,-0.0025508905746127386,-0.08429475637472948,-0.12722783545762958,-0.05440113603291311,-0.11131755300157942,-0.12721936267828118,-0.13195193689785326,-0.11604326015867969,-0.03292111207821518,-0.1655248034677406
0.02721381883163436,-0.12764362119854292,-0.02082061485442995,-0.04378536888971022,-0.046886025577081956,-0.09264256303838772,-0.11919914770641966,0.0016805503342761595,-0.08387584563426112,-0.0945285164408832,-0.133118001416412,-0.12589977819894324,-0.15216792198930662,-0.20095106209259972
-0.012933615539663178,-0.14807073136187562,-0.14602970399822243,-0.04905364180837811,-0.052944288540034246,-0.08437726779473116,-0.07278235529867375,0.039858255060832216,-0.10049522013003061,-0.03831517980134721,-0.07412986017650024,-0.0701178232185716,0.05046199179541759,-0.12852981801970875
-0.01362829375545023,-0.22876300973924044,-0.08128668511656434,-0.027866321780084097,-0.028572346559683787,-0.07843453006188388,-0.19920067283422657,-0.18475702339118122,-0.06552895189101679,-0.09838481013872226,-0.1279982953408748,-0.14179450304179006,-0.12976658581509448,-0.1838424477961891
-0.025043544513636724,-0.18279337457699096,-0.08412684170824782,-0.04321995155686324,-0.021742490415320156,-0.07462112262877807,-0.18678501186924049,-0.11795848061183045,-0.040346260009148385,-0.051255254920131985,-0.040349609352324796,-0.1301725067075399,-0.03533411916848497,-0.060958739646392895
-0.0006246003956183741,-0.10691396828656026,0.01133627134975746,-0.04549541588423948,-0.03153879017238051,-0.08648956638804353,-0.20019472748102174,-0.1257517711737642,-0.05210814082561587,-0.045139430492960576,-0.11098271354040268,-0.10637480031349678,0.020012728121702173,-0.15903258039785823
-0.00243497998813199,-0.115626101627837,-0.061062759193033785,-0.06365012354255771,0.002606737894540111,-0.11735661054215606,-0.13729059163534277,-0.06810143733728319,-0.05251274734492657,-0.03985343208699884,-0.24722518246079353,-0.11151168229746983,-0.020818217882617413,-0.13806923322753706
0.02471267885648687,-0.12644406582361092,-0.11337310466473134,-0.05211978793899632,0.0018579906418561155,-0.18010807873163587,-0.1458051459601394,-0.17712346921848035,-0.05205009557988259,-0.0605953620633832,-0.11997200301320247,-0.11545735135081499,0.005046607330683805,-0.21346241193478455
0.013702897852339396,-0.1741733421838516,-0.10375736956305286,-0.03207427122439409,-0.03758049449321122,-0.10386978627319358,-0.0680754657534932,-0.08372536496772816,0.0018997674824769862,-0.20424443205314494,-0.18093979204797925,-0.10115593743633709,-0.02031823048212965,-0.05105087098508338
0.006987022096447408,-0.09820708446479619,-0.08715756921305026,-0.036022125246615515,-0.04045876423508816,-0.14316409964035068,-0.10242940719656125,-0.07412507449460688,-0.035565358603245396,-0.11207821512344376,-0.1697220783085385,-0.10975594593428678,-0.020643042294491935,-0.0526582662538437
0.029839772957838306,-0.07581095551410513,-0.027407680666048644,-0.040270662883338526,-0.06213719946130649,-0.057891988789108936,-0.1550193035726369,-0.1671928411320661,-0.034324682793264186,-0.07449672306271393,-0.1568567682748063,-0.04557928157388285,-0.03087214596988852,-0.13129893802302384
0.049320420827845865,-0.05846653821130684,-0.06353750790391632,-0.027991621980737066,-0.03718596377746356,-0.034783074818533266,-0.11182488339111295,-0.08308228538041651,-0.03596141369213824,-0.10302030389215076,-0.006504481103928229,-0.11394134208390783,0.003463904374703542,-0.021293406391880466
0.05957521854315181,-0.1744074353768729,0.004606591087019493,-0.0339372031642621,-0.0358861480829866,-0.1640350992086264,-0.12569613842551755,-0.1269533215080146,-0.09805228013538421,-0.126722111185758,-0.038214009412645106,-0.09223619436916014,-0.05239917783114621,-0.21766482616813201
0.07785656241155622,-0.0896024313356989,-0.03230296592660656,-0.03631731130279559,0.005332441542774196,-0.0047286686134526,-0.13881554984849545,-0.1622853510645923,-0.055747782221548074,-0.07722863498751979,0.06781053365460582,-0.060051842080332644,-0.07846662527522272,-0.20019885363345938
0.009306565963417772,-0.06143017247265108,0.0931661617927011,-0.04492561025048039,-0.024603997230597117,-0.13797341504129207,-0.12630077417360278,-0.1536139317667547,-0.06767355533340787,-0.1099157247656479,-0.029640577105691512,-0.05067727866083514,-0.1323455938230218,0.05781545817534245
-0.04084902446553088,-0.01814495255450449,-0.0251097507957185,-0.04763831920826979,-0.027331566936926587,-0.13470998901678385,-0.07831448725121445,-0.14998796516963622,-0.0760673770954177,-0.083808132927365,-0.10805508383772121,-0.05907408502018335,0.01682898838445127,-0.12283907478248386
-0.005260781885050698,-0.15497833463655777,0.015532102777447024,-0.0022845763387585472,-0.04906865731290317,-0.08366791070648798,-0.06410516799572641,-0.10076010450472969,-0.04220875369503562,-0.10736826754350147,-0.06445703154650477,-0.072096041312728,-0.05298381674762526,-0.13633653976574955
0.10281245561738683,-0.17804433179491977,0.04850926988448324,-0.021699336671281846,-0.06200665447233174,-0.09444633535949212,-0.05011892651866546,-0.09832346782585202,-0.0801419002722711,-0.12899108619459873,-0.0486183296925238,-0.09504151618528062,-0.0884553209557,-0.13512796261400303
-0.05655637963331878,-0.1336103088785391,-0.02797370353868385,-0.047243032798379346,-0.08414429380848809,0.0035010741492401587,-0.05138909829355452,-0.1748205900450347,-0.05290092750930601,-0.08053749050295758,-0.07838453405749127,-0.0946509619880777,-0.11573089495925212,-0.2071486406671422
-0.01068972906827662,-0.16210325562085318,-0.05591353412032746,-0.014180772735877117,-0.05028503754527391,-0.030601695398013093,-0.07953906159861605,-0.12060165077685292,-0.03732378373158816,-0.10119298928677134,-0.12368359046371089,-0.0067613281025664515,0.029209643713395336,-0.04038579969921135
0.020126583313955348,-0.1310019369731836,-0.1090459011662166,-0.015527699042535552,-0.05012428323609904,-0.12938714960864267,-0.16888812195189992,-0.023979845719305695,-0.04134164435617094,-0.1303057541347671,-0.02089435229640565,-0.05672962796429465,0.08462656108052048,-0.20241129109868
0.01901149677312078,-0.02704248435741585,-0.08813773192944803,-0.00903486472018426,-0.09718670511837055,-0.009473433298180933,-0.07745704120576843,-0.11337880742339498,-0.0557614476720263,-0.15541359265029916,-0.0443470222984102,-0.08798496109920527,-0.09837875852833779,-0.15201679433788526
0.029785153317106204,-0.12306741035724765,-0.04815439394769901,-0.03624516823010502,-0.06244203958315049,-0.12667877380051978,-0.0630836082108345,-0.15620247976652762,0.029369954658289447,-0.05809277322775018,-0.06682486380912626,-0.06551394227679187,-0.036866000528506186,-0.15039076271983495
-0.016991816243796014,-0.12615104290911264,-0.08042952134262274,-0.034567054450080244,-0.0551386278586796,-0.10039893144594539,-0.11352841315114798,-0.017750268731850698,-0.029887141626458096,-0.10018682185953531,-0.010644682783729995,-0.058669240698291096,0.0013332951827177471,-0.013273039601803776
0.026435991138858826,-0.1906548902701432,-0.06779583809525935,-0.032627129918270596,-0.020917304249863954,-0.12591457077306195,-0.07697168547614332,-0.09897685679302987,0.026918301756381335,-0.14317638710877265,-0.07603879199516625,-0.07616543000815877,0.0693067912877734,-0.04764188380337854
0.04049110612436431,-0.052296026254205846,0.12678789615057828,-0.006131349462463955,-0.03258529309922137,-0.09611729776312902,-0.011637244229799632,-0.08051804318854378,0.0199072650213861,-0.035688569497964485,-0.036870956216901986,-0.025479745549194896,0.09814820992506572,-0.09976014935736377
0.01871931654428813,-0.15258258960706567,0.029575035798931466,-0.005777239012316696,-0.004183510226859173,-0.12365107332407894,-0.08942217607571556,-0.10776890626424111,-0.017162841261902508,-0.127838233636275,-0.04815833155248172,-0.0949754591319733,0.02896876542241884,-0.17344357989355869
-0.017577188531236018,-0.1526858942036826,-0.12260475737375676,-0.014592614861169171,-0.03472984610453134,0.0011091468648301202,-0.08431830794238278,-0.06847742114031242,0.015630031999058967,-0.09141239705485904,0.055684167799098155,-0.08300122262136854,-0.07980607932261538,0.013021830355860846
0.06881663343260401,-0.0673392731821685,-0.09318606393383383,-0.017923296047146195,0.004096006388782097,-0.16808297322387478,-0.066745065685059,-0.11350457542999348,0.01338300449561691,-0.09743243301955565,-0.03773432571751333,-0.06601460936385878,-0.09974534584725386,-0.10373549902486304
-0.0007034037056279091,-0.12343108830227358,0.004020082141937169,0.00026576168438725736,0.059818156670545526,-0.09015573267924862,0.002654153834435731,-0.006273310564035789,-0.00023111761063149914,-0.07810306516645446,0.014381122064332053,-0.03344647590266839,-0.032777248004066964,-0.0644373366149289
0.07149810034648386,-0.1639184176014421,-0.053187588877970614,-0.023170221200514433,-0.010382568692704763,-0.09702751672789507,-0.11766161641518319,0.008158528755624164,-0.06818385625954668,-0.07700880042813774,-0.15680779443054668,-0.08258815697844293,-0.011498370121367651,-0.03171169961268422
0.024548609683760984,-0.05524176042346064,-0.03369721693510975,-0.003664835553292697,-0.03885517869545718,-0.0919476454244495,-0.1189893447423178,-0.048827114943146684,-0.01049742793009579,-0.1273889445376013,-0.14308902711992785,-0.027877642584623243,-0.04160543674301111,-0.0016341011455562572
0.0214653063008556,-0.0984326088262669,-0.04897154772898203,-0.02318370414287558,-0.03282948012491785,-0.1164333361197853,-0.09503835820881351,0.08038938410840057,0.024953998873528623,-0.03545758365751896,-0.1382646086651675,-0.0552220128425442,0.007822553922174411,-0.07463434842143833
0.022870756764451536,-0.10818420559296485,-0.11320874827650354,-0.03376212557557595,0.012742956826951955,-0.12503669173196183,-0.21335267169006727,-0.03350671602086956,-0.042830219975172966,-0.06217024388606438,-0.04930151133037661,-0.05583832056209749,0.00698169202182557,0.05874247106596179
0.008559630906526634,-0.04176530517827552,-0.09668398295426321,-0.01683488459656418,-9.910716521842122e-05,-0.12325007058670462,-0.06490617581588509,-0.04925705808950673,-0.008915619867170991,-0.05769967214201395,-0.01993291154441683,-0.07296229882341622,-0.03800286566786941,0.09745323054519817
0.08033891374250969,-0.1264018881181952,-0.026131307051200373,0.004749985836979998,-0.05058492499926644,-0.2074244320702222,-0.10756632429379182,0.024352917695956964,-0.02712578346613848,-0.09197020298795096,0.03173203289463989,-0.02265891247756388,-0.08013667080163206,0.001330542257768739
0.028208306376535514,-0.07403933940713282,-0.031878079856339336,-0.012009108691346571,-0.015297981631191265,-0.11169022740077064,-0.03416515289573494,0.10513770390546774,0.004988946406645301,-0.13360594705894194,0.0063061969755422095,-0.06530391648998662,0.012127369131990723,-0.01897008050198577
0.06973242813566735,0.018707508772665894,-0.046486261017147555,-0.03347798758448577,-0.08602052140300379,-0.12663612201637137,-0.11286168476675769,0.03472228509772931,-0.024268356451545438,-0.13290186882099828,-0.08469009761733302,-0.0768105264157279,0.08522310320518664,-0.0699025790446347
0.019476787941353102,-0.02967418272066034,0.1437170348806184,0.0018534338784129813,-0.0555926585795363,-0.07024404989981291,-0.07513851039909014,-0.06629954786442115,-0.04187959361551816,-0.10242876514003184,0.01533235029095501,-0.029627983066041984,0.031241566609401517,0.03964284000165602
0.02073602206018111,-0.11752884103443069,0.04946278586463956,-0.005530960478701582,-0.04347556700677888,-0.12990528796418874,-0.016437831377088572,0.12814599203655422,0.039270155293064886,-0.17489886725555776,-0.03296449307568756,-0.03163369457966162,0.18432516417614486,-0.06982556735082801
0.03940566791263937,-0.09911403183366878,0.02539234631494397,0.0023522612910286855,-0.039990728915957396,-0.0765894521818089,-0.17972736879085063,0.013834157799556391,-0.0199063852012038,-0.11324170243122714,-0.08985239019651704,-0.03324680577242402,0.10509990945098613,-0.08813161820476478
0.007282263236011644,-0.04350630560127434,0.046220925438554904,-0.002734154245527382,-0.0689243360146603,-0.11505216248536033,-0.11051855142855832,0.018902325059061073,0.027325538952415136,-0.03636581894412311,-0.036238072064229986,-0.06717434441484614,0.18554093922456702,0.024182475930825013
-0.0007447844278455042,-0.07007508422623135,0.043465334602425194,0.0077808885733893695,-0.021577117630846406,-0.12212967315796668,-0.05113218427601703,0.058680855779986996,0.07309474188015587,-0.059381764666528114,-0.07839263363802423,-0.04319041562225711,-0.007313319068326541,0.0006832652743206235
0.019870512765882538,-0.09061464400564162,-0.17047959870449428,0.01995602483333809,-0.04853490187740288,0.020954229932591103,0.010618004633357707,0.055920030332893805,-0.003821175001409328,-0.035214233567084585,-0.04832649993589204,-0.05034083938170945,0.0978318959503345,-0.03165847660096906
0.029244926898945065,-0.14344640411829168,-0.040677335184108744,-0.025424322519410413,-0.009556073796616039,-0.04352556396595297,-0.056540881217782196,-0.0365856857893153,-0.013806395978287667,-0.09301518690363748,-0.04064818474902227,-0.027434715567035948,-0.008207636081524677,0.12080855108495644
0.04736701279663461,-0.12705548311662007,0.027590196982523355,-0.008099907359293368,-0.02619506490838537,-0.06926347955348419,-0.05281432358441317,0.0638849244090079,0.08673731564034683,-0.03846669910910438,0.1429445017686499,-0.009764246647214111,0.09565252181665529,0.07550927084996019
0.033581047301139706,-0.21232779018611278,0.03829489432868669,-0.01371155981545935,-0.051269427729832666,-0.11521394302274413,-0.036622152807414106,0.01860022021868,0.08370405004426966,-0.03790413193617946,-0.06253736588286798,-0.04011364005388499,0.12605990770403827,-0.01710237221462641
0.016891951542418713,-0.17325182530074856,0.0737652280917485,-0.011431854859746854,-0.03542062876792995,-0.05564691845067083,-0.08213013254635036,0.015126640033096165,0.07129582505893674,-0.1305542203891851,-0.18194206207057326,-0.050599824243882964,0.042534353887751154,0.08898330718010156
0.00404321127654462,-0.11193268613884914,-0.0014652712048358935,-0.028006969841905274,-0.013350978862133272,-0.05923669048770295,-0.10062801416372014,0.0008781178238730766,0.05319890470838371,-0.06411087632026725,-0.08254164872571293,-0.044664625484885624,0.08580751576212488,-0.03902252100650513
0.034457757182040624,-0.11209612319568878,-0.008529069608166602,-0.016542346517804854,0.007460193512037958,-0.04463615313905748,-0.059039355184902206,0.042636083960563585,0.021757936730929774,-0.07662649353223484,-0.0569354971179676,-0.08083440967622584,-0.02204402810718646,0.10939742955266527
0.03092383263839407,-0.07783160150873919,-0.11604564198379566,-0.015260363134605624,-0.016015584123514684,-0.07415040726680118,-0.03544043373307392,-0.11266508851696208,0.05738833457616584,-0.08919308634757561,-0.020227289605291528,-0.09186714952029498,0.1287462200389648,0.32751950464151636
-0.010853268445650585,-0.10807224792065824,0.1088430403043368,-0.03586179218649344,0.008096997813430816,-0.194327189221272,-0.02959105834722069,0.013245229041474625,0.03771817808954972,-0.10008649628592528,-0.1635572812222574,-0.060518979006634575,0.07421309589656697,0.024490088570546353
0.054175549577425576,-0.14002187953228173,0.012601636295694099,-0.02454240975359104,-0.013621366386738897,-0.131492144727528,0.043293779558951584,-0.00788083514562585,-0.004515430145735977,-0.020695652077043287,-0.006527474430866888,-0.026645927123122554,0.014526282582053131,0.1081685811586503
0.016516657839658066,-0.13765631367388867,0.06442827566933858,0.003027942865251981,-0.038030631563759396,-0.03576984102431658,-0.009088816045618982,-0.004071587125288306,0.06069987679749682,-0.10333410433736731,-0.032417149526974144,-0.06108641397622734,0.09543511810824938,0.009162054021413122
0.053172509748206094,-0.02838729214366557,-0.03794092366657083,0.0015943857011481333,-0.04416630728964171,-0.1637362446205891,-0.07716403697310815,-0.04511613479393519,-0.0073110460852297545,-0.08637538361568096,-0.11701385681373386,-0.07659109735290279,0.05432732268052398,0.08732135083089376
-0.020482315821327923,-0.08924935708587493,0.22277699426594239,-0.0176001836924927,-0.040421002014800644,-0.016128543304502408,-0.0405592280861131,-0.08570771411150409,0.07778747049809963,-0.01997876902632649,-0.0660580874228617,-0.0772456596614184,-0.06358748594195686,0.1316295151185317
0.055364550118659685,-0.015293280820653078,0.06588136879600646,0.007018413328408773,-0.055422883534586125,-0.15702257230634126,-0.11605684632446134,-0.08852118708816552,-0.020337263039271695,-0.02508954519313123,-0.09487164678135862,-0.0946030288786812,0.02528166638248589,-0.06572694470540949
0.01160928070194093,-0.115033816856854,-0.017148516101917904,-0.019356754466826803,-0.07362787518653405,-0.04933596259409184,-0.10862384757284041,-0.06381847378236655,-0.006401253179045612,-0.11716344611816432,-0.05753902845504066,-0.07807558577619729,0.020617675795086457,-0.002777504522949672
0.09661180097445571,-0.06358591565976675,0.011009761181648727,-0.013477275648773455,-0.07765537666440163,-0.10932944413549034,-0.16373545831651648,0.07003011684395276,0.014896609282969209,-0.13872819947324233,-0.10136305857530523,-0.020035184317626346,0.1919268823158925,0.13943960591564633
-0.024368652419077076,0.0008175663575741835,-0.058650809830175205,-0.016400966487090135,-0.05146024666023879,-0.07173262886352373,-0.06056656258436941,-0.06356804369965229,-0.00267983854381354,-0.09924088335968367,-0.04326706612943994,-0.032798156807086344,0.08082241913289141,-0.0027210880571567346
0.018572644845044287,-0.08765295154963913,0.25557669625564106,-0.01908405402827428,-0.0629733458182761,-0.002833988756705231,0.04742669240872749,0.13234133019019603,0.11050245970252971,-0.14593059902164607,0.005200258401735653,-0.03564032389199491,0.042233954930499404,-0.02342885901192042
-0.026440261227581325,-0.03222250524592072,0.012504359197320323,-0.010088573984958691,-0.05730812972907313,-0.07441789219655776,-0.08161684049831384,-0.12372458494544808,0.04716425112042367,-0.05941533809963251,0.003263438429955049,-0.06930135091494632,0.04099561910545086,0.148836342821109
-0.040794341998111196,-0.13960134479301803,0.11256746448563056,-0.010019821101887835,0.024591047927187134,-0.051746847934034654,-0.10125527569303873,0.09840047782962004,-0.05294961063747904,-0.12569144958133646,0.06451809705318726,-0.040615691010251365,0.08815877392664348,-0.003984067674587696
0.0061532686419283516,-0.10377425600967684,-0.0013245155141362072,-0.0010702586337795067,-0.047467220880903056,-0.009137439658688493,-0.05681620514846587,-0.020472246324912163,0.005423474160485267,-0.03378741710420218,-0.034370145484582164,-0.0509482478153413,0.13573747048859422,-0.06439354438161053
-0.008367913958315822,-0.10705250775607854,-0.07392685904991829,-0.04260869180403515,-0.03517215311546597,-0.044185985227292855,-0.09628262914525607,0.06289475400398797,0.031957776957621496,-0.0625354895803097,-0.1121999745720015,-0.07625273976720176,0.07946030012954335,-0.03766255772711197
-0.011346007917952223,-0.0630880843268092,-0.01677092469858391,-0.03541280357977939,-0.049621127398696854,-0.12785480480676756,-0.06758153007240453,-0.020994487182825657,0.015143527619406417,0.02934061725126472,-0.21889707338193976,-0.029983051028983687,0.09689889356054662,0.13023305769361043
-0.04986965824898524,-0.0821447946173196,-0.002738065134509179,0.0071916224643296875,-0.007982601272018792,-0.07799933130833264,-0.06427431297667127,0.06496030988447353,0.08666634503383616,-0.04961223435940585,-0.004018145663765255,-0.040268688790789334,0.19911647865183865,0.11033279001700258
-0.036651995124088045,-0.10599442487865347,-0.12197678595703385,-0.003375070083934854,-0.02505336770966115,-0.05405234645659367,-0.08261228120819805,-0.005896398887984012,0.07668200254192399,-0.04585308415524683,-0.05031674464572254,-0.06573533316265726,0.09685722194196474,0.06427352864831247
-0.026734202792826983,-0.022970087723377414,0.052516342719733634,-0.018692765152790027,-0.04211286883345323,-0.09217445523108204,-0.04963456804179473,-0.02860731386845312,0.09261970178492712,-0.060702363660515714,-0.07200309670532853,-0.07212741745118235,0.013973510607268652,0.13529980858424978
-0.011199822116245305,-0.11368973744482055,-0.06845681668727585,-0.020228108743207816,-0.04959092303938432,-0.08434751929530342,-0.149889159062751,-0.12214816927472527,0.09181523919302237,-0.02961926259625869,-0.1585286267252515,-0.0806854007712585,-0.08381392625671313,-0.04272302888199343
-0.04571068337487629,-0.10799951321153602,-0.08880180171265774,-0.010470499643122168,-0.018886048663235275,-0.16529343708846816,-0.14918350216261267,-0.05476456489636678,0.06266023016133009,-0.04070533992412965,-0.05717477561560158,-0.0834802424337421,0.09169553369897226,0.14222598657186067
0.03275483607074191,-0.10012187109541157,-0.03184530861159426,-0.05160810592671134,-0.032527517139794,-0.15959413962942506,-0.13632265599005494,-0.20162009703385061,0.08596016802700143,-0.03178360937780237,-0.05989108577974933,-0.06184860477239897,-0.03704404144262765,0.18525401808438088
0.008971935400977743,-0.02798867311686169,0.075709309189348,-0.027160865594225116,-0.038610878810864196,-0.15918146932637287,-0.08304730729871293,-0.0653774029867458,0.08891078500018167,-0.037816082934143215,-0.02327106036379137,-0.07242839002196523,-0.06413415166199204,-0.01999934086679257
-0.00026401751524697623,-0.10350504345533774,0.018659297410093735,-0.01985401832601056,-0.004604004443650051,-0.10278851553664503,-0.08324571144509678,-0.15219508417384356,0.09815438634102457,0.011562245980712515,0.02218160252185904,0.002178070165938107,-0.020948924990739262,0.039668059857693366
0.040976117497689105,-0.07615832939731558,0.026858316445881818,-0.022451192729749447,-0.031377032582809085,-0.10613422752990961,-0.04325268077364553,0.00842056300153163,0.0992009731312522,-0.08425572560172641,-0.07081424656742229,-0.03262381781311323,0.05816277691691458,0.05547786673915466
-0.014871993119647037,-0.046305556947303185,-0.0443507756659649,-0.003241503117978513,-0.018025055220519906,-0.12794981158856292,-0.09594714305171574,-0.10919002716181643,0.07216674151431533,-0.04635276216542173,-0.028533450597513114,-0.05840083055941613,0.13668008090492942,-0.14464417204189253
-0.0083114890761441,-0.04910565450891445,-0.010906025946767832,-0.0133037493974351,-0.040033373035593685,-0.08926458182224313,-0.08872572250400365,-0.12789681101411715,0.05183453641028188,0.014215418150659591,0.1324668228156046,-0.010422575697450668,0.00813808254415897,0.033403676957633
0.02064149850076204,-0.111781204042854,0.03276089793020669,-0.009066742668841178,-0.07424647321180416,-0.11793946812878336,-0.08189341852013159,-0.03691643242784991,-0.0007912861783940629,-0.05314752724302322,-0.1662195450910645,-0.02382987680110849,-0.05526769473156625,-0.06723451012893555
0.02406691907375681,-0.07462790690297601,0.0830939864230566,-0.03098715636769789,0.02354095930660536,-0.12117611032815383,0.027770262076985415,-0.060245229332862436,0.019542359128781366,-0.05350328119272546,-0.048585859158155414,-0.029543060982656504,-0.004817556657055653,-0.18225404422257516
0.061447840956462066,-0.03851368477794404,0.11624657338857652,0.03997357890018165,0.00788117335215787,-0.08161304132253062,-0.06775821643370586,-0.04180010787820594,-0.01102374189978,-0.028077496687078134,0.016796095581728177,-0.032320258011644835,-0.06528771063579066,-0.0849090707958533
-0.06216484154983768,-0.07728419232334277,-0.0018407483568746597,-0.04224723504070737,-0.07611180296614656,-0.11958862048190973,-0.08059440724247673,-0.08773671818135992,-0.005710374424567474,-0.05278774229140888,0.016838314517930355,-0.0027543578868892906,0.05552741242717678,0.03929807850228643
0.03584629818687049,-0.035695682477925865,0.0024948365020306465,-0.011219514346460636,-0.027097889467710246,-0.14669976266423085,-0.06561792896658655,-0.14439344379991184,0.05598325994602174,-0.06767076062676117,-0.039092830488907784,-0.03910952585363678,0.011640428742814502,-0.09731407712151369
-0.02096586812281839,-0.05954633740338726,0.004250434194760761,-0.022419609331485655,-0.08314332997781232,-0.08581042283494575,-0.034955196052593944,-0.021255461168750125,0.08048879202190766,-0.06208708196656107,-0.022225678272016176,0.016047982347794677,0.07113713097691493,0.14265469071260564
0.005854432171518513,-0.08914540037275936,0.04412215589492326,-0.019192541265871114,-0.07132135057901905,-0.11120734566162838,-0.2023712752233049,0.02034959204266152,0.09198893889959202,-0.17749208469465264,-0.08469994301840604,-0.008744528029729205,-0.043099083330510116,-0.018027758106019406
-0.006397195802322003,-0.08658347471172317,0.06676903843736351,0.02581393534910961,-0.028015070438543243,0.003062181666695686,-0.05082345859691851,-0.09307131330090813,0.13976671889477485,-0.05752682661493141,-0.05135574094154102,-0.03784927613367003,0.11544958877628991,0.17335042504081993
0.024109284384601935,-0.07130448705858931,-0.08888150271079494,0.0005256228317739992,-0.011255413165196541,-0.0033217110361222313,-0.11088741815988853,-0.15789331959153552,0.12889733803467537,-0.055244829850207726,-0.03873395572285393,-0.0489742299364575,-0.09119295949513906,0.10724199149317164
0.006435380248741158,0.02908214166966369,0.011920967767045067,0.013345138744971115,-0.0199523383469815,-0.07302687253288685,-0.029471469518935006,-0.12792475389048574,0.17535769183310448,-0.0892368593095059,-0.11491963116163229,-0.003677198434016346,-0.08013290084619232,0.07475796342535386
-0.0030955763881635734,-0.053658605352693144,-0.04659911843598416,-0.0010229419068899712,0.00478526129056301,-0.06643304565476817,-0.1071843872300845,-0.06761844033948514,0.10340401826725731,-0.10304778721352159,-0.18185360618044905,-0.027506823099691328,0.0046597790051634514,-0.0021005820495708875
0.026327766725898264,-0.10845295160787943,0.01215810082185305,-0.007367698040004311,0.003813778035256563,-0.05208241100416446,-0.12655905254292946,-0.11420190750236904,0.12958330422036904,-0.05989464060744235,-0.11796233596889683,-0.0007453804896941595,0.17549477620701617,0.019132820747298423
-0.07426602210279286,-0.08759274438650502,0.13079331162345112,-0.014180172754745913,-0.027864635329348696,-0.13360420960982775,-0.0702918165020367,-0.03816006048259871,0.08477566530520125,-0.023097650107737244,-0.03409679386247307,-0.03009832766696868,-0.09654645994270251,-0.042929819735385406
0.057727838004118806,-0.06515563386661176,-0.007452997530763397,-0.04458070326947794,-0.010546220750445484,-0.15546900822075266,-0.11981872105784458,-0.12510806325835636,0.10448789983639493,0.019704651663510916,-0.14162199450919244,-0.07267091161949948,0.005643613183145071,0.005591303559683031
0.048213431031338995,-0.06780973283379856,0.02671273092598485,-0.013792080030118786,-0.023571090426049372,-0.016324569057627455,-0.11473467184224359,-0.052212333180721986,0.1536957697338522,-0.1226040888593948,-0.07367638610119606,-0.07042525235247273,-0.16831352215952916,0.039533297774254635
0.019436442043306402,-0.0842974807344373,-0.08390018420840038,-0.013129174172749235,-0.017879214936868358,-0.12146334549822996,-0.09250753023249048,-0.12473353010544874,0.13736909230375008,-0.05140148785589015,0.008630198675127099,-0.10694604762784896,-0.11619398837738683,-0.1403140270724951
0.022447858443950735,-0.10729812601819409,-0.05448393430407316,-0.0006371799305842512,0.04301387735169414,-0.05604643003755031,-0.15773564699427803,-0.013324005346256749,0.02309158467624849,-0.05565354976755677,-0.11219404395388004,-0.04729502854652347,-0.05106952910566337,-0.0729434882169636
0.04934076986367529,-0.052918714293916196,-0.1104350333251999,0.0005460310609196258,-0.016187470627526644,-0.12201727201872302,-0.15569301797965146,-0.048996822396733725,0.11266620073468775,-0.0418855474640399,-0.03778611272520956,-0.034171593045739745,0.009646310531203219,-0.011551065954431198
0.07254413173240305,-0.04505861877066982,-0.0722229644773274,0.009629181897241715,0.0163701559875728,-0.16198733050875103,-0.09686120184249958,-0.14972743145465292,0.10974965949257844,-0.11168889844033858,-0.15894260006236008,-0.052299515123333334,0.011220552015716813,-0.06298020830781806
0.025131252316635308,-0.05915220939011591,0.09050768532868418,0.018313966340514253,-0.03821644085329399,-0.1012171360328922,-0.1259922140643567,-0.10548228078894074,0.09796770627828937,0.016812841821157165,-0.08254533733865425,-0.00795228089752362,0.04824912879809049,-0.07112605085079649
0.009214206146468742,-0.04689723597705984,-0.056349851463721685,0.01590104388848134,-0.005456346474281555,-0.12216664607280289,-0.03803183485000785,-0.14109186076745966,0.04705200035206363,-0.06537782614262572,-0.07189459143462071,0.008537433072768965,0.08572268030897975,0.06498626659798168
0.08550683094903107,0.010391718670650505,0.008439522396771742,0.021284583071115987,0.005591666841006504,-0.12416687950057859,-0.15711072545778737,-0.03796371364315892,0.027791961966140342,-0.06276389037694656,-0.09251432377761283,-0.02165767988711636,-0.001222600439754808,-0.06293369559349851
-0.0030154952534901793,0.06043584215277868,0.14854367631623752,-0.01681111515165017,-0.04882751836260652,-0.08030405253617925,-0.09716517992202918,-0.12449647409245566,0.036883047979887375,-0.11888008156597102,-0.07302989872784744,0.015402866109919436,0.09642409347908301,-0.14590398644996586
-0.043569948623947904,0.059052922381538545,-0.04920338023568591,-0.007430038609536289,-0.0545136273938814,-0.13528493876900363,-0.10463306012683528,-0.11801966499400086,0.06467845743557599,-0.060245419891508056,0.02592771260589644,0.007085663888673498,-0.04400518871875826,-0.0035858663199572092
0.03262652545149399,-0.011243765891403384,0.06113790079667918,0.04190980059385815,-0.03898725435100053,-0.05592234656111108,-0.005145194207579113,-0.06822988271040649,0.076761087745762,-0.03922282194628239,0.14541119044168707,0.011367380725977105,-0.052276866772498556,-0.10470200344613909
0.07041731960603578,-0.08523635584218087,0.08478205819694831,0.03374955918569385,-0.021571208662847258,-0.1314652543355537,-0.0641338438687191,-0.04455093202945924,0.04841673006991271,-0.10651490713228876,-0.12533480043112444,-0.02795134455537485,-0.1327014333722995,-0.005374259513466188
-0.0016255522349134875,-0.017378397823161064,0.05123868258375561,0.033140407637997756,0.016533674680232563,-0.057702736004713824,-0.018867154401043494,-0.039030049765452275,0.0959837157541106,-0.029184189327537757,-0.002933926477473864,0.12056559566661133,0.05670513611145145,0.07843280379177624
-0.0321998984360827,-0.12164369478733097,0.04364575741614313,0.007430689367183544,-0.014545637823821202,-0.051129473008351654,-0.11707822031531431,-0.04661416284611761,0.07254386321235179,0.0001809397410869518,0.0463966540295215,0.026692095241264174,-0.05198975055401379,-0.06239977835410586
0.0062311948360965425,0.01323428109834372,-0.010733164655778005,-0.0004570223061504345,0.0328062412327402,-0.07454431759882749,-0.11715812931526497,-0.12442901672714413,-0.002658000058748346,-0.07997326913651064,-0.15028200115195411,0.03235708905737539,-0.030103663548747207,-0.011217911473774532
-0.010826238557949001,0.015430779087820635,0.04318040805798651,0.024939907263061806,-0.024208561345654356,-0.05487640189737507,0.0901612083336142,0.00014175547699576683,0.05434978224771171,-0.08232407580205159,0.07421243680149006,0.03891240793765897,-0.04077919908927073,-0.016510832044428898
0.014810763764887937,0.1083153027638748,0.05371445639816523,0.0236070128818769,0.01262703068660157,-0.1047103691730626,-0.12587378607424105,-0.056188360397563544,0.10681060616272717,-0.07355656088482738,-0.08491521067850845,0.006471111208042946,0.05982506826245145,-0.0018434374501981763
-0.05719347973815568,-0.059193116485926296,0.03985196903696426,0.029527247006776933,0.03577083914581553,-0.012908711255199797,-0.0799088758732745,-0.03548846365168167,0.10822483293209621,-0.022701475405486712,-0.06818857717422926,-0.0009016374311852981,0.032755855911609955,0.08170953835847697
0.04970565160003362,-0.06696049854136384,0.040456006012941456,0.012805179643369524,0.03267848184144846,-0.06598850807737981,-0.03012569602778962,-0.056065320292593125,0.14958343955414113,-0.075097105798108,-0.005197555659745903,0.01098830821341667,0.04029471108027947,-0.04016678852530475
0.044585372615150595,-0.039834073740455195,-0.10769207187725864,0.015246693324414695,0.013024735581895382,-0.058282944838331525,-0.10281853816040332,-0.10856897655774729,0.11161757083045432,-0.08450103854879729,0.036720108819788884,0.01070081193484335,-0.08081670183513001,0.07100231449498329
0.024332249173957914,-0.10215317700338966,0.13273678825312094,0.02271942511150305,0.018739108111781443,-0.009346167715490255,-0.10560943178123869,0.0016188464171753994,0.10798868017185849,-0.08412978281387383,-0.028722937692987685,-0.013239940129340532,-0.06620113482281864,0.02994395805290253
0.08386322050487441,0.04029675884936018,0.0859433230943311,0.03925309504647522,0.021756179778211693,-0.12092970681008915,-0.10563916966892344,-0.04799763374390237,0.15405878720487,-0.03579150555678099,-0.05344858970635925,-0.026367192597595412,0.052394834945323016,0.03829384163410269
0.0295230707088766,-0.07643546782437768,0.000350026960097872,0.016642166274426842,0.06298053124028176,-0.04059567915599363,-0.0895011859066705,-0.042502491326524866,0.12434137852747372,0.0769936984071155,-0.007847455309963032,0.003275499976221239,-0.03475383091538939,-0.02880498313900245
-0.0033194971093653955,-0.07429960487311102,-0.050334579021125064,-0.015205062569816337,-0.005893621276513594,-0.026432975453244464,-0.046454412122779495,0.015651298288403424,0.16867315022983517,-0.05750434002278536,-0.05998712406147787,-0.018432615327078034,-0.021047189177457157,-0.07176101068030814
0.038383128140528106,0.02735022927536556,0.09166084696566686,0.008756782212395947,0.010637185500196124,-0.0628651524269391,-0.02576669802909662,0.006595947555103931,0.15594068348819445,-0.017647816014544987,-0.07536126399121597,0.010082242182784428,-0.02380439941077383,-0.025143802062635466
0.05583002503910589,0.04401080609899204,0.12631845535705544,-0.008441584512740016,-0.0002713539772655362,-0.04379976981314194,-0.08631790026291339,0.0311919747980407,0.1293658207701182,-0.03867526064790934,-0.04794424620827286,-0.0329874492511366,0.02339149610111473,0.2150974367398463
0.04854525973199913,-0.029549858030504337,0.014175080376749546,0.024663163502485742,0.026594868024695812,-0.07387119007731593,-0.10951919625176881,-0.039442788542821024,0.14376685563831254,-0.040394206053987004,-0.009568187389974185,-0.018055586387029778,0.016181134495399343,0.08133235756621467
0.1013670265864504,-0.03245051276194518,0.1272892810581371,-0.009647816491378471,-0.0070652335727504414,-0.055912307378944336,-0.11726750640333361,-0.038731866799772745,0.07598306391687121,0.04527728338196835,-0.023766567083872574,-0.06638635619813729,-0.02551714141763792,-0.13915124073656795
0.0815766519671834,0.010702461280990607,0.1270971367495996,0.03208322018172958,0.027735014508009376,-0.03216109566832873,-0.0928841149964071,-0.11325689709100209,0.061244027200134506,-0.049245836004535075,-0.11745263935620076,-0.0422276323629763,-0.018030182916749328,0.02550965889442026
0.05785634097598051,-0.0741490895012172,0.014529147558473988,-0.00888217783504839,-0.014769794353708803,-0.004796142034566289,0.008182840570542844,0.08398846398214024,0.16356209206220743,-0.055327371592038536,0.1343302856409787,-0.0073992963658802225,-0.08627037168169065,-0.09587175943285875
0.03224732219667584,0.021959208471364126,0.0695019123001181,-0.011423326909061756,-0.008343818861834475,-0.051118826778973434,-0.016251804931468328,-0.13232448135056665,0.08202090276836498,-0.08046163036397513,0.040061629854833684,-0.0003997089846179639,0.0007010377241829239,-0.142381928120295
-0.011826442133033143,0.007176588333065046,0.15516858138414255,0.00768026740823771,0.04501052158382223,-0.024915865215181486,-0.05605853406660003,0.038382874376369634,0.08010741976912458,-0.032192869234867416,-0.11733451239587854,0.017521436266434313,-0.12623514750099765,-0.08178296308057673
0.06348102008413364,-0.0173059355235614,0.0938838680715038,0.02522811556478522,-0.07197418976345797,-0.0003363014112674436,0.021073946675036433,-0.08944027908354663,0.15539984905789905,-0.05226709650898891,-0.0825463554116797,0.021084981489820086,-0.018677985684976126,0.03335201194510111
0.021361135319882027,0.028412450809633977,0.13923101089529696,0.03749691237797777,-0.032447243117033585,0.0045449519286487735,-0.07974881834929642,0.050209484717597556,0.16726307238275914,-0.052173812186060584,-0.05545685003495592,-0.039680054753973404,0.06095811374090831,-0.0660303494967996
0.06799632756793612,-0.02080781713440014,0.12723691991615052,0.012789535864684448,-0.00912115811560139,-0.1370868848863505,-0.06516743096155735,-0.0933506092372494,0.08956873750074587,-0.006663717384987901,-0.19561609188211615,-0.015221345419429218,-0.06713522721560385,0.12263813654033813
0.006594098821097175,-0.04293371324579181,0.19364490115972777,0.048442243826471956,0.011736589418269583,-0.03616123469337898,-0.06210264853748056,-0.05095107646397445,0.10436264852041645,-0.06942081005158875,0.010110381755989488,-0.04253450317495354,-0.043848619289044974,0.02009085428425975
0.053497068544937555,0.06609207238141025,0.018421514628808314,0.023621243486408882,0.004273050549711315,-0.06754852939156442,-0.05393986809129837,0.01962241807364295,0.15713622423062548,0.04288122294240372,-0.05059999850134163,-0.01795821981690087,0.05801429198200642,0.09395907844558667
0.03733515014701544,-0.06718651567860659,0.04479989825755174,0.002101074898312931,0.04216552886021463,0.04183914496854291,-0.011204989160693011,-0.0693237931002163,0.11807369288066698,-0.020016025990948167,-0.026811403381226843,-0.006483391098583497,-0.036103029637758036,-0.16675175953578755
0.04204267446922344,-0.1379927129243292,0.12729095218759184,0.01033591509868836,0.020506307528963773,0.013683529994079595,-0.0799103314336778,0.07735225448708746,0.14396904695314336,0.011985885787193682,-0.10417175613885211,0.03242098173779902,-0.044150174041578484,0.030157130882605278
0.1120050888597261,-0.07845518063757861,0.09885918371729263,0.018370381186387934,0.04403374297036805,-0.042565886851902573,-0.04995807529352195,0.05093291701485931,0.16692133689179303,-0.05335171964419939,-0.024964797071456653,-0.03329025339162391,0.021587671913286505,0.11931030652611142
0.03413092786423117,-0.09548262746928976,0.1884723255202961,0.019013683164344198,0.03673577973793097,-0.017910607346241593,-0.07829391897874782,0.026739774684167706,0.1548899319067099,-0.020748421264435338,-0.10708990308020605,-0.012870297737082809,-0.018232619154755075,0.1901670800506421
0.055080598880373796,-0.07238264571989036,0.06783826056257644,0.02428786249700302,0.026653705488362,0.025526734874235645,-0.03980288535265558,0.026171334638913118,0.17960288839684868,-0.09546834643208686,-0.03925814249370242,0.008248703649041117,-0.010954634698010028,0.00724507647069982
0.024518388597817922,-0.038274993472108124,0.10666394972772107,0.0003831681730309106,0.02719711577157222,-0.021669710440390663,-0.02843065382855896,-0.09635549151725979,0.1798306562028427,-0.007613039430139499,-0.07958254560741532,-0.00541728638498982,-0.06005577095318249,-0.1981489311947674
0.08077069774620262,0.07004323551844782,-0.17331750867793583,-0.0015056828388690816,0.09858729913734715,-0.0019362315146229047,-0.026931284812055787,0.014985060450314175,0.12475309984183625,-0.07063295555958977,-0.10188840501807081,-0.016807565728534236,-0.1261944145993864,0.125286931349979
0.05328854298503152,-0.0946797852458909,0.06497742392001894,0.021630371671248216,0.026420020019546978,-0.002795098266121313,-0.1526367512547906,-0.03687539620297452,0.15650861290558135,-0.00541685779433678,-0.14849285794589107,-0.00899080195292256,-0.08537265410150946,-0.0075665714083234725
0.06098619833998486,0.0035520167005613588,0.054373801933181816,0.03575942883134826,0.010991404709903448,0.005261218531880288,-0.1116966490563252,0.0070560989545973285,0.09972663988735665,-0.003393982120099393,0.03783829800523513,-0.02843054844909117,-0.0423604863069035,0.09270416085952071
0.047590663586322766,-0.05616315761177459,0.09724239300092999,0.015495056242025377,0.00609044248848203,-0.07128626793059936,-0.07435883260751269,-0.06902491119241103,0.13779877099583726,0.004839294650084199,-0.05596024461993978,-0.0007943060846190918,0.010492256719903465,0.05619293271025148
0.058538452947054356,-0.047134289640619775,0.16318006771420038,-0.008911694749592245,-0.023559460875914994,-0.013341250104675687,-0.04595278325610121,-0.030800979332094407,0.12099892474039727,-0.12064091346959284,-0.15974332209171233,0.031040864686836665,-0.03728837725031485,-0.031260396207141126
0.13434947752672222,0.03213355628920581,-0.0004555037025308009,-0.006509459597562682,-0.01925669890829106,0.035013903979202995,0.010709065881580958,-0.041855067069809355,0.12374210443216034,-0.08024477638227538,0.046534870621432356,0.028574835875479626,-0.12088945376643398,-0.11313099477700732
0.10247438746413454,-0.06207484984256568,-0.08376484757188961,-0.02987656839075143,0.032446012185066445,-0.07122614750849095,-0.08831259840679319,0.0386829676562616,0.12952437010046708,-0.04252349960175131,-0.06907535292813924,0.05541466355519004,-0.0669441674431879,-0.07178588205461842
0.08253004939589187,-0.08615617669917015,-0.12867886667765172,0.016216675043630512,-0.03744199964943192,0.008562252406223088,-0.0011247270908359961,0.03882019525389304,0.14530617773059598,-0.0005141470319756162,-0.07715761134166263,0.008514493343021899,-0.027313715188398573,0.031833029277271704
0.05504104671658588,-0.08173892948008653,0.008951017302144544,0.03865656639587897,-0.004270056852304878,-0.03772410889318902,-0.023429556299260305,-0.03263630471074781,0.0629179134502089,-0.06853793562714484,0.03786204636360592,0.0020972945440283467,-0.08345722885165703,-0.022700114628265176
0.022344466903883062,-0.06103505070975555,-0.00031753985594206,0.002142548100986957,-0.04836959847515338,-0.01124195132855521,0.05854565724131273,0.06075255529065691,0.13263541976141685,-0.09074115457844752,-0.06413389096792387,-0.038232181103623995,-0.10813486809337224,-0.0630667986623455
0.00532441945867275,-0.04252010703464309,0.10752431710362022,-0.00893422782785381,-0.023736351719758034,-0.03366803813714424,-0.003154813414370787,-0.011179970499845248,0.1385764936499884,-0.09916560862570498,-0.0941845001915827,0.014887593880214274,-0.026612303739549547,-0.08695011970384173
0.052468482760743514,-0.12119912802665528,0.04699941574152683,0.007062816798868793,0.03112931390519543,0.07909110297747682,0.0480990336346936,0.0010714025352159577,0.17195259285517228,0.10227133530757034,-0.10309126068802876,-0.008451633335919273,0.20184846409809565,0.021910105967558127
0.08028961120771094,-0.07441924894182199,0.06894077211435738,-0.014522563255406054,-0.030249799979722797,0.005983174762305836,-0.061075547626798773,0.12588064307726501,0.2188062118646621,-0.03321052844769289,0.021266035513913668,-0.018070512012125714,-0.008104046763592738,-0.11536702815158507
0.03253683075261812,-0.03335733655386858,0.0948084919181679,-0.0016302567503416773,-0.027099604918954093,-0.05463685440397106,-0.0047340804839612425,0.015175184534399228,0.1643875104661066,-0.12623033163782657,-0.10669407500722679,-0.021293080408962224,0.03150047022664594,0.10007616692754538
0.09672862311257782,-0.13225434278573012,-0.010099807318026312,0.013234531481601797,-0.016529868594758065,0.008510123577229611,0.02637064040028248,0.012183958485140698,0.19877454613934256,-0.060767513760137976,-0.11311225793392049,-0.03874255039286493,0.0412161045701334,0.006768709891766511
0.02839679291889903,-0.1300424864118088,0.08326975880268868,-0.0035134402818238664,0.007892411305138033,0.009894159159459504,0.0199800324715194,0.08265972960591554,0.2109920036631419,-0.012250417806462533,-0.19670031810550198,-0.043341217847600796,-0.010416653035513193,0.014210384592434781
0.09568500844985535,-0.014848595890353821,0.05895379446897721,0.03255741695702321,-0.015012588314160856,-0.001909723550621459,0.0024011280206967522,-0.014739895692384916,0.14754398490815065,0.04203042518804108,-0.01767090016360359,-0.04083809205473509,-0.03237153665226969,0.01683305596115043
-0.016160005230349498,0.013679152203011401,0.004919038190472041,0.03509434063479232,0.0166801206931236,0.021728264513991166,-0.05777254332369744,-0.020077537469441877,0.2853605396398378,-0.04122566051398391,-0.07321722984250359,-0.06923151008731063,-0.06808904091300992,0.057266282122712
0.06280648507318123,-0.05297468418686168,0.09511841062756697,0.005592598550582152,-0.008402250805368607,0.0804758941594541,0.01417206048294331,0.08641767523541583,0.15960648948287562,-0.045732827538652446,-0.10095459570735775,-0.08822369488163016,-0.20046029188302933,0.0729558087110095
0.06960630474565738,-0.06420613724175636,-0.08716610321221221,0.021256268783991415,-0.0007075046992232759,0.04252105128113151,-0.00725029667109522,-0.13874090704297254,0.14727042044208744,-0.03818868529957238,-0.10429735004967353,-0.03420447887655559,0.0015500064660361145,-0.08706732813826883
0.01184335235924551,-0.082709415771282,-0.031314864939711126,-0.020907933574549935,0.020268323384359507,0.01309953715092683,0.016839029646109113,-0.08772712645344456,0.15150534606428734,-0.03920702243901673,-0.13553632812105473,-0.056736960241773174,-0.10342463146185406,-0.06649142762351834
0.020209181429830903,-0.1112483451332853,-0.0019797531353964067,-0.032021173522303145,0.024775183336447248,0.03706459796159361,0.015113758419443122,0.05612077892405334,0.11909424238287708,-0.0920847080342504,0.05645136672147786,-0.039255181708668534,-0.2184708973912582,-0.10643997757419901
0.059863434196730465,-0.06193941555597122,-0.11794728821943358,0.019915382831054432,0.07402293686667787,-0.005857048331788292,-0.07293400109692903,0.020461555205798447,0.11825344455841129,0.06610725701356701,-0.026276815368748506,-0.07774986778381057,-0.15141523543385413,0.01229170396362738
0.02294519675160009,-0.06539948722021974,-0.019660118854061118,-0.0078036947810849475,0.00819307476947051,0.0204857391498956,-0.05990950613599401,0.0072156384228992615,0.11093225027335317,-0.041173013751453644,-0.05733679340919519,-0.04296633211966665,-0.037376834516194904,0.01973723449015682
0.04051444342031464,-0.13112394012966264,0.03746388999948619,-0.008261134001671173,0.020155848544457292,0.06597944603556327,-0.04638514085405093,-0.01789769977635845,0.16298510288853577,0.00803129363979145,-0.14811372519679608,-0.05919474648211721,-0.08095862803918447,-0.13741545157778806
0.05249240516617517,-0.010643361272003988,-0.0022342990357812694,-0.011367243905540747,-0.06375221648649948,0.0057875321176236,-0.09583924533190806,-0.10974881889052493,0.11668314780615027,-0.08390486843140527,-0.026145119123258474,-0.0719690595208457,-0.05629479071763756,-0.056015449627826966
0.0341426433114243,-0.07013227850568542,0.1864552325091959,0.003974004378980546,-0.04943074864202321,-0.021949215154925244,-0.10208969063415037,0.08770870917699042,0.09089516820011728,-0.033331247416436845,-0.11938933737325903,-0.09420482187476181,0.016946688149949783,0.060218507163470346
-0.010814473844435912,-0.034615871593814095,0.1291276233523165,-0.004628589460773994,0.0018101357198769621,0.01932020452600803,-0.02529467284850669,0.01534068361011812,0.1286362768043007,-0.05616854443809109,-0.10271571522749283,-0.0660720271612725,0.015900478572065283,-0.029078140649697236
0.12359277030160871,0.004809371754059224,0.07399971895008499,0.0023319484192327166,0.011846730320930346,0.03450781816943975,0.0014909155844703126,-0.01938433855668089,0.11964470032525795,0.038311043594908355,-0.14801360195565819,-0.052117749309419384,-0.1327744051866342,-0.006793888740096188
0.03728415536593807,-0.11207369887378782,-0.039897739049403066,-0.022831485003261254,0.02060408078553889,-0.03246814342522823,-0.053693031338971166,-0.02271373607612868,0.1952883706036155,-0.10135806486432179,-0.049729329841660994,-0.026264343920604328,0.008823563438301256,-0.09139259296348468
0.07852921477809001,-0.001000211366961133,-0.04438838760916033,0.030196051492200043,0.01710126618752865,0.06388506479970693,-0.05706385649615752,-0.059591297409882074,0.13892375983906566,-0.048144072412721575,-0.15202393966995764,-0.04152165681477106,0.023217632925503138,-0.03614622769515278
0.008569122698910383,-0.05262498678967819,0.07382352010148292,0.0038943068379995545,-0.03201126201079051,0.002156877904750387,-0.06715889384740334,0.07985024681922247,0.12156501257890895,-0.04717289453937929,-0.08879528272898006,-0.05454592348019633,0.005426063235168396,0.035248914543618226
0.06600677677330541,-0.11255667603433671,-0.0556864322966378,0.02679284718676086,-0.03570009340231615,-0.0637632267320454,0.05481726613249202,0.036901113310834885,0.11398565635264157,-0.003495929421336249,-0.11988685195020554,-0.02880597949730717,-0.07556069910658106,0.049935121009462326
0.04132787204981279,-0.0026405632213205503,0.06309562840347646,-0.014423541133473616,-0.04930429133045751,0.029380943278341693,-0.01198866853594997,0.06062537372051769,0.1312683886218281,0.024868107562078787,0.008959952955524023,-0.04628623040530457,0.009220409351925751,0.010054624567855773
0.03128284517196071,-0.054784766014588475,0.07176693218192133,-0.01756603560757945,0.00350617008560584,0.07931152068126766,-0.04260995779749104,0.02290424853099018,0.13602246310024618,-0.08013248361315985,0.039391433240718754,-0.04160822092803914,-0.13603017159876807,-0.0007004725056406105
0.05010502418658395,-0.08465904266408406,0.16014357821866795,0.016989017559536385,0.05690499056307214,-0.007324934162895725,-0.005700337248831568,-0.003141557028518775,0.2242021120020244,0.00444100438691372,-0.031077733641286298,-0.014047373645669691,-0.015209832153795037,0.0651952678361059
0.04967684616147522,-0.07861062882974226,0.17095926581146043,0.025397846032109598,-0.0048654594697766914,-0.041876359157411676,-0.10212386739502244,-0.004078063502147238,0.22583965196116446,-0.058893770513738904,-0.051232681382389345,-0.06963059338458745,-0.002237367205773478,-0.01720742684590211
0.05348280522691024,-0.06556132198227434,-0.17810138433953848,0.009671113325765718,-0.016355544362764506,0.008943293621830254,-0.06012358142117224,0.025092807558020947,0.20907126690121783,0.009088621816396558,-0.0689428732797907,-0.08245271947161192,-0.16382109890253707,0.1364450997514556
0.027757711064783426,-0.05692502289104028,0.1539181622171752,-0.011944100938095134,0.04583323561506035,0.06585509508156115,-0.1258557435377908,-0.015881922807006437,0.1765994437359866,-0.046789824095696986,-0.061401987710297014,-0.05098311694887096,-0.10797748732002627,-0.11909445712159
0.09195547891712547,0.024273854285393952,0.03615743635787318,0.0021877698030789857,0.07878726818740626,-0.1058463577193492,-0.11181465326047334,-0.04158898806056684,0.16132893429305362,-0.11975935833259838,-0.11236947583872187,-0.03636712585759863,-0.11087354627689992,-0.13531955138092105
0.15202346685923984,0.04833581848379881,0.018968195968024848,-0.04031754331719772,0.06581267070874176,0.04275408226025323,0.010909686907145666,-0.010153308145249576,0.11394201185846735,-0.01818725920279239,-0.14070469094641977,-0.06109953019625001,-0.09047990067847607,-0.025042015888660143
